Price;Close;High;Low;Open;Volume
Ticker;IBM;IBM;IBM;IBM;IBM
Date;;;;;
2000-01-03;56.67101287841797;56.671012878417976;54.65577533267617;54.930578325962244;10823694
2000-01-04;54.74736022949219;55.93818454641552;54.16721554929149;55.69391269172647;8606279
2000-01-05;56.67101287841797;58.50305232738004;54.777911295940314;55.17485025249052;13318927
2000-01-06;55.69394302368164;58.10612402902561;55.449671035957536;57.64811502672923;8338607
2000-01-07;55.449676513671875;57.61758574545326;54.04511439487824;57.281712703839;12402108
2000-01-10;57.648109436035156;58.31985538775812;56.36568357422546;57.281701489983114;8933363
2000-01-11;58.136634826660156;59.17478839340957;56.97634531683766;57.5870250322031;8235472
2000-01-12;58.38090515136719;59.60226065068837;57.77022545233482;58.44197117189864;7116775
2000-01-13;57.77023696899414;59.11373257469499;56.54887732744791;58.59465375235176;8880226
2000-01-14;58.4420051574707;60.243510342553236;57.40385101477335;59.08322018902409;11460604
2000-01-18;56.54887390136719;58.50304920944512;56.18246992984668;58.47251424557037;7995519
2000-01-19;58.38090515136719;59.60226065068837;55.05270371569843;56.45726507410111;9031687
2000-01-20;58.136634826660156;60.94575761859752;58.13663482666016;60.090806017085896;18601436
2000-01-21;59.3580207824707;60.09083286963435;58.594669822462414;59.54122282957526;8230660
2000-01-24;59.3580207824707;60.0297668201813;56.94583580353975;59.54122282957526;6798163
2000-01-25;58.197696685791016;58.38090253666729;56.670999455957904;57.03740725896706;7255997
2000-01-26;57.037437438964844;58.594670451040564;56.67102944207966;58.16719640404723;5120275
2000-01-27;55.449676513671875;57.8618577573083;54.53365841858832;57.64812072162156;8707532
2000-01-28;54.503108978271484;55.785534750804786;53.77029313718256;55.08325387778073;6976192
2000-01-31;54.83897018432617;55.113777040557466;53.55654468648648;54.41149631796088;6488024
2000-02-01;53.73978042602539;55.419149782696884;53.31230629105283;54.90007070559056;7640716
2000-02-02;55.449676513671875;56.57943164444218;53.92297838895072;54.71686047810676;8062254
2000-02-03;57.22062301635742;57.40382500020777;55.72445658702198;56.18246934413598;6499635
2000-02-04;56.4878044128418;57.8618309181256;56.09086160301267;57.73969496885078;5653944
2000-02-07;55.754981994628906;57.09847727466221;55.26643825643498;56.67099955437082;6045357
2000-02-08;58.10612869262695;58.19782608914714;56.82235343280253;57.18914301888328;5715658
2000-02-09;57.40312957763672;58.56464076127778;57.21973081541258;58.19784713967818;5621936
2000-02-10;58.25897216796875;58.25897216796875;57.158595305944885;57.55595209945693;4651144
2000-02-11;56.424983978271484;58.41177880398631;56.02762345198986;58.22838403976196;6013872
2000-02-14;56.76126480102539;56.9140965198168;55.99711401276914;56.73069767669703;4753024
2000-02-15;57.28084945678711;57.43367716374816;55.69141086218073;56.66952692040004;5415665
2000-02-16;56.608375549316406;57.3725294637888;56.363846608912965;56.97516895992159;4149377
2000-02-17;57.09748458862305;58.13673156506437;56.60842626962714;56.97522000887407;5478425
2000-02-18;55.018951416015625;56.70008721347025;54.52989344563995;56.363856931701605;8026376
2000-02-22;54.285369873046875;55.47744781898353;53.18499323283422;54.77442789218474;8006921
2000-02-23;53.18498229980469;54.04082975451518;53.06271782015365;54.04082975451518;7777324
2000-02-24;54.04084396362305;54.28537298721981;52.909900156623884;53.215559484695945;9531152
2000-02-25;52.81819534301758;53.73517710151446;51.320454307768976;53.73517710151446;10786561
2000-02-28;51.10649108886719;52.084607020680934;50.831398910179914;51.16762528602911;8869975
2000-02-29;50.25065612792969;51.62612907415583;49.364237367162026;51.62612907415583;10967205
2000-03-01;49.02803421020508;51.59558649132493;48.93633675077579;49.88388627152834;11304959
2000-03-02;50.434051513671875;51.56499542816889;48.661217875508896;49.15027596918808;11707773
2000-03-03;52.81819534301758;53.796307397418886;51.870646485144874;52.45140185904938;10630289
2000-03-06;50.403499603271484;54.28539451364355;49.394819908087115;53.76577305958468;11241780
2000-03-07;50.372920989990234;52.32915350798687;49.7310351221589;51.8400953784877;10496715
2000-03-08;51.96236038208008;52.2680197643647;50.250660816159;50.37292144679408;8761714
2000-03-09;52.81819534301758;52.81819534301758;50.92309762727217;52.08460837508119;6625469
2000-03-10;51.473297119140625;53.307261035801744;51.35103259784002;52.634808120072414;7419487
2000-03-13;52.665374755859375;53.30726055982012;50.12839084008453;50.861974058489956;8233066
2000-03-14;53.123870849609375;53.79632382412766;52.51254818966166;52.695946939070176;8340490
2000-03-15;52.329158782958984;52.940481506456514;51.9012309250863;52.57368787235799;5926531
2000-03-16;53.3072509765625;53.704611571518356;52.757062685955965;53.30725097656249;6927135
2000-03-17;53.79632568359375;54.621610327336974;52.66538165073578;52.94047783293304;9264736
2000-03-20;55.1412353515625;55.446894739400086;53.765762252020615;53.79632545881041;6865421
2000-03-21;55.508026123046875;56.088781662264324;54.743871838217004;55.17179964274713;7083094
2000-03-22;55.87481689453125;56.42500529793452;55.69141815816475;55.997081417826216;6420139
2000-03-23;56.36386489868164;56.66952812479523;54.5910353597527;56.66952812479523;6791050
2000-03-24;58.992549896240234;59.78726725882987;56.272167479252914;56.42499909227513;12683378
2000-03-27;62.04916000366211;62.72161287010271;60.94877939261113;61.132178112543514;12408593
2000-03-28;59.909515380859375;62.1102759561252;59.69555352286463;61.49895357410691;8524482
2000-03-29;58.19784927368164;59.87898579194502;57.95332018364883;59.81785156801241;7648666
2000-03-30;60.03178024291992;60.15404472010903;58.04498541573187;58.13668279791204;9579268
2000-03-31;57.89216232299805;60.520847016164;57.25027665087323;59.97065873965026;8383899
2000-04-03;59.66498947143555;59.84838814681912;58.41178145150957;58.68687751316152;8070518
2000-04-04;59.26764678955078;62.07972664976751;56.27216821075378;59.420478404559695;17433891
2000-04-05;61.1322021484375;61.498995829670044;58.56465028265902;58.93144396389156;9093401
2000-04-06;60.03178024291992;62.59933036104457;59.97064995574869;60.398573674487245;9296220
2000-04-07;60.21521759033203;61.468426359404056;59.420499929526585;60.398612472498996;5627794
2000-04-10;59.72615051269531;61.31558559866383;59.451054327380206;61.009926206084835;5760636
2000-04-11;58.38125228881836;59.48163334756062;57.61710170293993;59.48163334756062;8094680
2000-04-12;55.630279541015625;58.50348955513635;54.62159639874057;58.50348955513635;9293919
2000-04-13;54.101985931396484;55.90538286054415;53.79632265663197;55.018967949993375;8615274
2000-04-14;51.35102844238281;55.14122439314133;50.311782046850134;53.704617359825086;12323972
2000-04-17;54.71330261230469;54.896697434887926;50.52574586627661;50.80084200299935;10428097
2000-04-18;54.529869079589844;56.30270147860818;53.826849537022845;54.896662393474195;8582953
2000-04-19;51.35102844238281;53.67405025626149;50.281214943286535;53.67405025626149;15349527
2000-04-20;50.86197280883789;51.47329539486257;49.914423776211635;51.35103087765763;11122432
2000-04-24;52.084632873535156;52.42085941627457;49.51708118093503;49.88387483742777;8915163
2000-04-25;55.018951416015625;55.26348040120347;52.054040397748416;52.08460749660868;10016914
2000-04-26;54.04084396362305;55.7219800251388;53.30725689283279;55.018960058010066;6467209
2000-04-27;54.101985931396484;55.32462732190957;53.15443680475347;53.55179359795969;6608105
2000-04-28;54.529869079589844;55.11062418419538;53.85741662222456;54.77439795551274;5113476
2000-05-01;54.77442169189453;55.3551770481692;54.01027155062664;55.01895067378356;4389121
2000-05-02;54.46876525878906;55.569141831873424;54.13253886685511;54.28536656137681;4272910
2000-05-03;52.87935256958008;54.34652725266283;52.1152020159447;54.040863908929325;5798815
2000-05-04;52.63481903076172;53.39897342300438;52.42085704984541;53.368406310630945;3798340
2000-05-05;52.757080078125;53.612931847872;52.08462706760523;52.14575738544857;4911075
2000-05-08;53.73880386352539;54.04483585260839;52.6983036972669;52.91252374509126;5048937
2000-05-09;53.37156677246094;54.16724680239743;53.004334644867065;54.10603884276101;5088685
2000-05-10;50.43368911743164;51.749617441800666;49.97464498923075;51.65780939767182;10473284
2000-05-11;51.13756561279297;52.637114176689884;50.52550928075535;50.923345505824074;8479085
2000-05-12;51.13756561279297;51.780229841256975;50.55610936206711;50.80093345790509;5857286
2000-05-15;51.01516342163086;51.35179561577554;49.9440588543208;50.92335144431686;6179559
2000-05-16;53.37156677246094;53.49397878417762;51.412978492550245;51.474186452186665;7600027
2000-05-17;52.82072830200195;53.31037647520476;51.963843998897055;52.63711219082949;5778627
2000-05-18;51.93324661254883;52.5453029532429;51.25997838569356;51.96384669429337;4787751
2000-05-19;52.11686325073242;52.637115443801264;51.41299493514365;51.933247128212486;6714483
2000-05-22;53.49399185180664;53.49399185180664;50.64791872237219;51.90263921830689;7080792
2000-05-23;52.575927734375;53.86125281022275;52.45351563631526;53.37160441798382;6253929
2000-05-24;53.67763900756836;53.86125520905627;51.01518064063914;52.147489667452454;8560673
2000-05-25;52.14747619628906;54.962949942181346;52.08626820656545;54.10606543895732;6242110
2000-05-26;52.36167526245117;52.484087285052695;51.198763001514976;51.65780710938155;4494557
2000-05-30;54.32027053833008;54.350874524712985;52.72891795221679;52.7595219385997;3783905
2000-05-31;52.54530334472656;54.22846806306894;52.4840992732241;54.10605601250663;3904195
2000-06-01;51.902626037597656;53.34096618447303;51.65780201653138;52.6676981727627;5975275
2000-06-02;53.27977752685547;53.73882175576161;52.6983212430705;53.37158559112519;5725072
2000-06-05;55.238380432128906;55.91164490239872;53.09617103666141;53.09617103666141;7616344
2000-06-06;55.024139404296875;56.125847758572554;54.473287180937554;54.96293533839341;5616392
2000-06-07;59.24736404418945;59.6145963243659;54.59570957378047;55.08535782409276;11626813
2000-06-08;58.63526153564453;59.88998134346825;57.53355376526311;58.451641620136805;9754578
2000-06-09;58.60468673706055;59.12493886448661;58.206846645054924;58.69649478673664;4957099
2000-06-12;58.191558837890625;58.97193325930733;58.191558837890625;58.32926898294952;3807754
2000-06-13;58.42107391357422;58.72710206550686;57.16634950326896;58.20684990890852;4192996
2000-06-14;56.799110412597656;58.75770298694867;56.554286340803785;58.206846871633985;5525600
2000-06-15;57.196937561035156;58.268041655826124;56.73789350720418;56.79909755752215;5634070
2000-06-16;55.45258712768555;57.625396084256536;55.452587127685554;56.952131777438176;8416325
2000-06-19;58.941341400146484;58.941341400146484;55.452602917704745;55.57501499994262;6337923
2000-06-20;56.98272705078125;59.09433161447464;56.49307893614683;58.757699512552655;7430575
2000-06-21;56.06464385986328;56.76851211141588;55.57499570094721;56.584892098043824;6785402
2000-06-22;54.748695373535156;55.97281141528411;54.47326740805272;55.88100339597518;5076343
2000-06-23;54.77931213378906;55.636192390729065;54.259060057027035;55.57498833275758;3515501
2000-06-26;56.01872634887695;56.676688484764;55.26895227142371;55.33016023246785;3792691
2000-06-27;53.73880386352539;55.238352013408374;53.24915971459381;54.65689592321816;6911863
2000-06-28;55.71270751953125;56.40127375030288;53.800020940127695;53.861225003780845;6732684
2000-06-29;55.81983947753906;56.003455648146655;53.89185014836714;54.71813073121819;8042171
2000-06-30;53.64700698852539;55.42197960871403;53.18796281697486;55.17715552954615;9008780
2000-07-03;53.61640548706055;53.800025508726456;53.03494924897341;53.24917325884318;2410402
2000-07-05;51.41297912597656;51.719011112816766;49.515594874769675;51.719011112816766;14999222
2000-07-06;49.57683181762695;51.474217178039616;48.96477139369408;51.41300918186709;13527604
2000-07-07;51.4435920715332;51.4435920715332;49.760427573246275;50.280679697008125;9447158
2000-07-10;50.58669662475586;51.38237271936521;50.3724765886175;51.259960711920996;4405961
2000-07-11;49.944061279296875;50.92335391684136;49.45441300674566;50.55611771242794;5878311
2000-07-12;51.22936248779297;51.84141863952557;50.25006639293094;50.52549439649992;5805823
2000-07-13;50.92334747314453;51.87203990427816;49.94405495951696;51.6272157989819;5930506
2000-07-14;50.89275360107422;51.35179787763234;50.49491340453015;50.80094161971625;4204920
2000-07-17;51.65781021118164;52.820722541945074;51.01514998460242;51.137558106997446;6937804
2000-07-18;50.58669662475586;51.32116866942111;50.25006458117329;50.984536625838544;6749524
2000-07-19;53.24915313720703;53.616385226655794;49.45438507571612;50.12764911644652;8139344
2000-07-20;57.41117477416992;57.68660285189068;54.71811369581956;54.840525740633545;24108626
2000-07-21;56.18704605102539;57.28875030792079;55.69739797793572;57.28875030792079;9378854
2000-07-24;55.085330963134766;56.61547904544406;54.65689090680828;55.88100702812219;7127862
2000-07-25;54.84051513671875;55.51377929923526;53.98363098870726;55.452575242441235;5822977
2000-07-26;53.80002975463867;55.02414639627102;53.310381534962715;54.350882047995356;6977238
2000-07-27;54.0142707824707;54.59572729152498;53.524622373254665;53.800050580328445;4233580
2000-07-28;54.748695373535156;55.08532738270501;53.310355409991175;54.4120633643653;5601958
2000-07-31;54.96292495727539;55.6667930737859;53.89182079203468;54.106040843571556;5348721
2000-08-01;54.106056213378906;55.05474863186952;53.98364416236214;54.84052851947953;3134339
2000-08-02;55.94223403930664;56.248262196990495;54.22846541511691;54.35087745970189;6148283
2000-08-03;56.799110412597656;57.043934484391535;54.993537767563986;55.33016988939133;5823500
2000-08-04;56.7379264831543;57.043954727719175;55.97285001040465;56.79913056904395;4665683
2000-08-07;56.952125549316406;58.2680539378696;56.70730148132712;57.105141568698926;6182592
2000-08-08;58.271968841552734;58.63961581394493;56.64819764743375;56.709474098796804;6000588
2000-08-09;58.210697174072266;59.22172342934871;58.210697174072266;58.333246166705365;6888328
2000-08-10;58.700923919677734;58.94602203344126;57.78180794902994;58.21072769215069;5736369
2000-08-11;59.12984085083008;59.71194786535315;58.42518478525316;58.700921128106955;6424950
2000-08-14;60.416622161865234;60.631082087940854;58.486478915252825;58.82348792936192;5177072
2000-08-15;59.80381774902344;60.11019212295659;59.19107682501305;59.83445596880234;4579493
2000-08-16;59.987648010253906;60.26338418672203;58.578336729511534;59.34426490247104;6219516
2000-08-17;60.04893112182617;60.202118348176796;58.578347049418674;58.700896048113385;4537966
2000-08-18;59.03791046142578;60.477860355786504;58.88472322042823;59.9876643141378;4317365
2000-08-21;59.52810287475586;59.895749883583804;58.85408140260675;59.34427741437734;3382973
2000-08-22;59.4974365234375;59.89572157272633;59.3136150618748;59.40552579265615;2896792
2000-08-23;60.416622161865234;60.661720337932174;58.76221142937927;58.97667135545489;4446755
2000-08-24;61.182533264160156;61.48890391973618;60.14086834088514;60.29405171270794;6263762
2000-08-25;63.2352180480957;63.66414161393511;60.90679036356468;60.93742859939535;8659834
2000-08-28;64.4607162475586;65.28792133266944;63.60287292286907;63.66414940202642;8929284
2000-08-29;65.13470458984375;65.8087259960992;64.215589113593;64.46068709551703;6317840
2000-08-30;63.87858200073242;64.46068874471274;63.5109350184403;64.09304176242061;5155525
2000-08-31;64.71343231201172;65.77807524580155;64.52194734963366;64.64449631726156;5721097
2000-09-01;65.50236511230469;66.1457445139958;65.01216904705649;65.22662884762019;6042010
2000-09-05;64.30750274658203;65.34916726024713;64.12368120790597;65.10406926739313;4301257
2000-09-06;64.43006134033203;66.11510540229172;63.90923096188248;64.15432507931614;6770758
2000-09-07;65.37977600097656;65.93124428022077;64.64448235403287;64.64448235403287;4835449
2000-09-08;63.48028564453125;65.16533303948657;63.419013114206685;64.9508733154584;5223410
2000-09-11;61.02933883666992;62.86757037881432;60.60041918668421;62.68374878937187;7968114
2000-09-12;61.274471282958984;62.193587569816934;60.814913139530006;61.18256043665962;5231778
2000-09-13;62.59183883666992;63.14330752434591;60.17149643422806;60.3553219380734;5725386
2000-09-14;62.19354248046875;63.327117890844775;61.917806229542975;62.74501107039096;4629073
2000-09-15;61.274471282958984;62.37741317434782;61.15192218391577;62.162949317073085;5733858
2000-09-18;60.416622161865234;61.76466213023342;60.32471132382308;61.397014866133006;4113709
2000-09-19;61.24380111694336;61.8871845296453;60.07958723865426;60.17149803706021;3494686
2000-09-20;61.15190124511719;62.04037897501089;60.539155959709035;61.121263002864076;4836076
2000-09-21;59.55873489379883;62.10162154982255;58.82344095280569;60.87613164816733;4500101
2000-09-22;60.722938537597656;60.937398257769715;59.46681061328467;60.29401518532549;6202885
2000-09-25;60.294071197509766;62.07103096273107;59.31368243568302;61.029365702828585;4488386
2000-09-26;58.39451599121094;59.74255484747957;58.0268690304104;58.82343940144252;6503191
2000-09-27;57.84306716918945;58.976642749726516;56.617576883260256;58.854093721133594;6222549
2000-09-28;56.495025634765625;58.2719845235746;56.372480522917876;57.53669429283932;5553319
2000-09-29;55.208248138427734;57.32221530166683;54.04403467855072;56.617559580587134;10035952
2000-10-02;57.751163482666016;58.63964111535454;55.20827180441362;55.20827180441362;9280321
2000-10-03;54.19723129272461;58.51707713359517;53.92149503686479;58.2719791088152;12284433
2000-10-04;56.06609344482422;56.31119143746032;53.21683221437618;54.105313415664284;12205669
2000-10-05;55.48398971557617;56.15800727611201;54.68742315204025;55.790360267111794;5802162
2000-10-06;56.8626708984375;56.92394736434316;55.269537551905266;55.88228265131367;6389386
2000-10-09;57.81243133544922;58.51708730114576;56.035472303006216;56.83204297791279;5123308
2000-10-10;56.31120300292969;57.4141441963196;55.11635102140639;57.16904615334406;5872453
2000-10-11;54.901878356933594;55.36143610192839;52.69600039857279;54.840605816501046;9179487
2000-10-12;50.55139923095703;56.066096546493796;50.55139923095703;56.004824000909515;10151325
2000-10-13;53.46195602416992;54.135977785373534;51.07225530985782;51.07225530985782;9510860
2000-10-16;54.47297668457031;55.45336503618755;53.21684811891784;54.6567982780204;8065078
2000-10-17;55.392066955566406;55.82098641729245;53.216823600976824;54.87123282753197;9291095
2000-10-18;46.78302764892578;48.590624674247415;44.24014043249478;47.42640705513768;31147579
2000-10-19;47.273231506347656;48.28425813065558;45.43499594588298;48.039160055926956;18793377
2000-10-20;46.446014404296875;47.18130452534766;46.170278163947096;46.629835956577274;9800183
2000-10-23;45.526893615722656;46.56855808742682;44.63841244943496;46.446009095936404;9768176
2000-10-24;44.822265625;46.2622122760231;44.20952028843105;45.58819436176283;9232205
2000-10-25;42.92274856567383;44.57715869190328;42.61637400189481;44.362694932485816;14705191
2000-10-26;45.46562957763672;45.5269060460768;42.95337652211923;43.13720201550967;10601942
2000-10-27;45.925193786621094;45.9251937866211;44.607792564421544;45.58818489944081;6727244
2000-10-30;45.741355895996094;45.95581566495199;44.27076791699174;45.833266666701626;8455864
2000-10-31;48.28423309326172;48.590607483769666;45.95580650265655;45.95580650265655;11404120
2000-11-01;48.31489562988281;48.95827904419917;47.671512215566466;48.253619156171666;7809645
2000-11-02;49.96929168701172;50.153113232908105;48.28424389793559;48.52934190041681;7787575
2000-11-03;49.080814361572266;50.306304471644836;48.713171240479845;50.24503192210589;6117531
2000-11-06;49.17271423339844;50.18374033554378;48.743790868183424;48.95825450675502;4653131
2000-11-07;50.15311813354492;50.73522496833526;49.35655150361016;49.57101129875459;5669948
2000-11-08;49.08190155029297;50.92247129166661;48.71378681863707;50.861120794843565;7312377
2000-11-09;48.80582046508789;49.08190752667359;46.965250499600174;47.486743495265394;9464103
2000-11-10;45.64617919921875;48.28433346653323;45.64617919921876;48.10027409697973;7121063
2000-11-13;47.82418441772461;48.80581989326054;44.97129787111905;45.063325584933935;9084405
2000-11-14;48.83650588989258;49.02056526754359;48.34568610536589;48.7138009437609;5387841
2000-11-15;48.77512741088867;49.11256484005999;47.916193280422284;48.83647789032674;4351674
2000-11-16;48.222991943359375;48.92854456217271;48.222991943359375;48.71381183764829;3911726
2000-11-17;50.03286361694336;50.308950644851606;48.22296716592264;48.25364437278042;8072400
2000-11-20;50.67705535888672;50.67705535888672;49.51136080767926;49.818125005516215;7768224
2000-11-21;48.34565353393555;51.22921586686289;48.345653533935554;50.67704202282738;7511012
2000-11-22;48.34565353393555;49.48067450019401;48.25362586556443;48.345653533935554;5791807
2000-11-24;49.05121994018555;49.940831441054904;48.71378244568529;48.77513685390653;2612385
2000-11-27;48.31499099731445;50.06353681138573;48.314990997314446;49.296630202841406;4044045
2000-11-28;48.038909912109375;49.450014370457794;47.793500100491755;48.468375123987336;5019859
2000-11-29;48.98987579345703;49.05122629271814;47.45606630905698;47.9775592619475;5778732
2000-11-30;45.89159393310547;48.10027918293847;45.2780691645665;48.10027918293847;11141364
2000-12-01;46.9345817565918;48.74447875491433;46.3210570184395;46.351734234573875;7871255
2000-12-04;48.28432846069336;48.6831165390527;46.99592867502001;47.118633603032066;5822873
2000-12-05;50.73841094970703;51.41328593365467;48.89784138733873;49.29662937016892;8163193
2000-12-06;47.48673629760742;49.971507724537965;46.53577424840292;49.940834435493706;10561357
2000-12-07;45.70751953125;47.087946751078945;45.70751953125;46.65847763251247;8286412
2000-12-08;47.60945510864258;48.59109465048079;46.99593431190061;48.10027487956169;6423068
2000-12-11;46.627803802490234;48.222963604608225;46.014279295173466;47.364029294364755;6470138
2000-12-12;46.07564926147461;47.1799938413996;45.40077397664074;46.75052846321573;8277312
2000-12-13;44.7872428894043;47.425397055127945;44.5111597210658;46.56646250307032;7314260
2000-12-14;45.370086669921875;45.9836113001145;45.06332631327876;45.15535402858105;6413444
2000-12-15;43.10003662109375;44.51114082777486;42.85462685324442;44.173703376208294;14910207
2000-12-18;44.419124603271484;44.419124603271484;43.376134687323095;43.376134687323095;8047715
2000-12-19;44.23506546020508;46.351722325312394;44.08168333584908;44.265742668457484;8059744
2000-12-20;42.21044921875;43.19208884794655;41.62760166814137;42.14909870037885;13158052
2000-12-21;40.032432556152344;43.16140232421366;39.29620299299447;41.965030263308726;13310873
2000-12-22;43.68289566040039;43.86695107763732;41.47420715212078;41.47420715212078;9951644
2000-12-26;41.627567291259766;43.958955568387026;41.35148039431953;43.68287258835081;6330706
2000-12-27;41.56624221801758;43.25343007202221;41.014068086792044;41.596915512158446;8624375
2000-12-28;41.842308044433594;43.28408936389635;40.30849904683391;40.983377825949226;10249336
2000-12-29;41.71964645385742;42.670609254047875;41.35153144246994;42.670609254047875;7263110
2001-01-02;41.627567291259766;42.9466434744462;41.29012992661283;41.474185246636964;8375531
2001-01-03;46.44375991821289;46.62781928999634;41.10610472391016;41.10610472391016;13357315
2001-01-04;45.73819351196289;48.959194323915646;45.49278370246712;46.50510014586361;16129843
2001-01-05;46.13697052001953;46.474407919789066;44.664512138947636;46.10629332452109;8413187
2001-01-08;45.9222412109375;46.106296563047394;44.94060222127215;45.89156401328428;6343781
2001-01-09;45.43143844604492;46.995925182713684;44.87926826947613;46.35172337929497;7894267
2001-01-10;45.86089324951172;46.59712259504724;45.001962929958864;45.40075088777833;8008281
2001-01-11;45.98361587524414;46.259702965526635;44.78724370656234;45.615501060503064;10078210
2001-01-12;46.04496383666992;47.33336354887873;45.33941152005781;45.983609417709104;6744608
2001-01-16;45.523460388183594;46.13698490491902;45.06331797985844;46.01428000157193;5932807
2001-01-17;47.45604705810547;47.977539799447996;46.290352792864006;46.81184553420653;10174442
2001-01-18;53.16183090209961;53.990088036856875;50.79976440360315;51.22923353226979;26406165
2001-01-19;54.6036262512207;55.92270333968407;52.6403511836585;52.76305612018781;15441261
2001-01-22;53.28457260131836;53.95945200754561;53.1005170740163;53.74471533648195;10060951
2001-01-23;53.529972076416016;53.959441417346284;52.82441949871736;53.775382009259694;10278937
2001-01-24;54.204837799072266;54.69565362514882;53.468608184597386;53.52995869401695;7071901
2001-01-25;54.35820388793945;54.542263208894305;53.71400605686196;54.05144357555576;5211277
2001-01-26;56.04539108276367;56.566883965351046;53.59129702194442;53.806029615768956;9513579
2001-01-29;56.434383392333984;56.68960904617477;55.20242999918921;55.217153652239965;5360750
2001-01-30;57.23444747924805;57.30316181069629;55.65891790887363;56.44423070913884;8621132
2001-01-31;54.97172164916992;57.303110703058906;54.97172164916992;56.81229113026011;8696653
2001-02-01;55.977928161621094;56.12026465540486;54.579094814101424;55.168076245449896;5837517
2001-02-02;54.12260437011719;55.94845416175846;53.79375665908452;55.3398375645447;5678106
2001-02-05;55.0797233581543;55.26623470843329;53.64653108321612;53.69561384211202;5348930
2001-02-06;56.046627044677734;56.7828565689677;54.579079796480116;55.0846231297684;7872614
2001-02-07;57.44708251953125;57.78613614334572;55.36363774430081;55.72234528669963;9421217
2001-02-08;56.06629943847656;58.080955174171535;56.03190508649369;57.44707326682589;8766317
2001-02-09;55.034385681152344;56.50360550415947;54.5430066073504;56.031884259841426;6609465
2001-02-12;56.459381103515625;56.86230972588962;54.19904062552662;54.32188538721603;7038848
2001-02-13;55.894309997558594;57.67801230626475;55.56016996602224;56.090860881265876;7524087
2001-02-14;56.557647705078125;57.08342494678576;55.28006547545141;55.89428920945258;7356413
2001-02-15;57.38314437866211;58.29710947395632;57.18659363073579;57.392975249221564;8471240
2001-02-16;56.5085334777832;56.87706393073255;55.987669522964076;56.28741128464254;7398358
2001-02-20;54.78866958618164;56.80331967509886;54.43487588341208;56.28737346625292;7058722
2001-02-21;52.82809829711914;54.788697232884665;52.71999395760584;53.830510372754205;9578117
2001-02-22;53.5111198425293;54.493874181766536;50.79870767067049;52.33181071407383;12247614
2001-02-23;51.103355407714844;52.82318211202763;49.26068786017851;52.82318211202763;15979324
2001-02-26;51.742149353027344;51.987838895215724;50.037066910481514;51.987838895215724;8727929
2001-02-27;50.4105224609375;52.5136243246861;50.395782027266;51.545606438321315;10238143
2001-02-28;49.08872985839844;50.87735008773416;48.69562797641978;50.58743519498586;12482127
2001-03-01;52.110679626464844;52.28266307693789;47.90939427066394;48.79387498542517;15796692
2001-03-02;50.26803207397461;52.896907877805084;49.59975583524893;51.10337443135297;15423793
2001-03-05;51.5505256652832;51.88957920576609;50.43509939643668;50.51863245126206;7054119
2001-03-06;52.086097717285156;53.26540631521267;51.71756353534724;52.20894244459779;8493520
2001-03-07;52.847755432128906;53.191722380173076;51.91904937805444;52.798616736498225;8147189
2001-03-08;52.31709289550781;52.74458915914283;51.77657483425875;52.661056082577225;7106106
2001-03-09;48.78898620605469;51.59967279334423;48.105969456537174;51.594759314103776;17455753
2001-03-12;46.92173767089844;48.35164601291397;46.690788523637394;48.10595643192248;15161561
2001-03-13;48.346736907958984;48.37130822110323;46.28786007213815;46.7301044950206;12685783
2001-03-14;46.66129684448242;48.597328417694875;45.86526648413343;46.87750552608619;14901944
2001-03-15;46.95611572265625;48.09119931070866;46.76447838654492;47.17232436116319;8807320
2001-03-16;44.273197174072266;46.14043611384093;43.33957770418794;46.14043611384093;20950752
2001-03-19;45.50165939331055;45.59993288806772;43.830970768722274;44.715451828395;10706333
2001-03-20;43.38870620727539;45.2215503769112;43.290432766948726;45.01025522567535;10565751
2001-03-21;43.771995544433594;45.01027032611081;43.11846381042105;43.462426849014285;11519598
2001-03-22;43.781829833984375;44.71544955423911;43.06933232808773;43.79166071219459;13941297
2001-03-23;45.94879150390625;46.67603305683585;44.366554092158374;45.943878027578606;12796346
2001-03-26;46.87751007080078;47.00526833272702;46.066735278923986;46.80380398451577;8975935
2001-03-27;48.89216995239258;49.13785956392191;46.17484771137886;46.18958814694145;12396355
2001-03-28;46.39104461669922;48.376215084372916;46.31242505240534;48.10595420497075;12437463
2001-03-29;46.70060729980469;47.69810588278832;46.31733256171793;46.41560602407922;11039170
2001-03-30;47.26077651977539;47.938879452447594;46.749743562216665;47.418015619930316;9896520
2001-04-02;46.51387023925781;48.204211742748406;45.98318349718679;47.884816218100255;9191202
2001-04-03;44.41569900512695;46.50896961944375;44.273196407532915;46.48440223436046;13943180
2001-04-04;45.206809997558594;46.2141353972402;44.248623283040196;44.445174102323215;14137318
2001-04-05;48.25828552246094;49.13785295866294;46.94139110708813;47.074062852060386;13081381
2001-04-06;48.130516052246094;49.13784152108978;47.36888010471745;48.15508343582956;14041713
2001-04-09;47.17233657836914;48.51871175605255;46.09130094859539;48.40078045384557;9922984
2001-04-10;48.67102813720703;49.0886971378938;47.447494149287614;47.663698863851046;10982372
2001-04-11;47.87501525878906;50.091131231852096;47.074067313809124;49.87492642139017;12027326
2001-04-12;47.27058792114258;47.909378907926076;46.75464165653813;47.36886526743336;9822045
2001-04-16;47.540870666503906;49.083800747903226;46.779234542203916;47.2706136988803;9611171
2001-04-17;48.99042892456055;49.07887542601457;47.66370395315977;47.66370395315977;10415336
2001-04-18;52.33180618286133;54.051629068641645;50.26801636710268;50.61197937571057;20725758
2001-04-19;56.24811553955078;56.95079014243302;54.272775280095274;55.034411635124314;27010230
2001-04-20;56.42498779296875;57.19645468943405;55.89430088560937;56.189125202422154;13346019
2001-04-23;55.034385681152344;56.04171121389821;54.877142652132775;56.022057305784635;8930225
2001-04-24;55.36363983154297;56.38571029979272;55.18182931366616;55.72234738746528;9144132
2001-04-25;56.43477249145508;56.434772491455085;55.02943279755106;55.03434627106091;7173991
2001-04-26;55.889400482177734;57.343880261832396;55.859915690777036;56.48396665344469;7684021
2001-04-27;57.098175048828125;57.442138045321094;56.287400366859316;57.393003275372315;7730568
2001-04-30;56.57732009887695;58.00722830045763;56.370938361435904;57.196457468458796;7695631
2001-05-01;58.233253479003906;58.30204607199384;56.459378648158456;56.926186369455166;8149177
2001-05-02;56.7050666809082;58.449456685591194;55.88937861803618;58.13006111169882;10152685
2001-05-03;55.869747161865234;56.55767731988755;55.20638831889081;56.31198769763875;6880588
2001-05-04;56.93109893798828;56.93109893798828;54.64127773555436;55.03437938104716;9080744
2001-05-07;56.95074462890625;57.61410302414113;56.508504391626644;57.098156734209766;6368676
2001-05-08;57.905189514160156;57.92978661089424;56.82284658782982;57.683799939102144;7955667
2001-05-09;57.550960540771484;58.14133004941502;56.72444715478285;57.167222323209344;8033489
2001-05-10;56.67525100708008;58.49554985732628;56.67525100708008;58.298761322990536;8361619
2001-05-11;55.007442474365234;56.15866068455747;54.58926845959212;55.96187222005641;8776149
2001-05-14;55.37645721435547;55.68148090068873;54.60898054132479;54.70737679863753;5496521
2001-05-15;55.878257751464844;56.158684277620544;55.346929066704334;55.83890239769752;6143576
2001-05-16;56.970458984375;56.97045898437501;55.199357527601784;55.34694800696153;8155348
2001-05-17;56.61127471923828;57.60505980521257;56.6014358848997;56.97041572926309;7204534
2001-05-18;57.77727127075195;57.895345176085534;56.52766035310265;56.6112944001671;7023785
2001-05-21;58.5644416809082;58.98753930492105;57.831404876897714;58.02819346510721;8796232
2001-05-22;58.05767822265625;58.88911082894323;57.683778931788176;58.88911082894323;6281544
2001-05-23;57.757606506347656;58.52016376832113;57.61001604471201;57.954395097233046;6697120
2001-05-24;58.839942932128906;58.839942932128906;57.80679804021383;57.80679804021383;8081814
2001-05-25;57.954383850097656;58.98752865938678;57.93470617266201;58.800578945409725;5888039
2001-05-29;56.709693908691406;57.851069824755584;56.61621709235104;57.73299591259548;6085628
2001-05-30;55.420745849609375;56.13410510150487;55.10096384523455;56.08491089015046;10040240
2001-05-31;55.002559661865234;56.01602701398866;54.92384500890177;55.42073788105043;7033409
2001-06-01;55.538814544677734;55.88811696886977;55.051760489522074;55.34694536023972;5375289
2001-06-04;55.90777587890625;56.45386672483976;55.51911821986406;55.71590675889381;3987561
2001-06-05;57.54607391357422;57.85601710069921;55.86844516587323;55.907804464248386;6437502
2001-06-06;57.806800842285156;58.544760954265215;57.314827434298444;57.85599896830649;10066913
2001-06-07;57.68381118774414;58.17578462726569;57.56081782786375;57.56081782786375;6719190
2001-06-08;57.11801528930664;57.80677699108076;56.8720286868079;57.80677699108076;3241659
2001-06-11;57.73793029785156;58.12166864878337;57.11804406138829;57.21644032239763;6843664
2001-06-12;57.68381118774414;57.954395009035565;56.847458696225644;57.43782446798336;7637369
2001-06-13;57.334503173828125;58.28401002659774;57.32958375434069;57.68380158800093;5965547
2001-06-14;56.94585418701172;57.10820684445975;56.07998512563029;56.87205895221309;7847615
2001-06-15;55.88808822631836;56.79823554762564;55.77985317503352;56.6260441344201;13043725
2001-06-18;56.21770095825195;56.793308134508194;55.74540547448603;56.07503000007736;5421209
2001-06-19;56.498165130615234;57.68382020591324;56.360413488280656;57.19676611055279;6435829
2001-06-20;55.63722229003906;56.571967375637556;54.98289601878252;55.83893035743422;9234402
2001-06-21;55.39614486694336;56.42928605090762;54.78609742770152;55.1747552268859;8530967
2001-06-22;55.528961181640625;56.29643771868543;55.34693088614469;55.39612900608386;5865131
2001-06-25;55.420745849609375;56.52768627513977;54.99272872802639;55.96191750953597;5936991
2001-06-26;55.61259460449219;56.109487365387125;54.658168363428366;54.73196357944105;7407667
2001-06-27;55.8487548828125;56.173456261297396;55.32234548864449;55.642127446706404;5035549
2001-06-28;56.62607192993164;57.53622362410844;55.96191089401835;55.98650799678782;8557326
2001-06-29;55.838905334472656;57.388616697271;55.59291865603871;56.87204624300488;9913360
2001-07-02;56.25708770751953;56.77366216283235;55.57324903952264;55.83891343441219;6185103
2001-07-03;55.583091735839844;56.178376955541054;55.47485663185281;56.13409824461658;3478787
2001-07-05;55.15013122558594;55.720819094053695;54.99761747710118;55.396117849628666;4622274
2001-07-06;52.395111083984375;54.55978977586687;52.05565141005883;54.55978977586687;12243012
2001-07-09;51.51938247680664;52.616479729492205;50.992973200468484;52.39509408167147;9740980
2001-07-10;50.16153335571289;51.85391950578648;49.984422492429744;51.52429880046405;10738864
2001-07-11;51.09135818481445;51.22910975829312;49.96474065167962;49.98441832614451;9304588
2001-07-12;52.76408386230469;53.03466767958356;51.96216732482091;52.09991894357694;9169654
2001-07-13;53.3938102722168;53.77262919649397;52.20323594932943;52.22291363076297;8202523
2001-07-16;53.04448699951172;53.81196731292807;52.778822700231316;53.39378926420414;5575285
2001-07-17;53.3938102722168;53.418407374008716;51.53415159333959;52.19831652897105;9060870
2001-07-18;51.302940368652344;52.93629043036056;50.77160749707066;52.19833007177664;12207134
2001-07-19;51.16517639160156;52.149123374977314;50.722401034305264;51.952334763524966;14272147
2001-07-20;52.001529693603516;52.00152969360352;50.68796196513943;50.869992302891866;9405318
2001-07-23;52.0753059387207;52.616473408007025;51.80471827796522;52.00151073164641;6606222
2001-07-24;51.41608428955078;52.22292037195293;51.06186634745495;51.58335638166895;7635591
2001-07-25;51.603023529052734;52.00152403094943;50.540362067517066;51.41115437114444;6534990
2001-07-26;52.14912414550781;52.14912414550782;50.63876770233356;51.53415727181151;8816420
2001-07-27;51.50954818725586;52.12451491792365;51.219282791068984;51.534145286037315;4546439
2001-07-30;52.0753059387207;52.27209446628957;51.53905396205286;51.60792975039635;4216217
2001-07-31;51.76044464111328;52.64107557875328;51.73092420197072;52.099904171522105;5860738
2001-08-01;52.67061233520508;53.379056033560914;51.80966266813354;51.8293403510499;6313761
2001-08-02;53.52663803100586;53.85625879822459;52.74439921947769;53.37904758027826;5936155
2001-08-03;53.22163009643555;54.161298476367676;52.6903011758589;53.03468030472998;3874489
2001-08-06;52.40004348754883;52.82314127413856;52.04582153699254;52.76410428237918;4368933
2001-08-07;52.27210235595703;52.82311267198378;51.785048419196215;52.05071277520651;4214648
2001-08-08;51.32627868652344;52.26718665895591;51.28194155613423;51.72530106614524;6692308
2001-08-09;51.27206039428711;51.49866789627664;50.59224181960998;51.0848640891236;7074307
2001-08-10;51.70067596435547;51.70067596435547;50.64646408528645;51.158790324869216;5496521
2001-08-13;52.148948669433594;52.533193255142365;51.552874218656825;51.72529287059068;6301522
2001-08-14;52.31642532348633;52.63662904644552;51.922325107212664;52.464210447531535;5993789
2001-08-15;51.73024368286133;52.50858898071412;51.73024368286133;52.39035921569104;4929693
2001-08-16;52.094757080078125;52.22776451212332;51.06517899357638;51.331193857666776;6501099
2001-08-17;51.523319244384766;51.96667868833978;51.18341177882672;51.96667868833978;7328485
2001-08-20;51.281925201416016;51.725284570031846;50.64151766133676;51.567647605378085;5870884
2001-08-21;50.19324493408203;51.7105197719076;49.95185958601098;51.158782395072826;6815631
2001-08-22;51.212947845458984;51.25235904404017;50.129181163038425;50.493721973216616;8398334
2001-08-23;50.74005126953125;51.577511101976555;50.74005126953125;51.23267377537123;5726118
2001-08-24;52.70561599731445;53.1046383446799;50.942029921857234;51.208044820100866;8066647
2001-08-27;52.64155960083008;53.301670739865436;52.533181736943476;52.70560035107357;4749781
2001-08-28;51.70067596435547;52.79429513490375;51.661264741582166;52.66128766357315;6075273
2001-08-29;51.29669952392578;52.168640474946564;51.14398847885082;52.094747906965374;5062954
2001-08-30;49.439517974853516;50.93708870196827;48.70058442955997;50.61688495193284;15706213
2001-08-31;49.237571716308594;49.932168540436074;48.88780838264059;49.75482391764502;8500424
2001-09-04;49.99618911743164;50.80408552031456;48.912418171104775;49.33607394353099;10346823
2001-09-05;49.43459701538086;50.65629729697065;49.07005611536619;50.00111200390335;12427212
2001-09-06;48.27693176269531;49.597158050251565;48.104517069645794;49.597158050251565;9459083
2001-09-07;47.58232498168945;48.350813863685794;47.29168066239913;48.22765829172805;10990322
2001-09-10;47.52320098876953;47.98134182965904;47.08969361629789;47.291671545902915;10785829
2001-09-17;45.98131561279297;47.222719464462635;45.592145186102016;46.2571822617657;15828909
2001-09-18;47.48875427246094;47.66116902068161;46.14881998707803;46.30646093353813;12871030
2001-09-19;47.291690826416016;47.7104167160324;45.54288290127571;47.48873899764004;15568141
2001-09-20;46.0108642578125;47.16852747909872;45.73992355830142;46.35570144927369;15881313
2001-09-21;44.582271575927734;46.0601388868223;44.089653070255665;44.63153460588278;19209476
2001-09-24;46.70054626464844;47.065087180806415;45.22268289193623;45.22268289193623;11717083
2001-09-25;46.52813720703125;47.29170449677169;46.01581102749496;46.35572246442902;13153555
2001-09-26;44.97636413574219;46.528119827293494;44.483741783646366;46.528119827293494;14417123
2001-09-27;44.3359375;45.07486677767735;43.099456244830506;44.97634470858923;13778226
2001-09-28;45.183265686035156;45.670962146142436;44.28669517543851;44.43448031371067;11586751
2001-10-01;45.670963287353516;46.050281892183634;44.99607046730112;45.18326681505984;9075305
2001-10-02;46.19316482543945;46.257205610654374;45.37048644132557;45.46901254071515;7553375
2001-10-03;47.759708404541016;48.089764191141164;45.518276740504355;45.764588085180684;11628382
2001-10-04;47.93703079223633;48.71044585397794;47.68579365179359;47.85821229928976;10235215
2001-10-05;48.286773681640625;48.498603469379674;46.98132932134954;47.61188491355146;10154777
2001-10-08;48.523231506347656;48.76954264546954;47.66114251942104;48.291698092063115;7419696
2001-10-09;47.85328674316406;48.52324983510518;47.666090363973126;48.52324983510518;7871464
2001-10-10;47.90746307373047;47.93209655125875;46.7498036373776;46.79906666114188;11126197
2001-10-11;48.96662139892578;48.96662139892578;47.53801668469086;48.12916536086102;12030674
2001-10-12;49.675987243652344;49.75480573677143;48.27693835150036;48.621775647247475;12030255
2001-10-15;50.24742126464844;50.6218139694161;49.18828390428482;49.18828390428482;10673593
2001-10-16;50.17352294921875;50.740037895352714;49.09468199006516;50.183378699024146;12495516
2001-10-17;50.69078826904297;52.56274814358803;50.69078826904296;52.36569994265135;19790843
2001-10-18;49.88286590576172;51.109491693586655;49.6464065963478;50.764658476767444;11186865
2001-10-19;50.56765365600586;50.611986866008216;49.29668574541696;50.07503098340012;12313407
2001-10-22;51.84844970703125;52.109538680534456;50.19816752754607;50.56763439124451;7974599
2001-10-23;52.12433624267578;52.55784007310476;51.50363203682858;52.09477684029076;7771048
2001-10-24;53.48395919799805;53.57263345517014;52.26225862247168;52.46423275957372;8674687
2001-10-25;54.51351547241211;54.60711166460325;52.58736339122847;53.22777080503633;10128836
2001-10-26;54.75984191894531;55.22290892791634;54.001204572912734;54.1884009543218;10609055
2001-10-29;53.50857925415039;54.533235352799664;53.50857925415039;54.434709291495615;7398149
2001-10-30;53.52336502075195;54.06524660561062;53.084931483775385;53.10463512503042;9021855
2001-10-31;53.237667083740234;54.74016477242058;53.237667083740234;53.99137888437156;7507874
2001-11-01;54.13420867919922;54.272145950137485;52.661271200861364;52.83368984106459;8393104
2001-11-02;53.942100524902344;54.33620093875219;53.58248935193456;53.76968577084274;6502877
2001-11-05;54.17363357543945;54.4790597225524;53.73519996497462;54.16378175316062;5971091
2001-11-06;55.966773986816406;56.55299273905141;53.69578370674184;53.991358003844695;8901146
2001-11-07;56.15419387817383;56.820055549327535;55.74974724921537;55.75961122512017;10595666
2001-11-08;56.13446044921875;56.99761336267983;56.035816763651994;56.20844419742963;8358795
2001-11-09;56.26765441894531;56.67210510585185;55.784291901035296;55.784291901035296;5278011
2001-11-12;56.652347564697266;56.67207944966007;55.26637256496175;55.73494283857553;5866386
2001-11-13;57.55989456176758;57.70786205613815;57.06666433234143;57.06666433234143;9640668
2001-11-14;56.40080642700195;57.63388208127608;55.89771218984106;57.55989832924832;8463918
2001-11-15;56.59809112548828;57.377392274524006;56.14924883701489;56.27748836625223;7336435
2001-11-16;56.47480392456055;56.72141909825118;55.51300317270944;56.72141909825118;6967929
2001-11-19;56.7214241027832;57.11600684104461;56.114750092194335;56.573452623826824;5158140
2001-11-20;56.938411712646484;57.60920514296694;56.35146992120501;56.40078978390761;6749001
2001-11-21;56.39588928222656;56.84472783639293;55.75962333672687;56.696760293393524;4377196
2001-11-23;56.89404296875;56.903906945290046;56.09007771086628;56.37122072297683;1792844
2001-11-26;57.37739944458008;57.411927292678385;56.82004944058725;57.16531217699761;5077598
2001-11-27;56.326820373535156;57.36260466803334;56.26270059957849;57.33794079426953;7211229
2001-11-28;55.31568908691406;56.415592939310315;55.29102915413758;56.2774855073345;6444615
2001-11-29;56.44028091430664;56.49946871852003;55.148017135768114;55.685639362694324;6410620
2001-11-30;57.01239776611328;57.185029101034;56.12951708176717;56.44025191016748;5855299
2001-12-03;56.292293548583984;56.6474163126638;55.83852316683902;56.622756376319046;6051947
2001-12-04;57.53032302856445;57.569782880616145;55.922396051739504;56.37616663768211;6888851
2001-12-05;59.87810134887695;60.16417249214335;57.53525669991826;57.633904364858715;15319925
2001-12-06;59.25657653808594;60.026013443506606;59.08887723710656;59.43413980921562;11742082
2001-12-07;59.38484573364258;59.68078466692237;58.57101661923063;58.94093930179454;7206103
2001-12-10;59.01984786987305;59.68077741789532;58.89654032399576;59.18754723438615;5827161
2001-12-11;59.92742156982422;60.53902367270401;59.088928276796985;59.38486731763864;8151687
2001-12-12;60.76591491699219;60.77084690665135;59.21717176038914;59.7399980895657;8344883
2001-12-13;59.31083679199219;60.32195678706818;59.24671704502847;59.952034261629414;8431806
2001-12-14;59.730098724365234;59.917526041162276;58.89654174097465;59.58213124020969;7359656
2001-12-17;59.84850311279297;60.24308588469119;59.2615609443835;59.2615609443835;6490535
2001-12-18;60.27264404296875;60.652430608908944;59.853397650072075;59.93231730398505;5853625
2001-12-19;61.10621643066406;61.50573497965371;59.68571740533716;60.12469185516496;8424379
2001-12-20;60.51925277709961;61.160450297207845;60.24797781154811;61.10619451686916;6636661
2001-12-21;60.17401123046875;60.91385659874746;60.03097571883406;60.51927397678947;9057419
2001-12-24;59.902732849121094;60.41075902916846;59.73010148553073;60.19867176725556;1730502
2001-12-26;60.371299743652344;61.01250139479791;60.08029674630522;60.17400844181645;3928462
2001-12-27;60.913841247558594;61.12593240392197;60.489662870974165;60.543918656645204;4002205
2001-12-28;60.617889404296875;61.1012554493445;60.346614470186374;60.91382820087108;4407739
2001-12-31;59.661048889160156;60.785612826129324;59.65611690193913;60.54392970772678;3674284
2002-01-02;59.92742156982422;59.92742156982422;59.088928276796985;59.483511040489375;7178489
2002-01-03;60.99274826049805;61.268959135755715;59.31083882543429;59.92737638896992;9018298
2002-01-04;61.94961166381836;61.94961166381837;61.15057888574326;61.18510278239544;8791839
2002-01-07;61.185123443603516;62.24063555494684;61.01249602976627;61.65369368838606;6212822
2002-01-08;61.505733489990234;61.75234860882903;61.02729921476857;61.28377830857801;5556143
2002-01-09;61.40217590332031;62.339312903797314;61.23447646024191;61.50575554994884;7154535
2002-01-10;60.24306869506836;61.16047751091239;59.88794587614784;61.037169937860405;9336910
2002-01-11;59.34044647216797;60.26278706920465;59.32565051139426;59.92739227761985;5018499
2002-01-14;58.22573471069336;59.23192281653724;57.75716849534971;59.18753494326201;10487928
2002-01-15;58.62031555175781;59.03955793181833;58.06296577068536;58.225729162803376;5907703
2002-01-16;57.905155181884766;58.57101679978104;57.83117143237258;58.20109411607681;5613150
2002-01-17;59.13825225830078;59.45885124664299;57.836124411395296;59.11359231156089;11666770
2002-01-18;56.35149002075195;56.67208892338203;55.64123651079268;56.351490020751946;19288449
2002-01-22;54.501861572265625;56.35640665022354;54.418013862472606;56.35147466353822;10596398
2002-01-23;53.2194709777832;54.871789001956245;52.77556458418234;54.64983777322729;13134308
2002-01-24;53.62392044067383;54.12208265567607;52.81009135233356;53.66338027589477;8976249
2002-01-25;53.90013122558594;54.595584741963464;53.31811735480168;53.51541259407013;7072843
2002-01-28;53.34279251098633;54.358845101878416;52.80517034893256;54.00865030786027;7419173
2002-01-29;50.80265808105469;53.54501688078322;50.51165501461873;53.34279354360107;15176832
2002-01-30;52.060394287109375;52.15904193030414;49.81620173394156;51.41919641477572;18528112
2002-01-31;53.21451950073242;53.2589113046768;51.52274226309127;52.47960645563128;10331342
2002-02-01;53.26878356933594;53.9099811210724;52.59799016498126;53.09122026205304;7112277
2002-02-04;52.67694091796875;53.26881900261639;52.277426162940145;53.26881900261639;6905587
2002-02-05;52.430294036865234;53.51540189125288;52.28232657314981;52.40563410496012;7047634
2002-02-06;52.662437438964844;53.250153484502036;52.02039403773352;52.697006884466376;6976611
2002-02-07;51.31907653808594;52.845164979050146;51.294380139649256;52.66736746390856;7587475
2002-02-08;51.85246658325195;52.21300011497556;50.67703070714891;50.86964370190521;8723012
2002-02-11;53.03285217285156;53.18595332620817;51.615414145145294;51.85741604802209;6560407
2002-02-12;52.63279724121094;53.28472150251978;52.380918398311515;52.72169797478377;4769551
2002-02-13;53.37364959716797;53.57613970031981;52.41058402754105;52.69703248045427;5320897
2002-02-14;53.28469467163086;53.90698372795761;52.94391526675411;53.83289850684027;6083850
2002-02-15;50.8153190612793;51.75863004593168;50.22759916682705;51.75863004593168;19042012
2002-02-19;50.030029296875;50.276969543344535;48.82496294359657;50.128806971995814;14012111
2002-02-20;49.04724884033203;49.38802459567112;47.906381965959916;49.160838131221354;15193359
2002-02-21;47.60015106201172;49.239832381817614;47.41741508960766;48.77064425389733;10597758
2002-02-22;48.62247085571289;48.99288120873851;47.293934439020454;47.60014048850826;10953294
2002-02-25;48.54841232299805;49.017596625222644;47.96563088733553;48.62249364005097;10358329
2002-02-26;47.98046112060547;48.987976718863095;47.40755653921559;48.894137472462404;12169687
2002-02-27;48.3162841796875;49.541104927424875;47.758199181672566;48.44963132963199;12529720
2002-02-28;48.45954132080078;49.190485839024795;48.311378595792824;48.64227745035679;8304194
2002-03-01;50.879520416259766;50.919028345453015;48.64718052882694;48.696569381652225;10975573
2002-03-04;52.301902770996094;52.61304748070841;50.93385374668421;51.04250845581156;11263014
2002-03-05;52.18830490112305;52.598227299068604;51.44254930428371;51.48699572931334;7909957
2002-03-06;52.49943923950195;52.889607593896265;51.73392588547097;51.931477337349925;8041020
2002-03-07;51.22030258178711;53.09210920740893;50.98817770266928;52.99333148908903;11476607
2002-03-08;51.9018440246582;53.01307138343384;51.76849689925846;51.76849689925846;11219814
2002-03-11;51.975929260253906;52.33646273999079;51.16596552422409;51.53637598565237;9036499
2002-03-12;53.585975646972656;53.75883069600172;52.10927240519215;52.11421089565965;11568028
2002-03-13;52.93404769897461;53.66005304087002;52.69698440845098;53.48719406308546;6704023
2002-03-14;52.647605895996094;53.31434155483405;52.642667405288655;52.855034329708644;5580933
2002-03-15;52.74147033691406;53.06743061059039;52.14881565216941;52.62293861169802;11363849
2002-03-18;52.52416229248047;53.65514818010914;52.4648964327036;52.894572930752076;5545055
2002-03-19;53.08715057373047;53.363721773957046;52.593270052183534;52.77106751290036;4827081
2002-03-20;52.104339599609375;52.79577169516439;52.099401108603054;52.79577169516439;5066929
2002-03-21;52.736507415771484;52.736507415771484;51.709238194847295;52.20311884070199;5348303
2002-03-22;52.15375518798828;52.69702100786172;51.89199926512771;52.598247195764564;5761263
2002-03-25;51.146202087402344;52.677228557991555;51.11656720648372;52.25249083459819;6566683
2002-03-26;50.820255279541016;52.203119529651;50.52392609985066;51.151153897750554;8518624
2002-03-27;51.062259674072266;51.25981511323975;50.622710251794004;51.240057204522444;5860110
2002-03-28;51.363525390625;51.9265489112069;51.06225769305033;51.14128144218521;5593485
2002-04-01;50.80049514770508;51.363518593783105;50.57331273767377;51.363518593783105;5844002
2002-04-02;49.85720443725586;50.38072016733685;49.63989892122362;50.37578167433624;7721781
2002-04-03;49.36826705932617;50.12884229313263;48.84475131844496;50.079453420772474;8000959
2002-04-04;49.802879333496094;49.951042001184454;49.141077939062306;49.36826437476385;6201211
2002-04-05;48.02983093261719;50.00535356475943;48.02983093261719;49.802863598538316;10252683
2002-04-08;43.17007064819336;43.75285228307203;42.15267794586032;43.21452103015355;43102836
2002-04-09;43.333030700683594;43.71825663805459;43.01694757709712;43.70837965627588;18183246
2002-04-10;43.960243225097656;44.42448879717455;43.56019801233751;43.683668124457085;13748519
2002-04-11;41.57976150512695;43.71332385316793;41.15996213539954;43.48613747726824;24417510
2002-04-12;42.276119232177734;43.4416777629562;41.683464957408674;43.24412239670037;16546988
2002-04-15;42.152671813964844;42.770022812857455;41.831650082807684;42.72063394467906;9279694
2002-04-16;42.57246398925781;42.8934856654273;42.266257788603625;42.64654530816857;8298023
2002-04-17;41.885955810546875;43.066329837833564;41.485910520384394;42.9922446031618;11526397
2002-04-18;43.930641174316406;44.00472250867638;42.91818707494816;42.95276046636153;15442621
2002-04-19;43.95533752441406;44.46403381988913;43.263905169036725;44.39982947134699;9699767
2002-04-22;43.426883697509766;43.93064150454651;43.1453738365587;43.93064150454651;7068554
2002-04-23;43.13053894042969;43.99482604713687;43.086088582957125;43.63429652067426;5380729
2002-04-24;42.72064208984375;43.58493365308018;42.607048853776114;43.560237243614864;6820443
2002-04-25;42.8243293762207;42.92804161355938;42.36007975867404;42.49836931068066;7186020
2002-04-26;41.836578369140625;42.94780989605393;41.83163987766106;42.819401234917336;6991673
2002-04-29;41.43160629272461;42.0291993473133;41.26368572650894;41.836586319007715;6836238
2002-04-30;41.36738586425781;42.09338732207807;41.25379270014538;41.44146716305581;9292559
2002-05-01;41.63411331176758;41.806972441007396;40.335206507255855;41.41186529683976;12765175
2002-05-02;41.41678237915039;41.8810321467335;41.05625276509234;41.36245896844831;6885713
2002-05-03;40.38951873779297;41.23899464072281;40.058620028071;41.04143917207132;9054490
2002-05-06;37.53489303588867;40.433969512053174;37.534893035888665;40.35001119598079;14276226
2002-05-07;37.781837463378906;38.27571830990705;37.49538515351187;37.974450520564645;18219960
2002-05-08;40.8004264831543;40.97362518766651;38.69731289663387;38.69731289663387;13367566
2002-05-09;39.55340576171875;41.072596675556206;39.09319195201008;40.52825958676524;10596085
2002-05-10;39.4296875;39.83546320058638;39.21689931023537;39.56329666846328;7726070
2002-05-13;40.67174530029297;40.721231184027104;39.340598327398844;39.71173653178941;6827870
2002-05-14;42.29981231689453;42.29981231689453;40.67175365619241;41.81485766500595;10067436
2002-05-15;41.81484603881836;42.79959965224184;41.59216550179514;41.864331918960204;8945706
2002-05-16;42.28495788574219;42.55712431519573;41.270515067876914;41.666394228732415;7079642
2002-05-17;42.40373992919922;42.7550815460516;42.06229075401368;42.680854666382984;6145041
2002-05-20;41.79010009765625;42.28989913452049;41.53277829044807;42.284950942003114;4738694
2002-05-21;41.2952766418457;42.062294379667044;41.221049755778935;41.770335031199174;4658884
2002-05-22;41.56744384765625;41.76043928311422;40.94393562564006;41.44868319756667;5272572
2002-05-23;41.740631103515625;42.08702841427364;40.835056219550864;41.69114520925336;7181418
2002-05-24;41.12207794189453;41.44373436331729;40.88455269629517;41.39424845624618;4311612
2002-05-28;40.61731719970703;41.12701674336806;40.42432577891556;40.9736108761271;4761497
2002-05-29;40.37980651855469;40.57774620455637;40.082895015012674;40.33032060978452;4727397
2002-05-30;40.70145034790039;40.70145034790039;39.69690359449483;39.88494684857606;7713309
2002-05-31;39.81071090698242;40.602469302283325;39.78596598895599;40.602469302283325;5362005
2002-06-03;38.65276336669922;40.03834468101636;38.59833322819681;39.95916962138966;8769246
2002-06-04;39.24658203125;39.414828521508454;38.40038558976305;38.652759274228046;7607767
2002-06-05;39.860191345214844;39.93937034102776;39.147608026438206;39.41482627734481;7502017
2002-06-06;39.419761657714844;40.058117851913615;39.038723268719984;39.86017439562912;5795468
2002-06-07;38.74679183959961;39.01895836270769;38.10348699457419;38.83586329926534;9737632
2002-06-10;38.004520416259766;38.99422274398989;37.905552552934026;38.474630601563085;7401287
2002-06-11;37.35625076293945;38.72203510605903;37.21274130352519;38.524095517885634;8319256
2002-06-12;36.94056701660156;37.583871528785295;36.24777663061689;37.311705146494376;13907721
2002-06-13;37.41069412231445;38.30142446462218;37.26223643254449;37.336463302890465;9319442
2002-06-14;37.692752838134766;37.98966423565988;36.24778930228265;36.71789934412054;8987232
2002-06-17;38.172760009765625;38.47461960735572;37.19295435344182;37.697701764498895;8133487
2002-06-18;37.57893753051758;38.053995779922346;37.34636054923437;37.41069102475146;7575132
2002-06-19;36.297264099121094;37.21273503381653;36.24777822314601;36.71788812129477;9890348
2002-06-20;35.4213981628418;36.66347419179664;35.34717128264469;36.618936484046955;11628277
2002-06-21;34.02097702026367;35.129444039182005;33.74386224007365;34.63954102862974;16257560
2002-06-24;34.491065979003906;35.37684793052239;33.27868350079837;33.27868350079837;15363334
2002-06-25;33.94673538208008;35.3570575492253;33.852711798095775;34.787979698560704;8948321
2002-06-26;34.664276123046875;34.931494465579775;32.7096165579752;32.7096165579752;12075024
2002-06-27;35.579750061035156;35.70346283673304;34.19416855285015;35.233352709449754;11098165
2002-06-28;35.62922668457031;36.43088550918723;35.25809236204903;35.307574305666726;11449098
2002-07-01;33.45187759399414;35.8321084850312;33.234141306316516;35.63416496929642;12610471
2002-07-02;33.93683624267578;34.342611811506146;33.50136756322922;33.57559441615409;12565493
2002-07-03;34.891910552978516;34.990878412743555;33.585504001266585;33.625093514619785;8859515
2002-07-05;36.371498107910156;36.56943770175098;35.62922166919922;35.85190618044336;5484178
2002-07-08;35.28284454345703;36.361618391377675;35.14923535508529;36.12408919023725;9924553
2002-07-09;34.476219177246094;35.75293203981822;34.367351025670786;35.33231191168278;11679218
2002-07-10;34.02592086791992;35.25810053103993;33.91210447307354;34.936444128533694;10536776
2002-07-11;34.347564697265625;34.515815149536294;33.427145276736866;33.64982586593152;11533614
2002-07-12;34.24858093261719;35.50054853200839;34.04568926578044;34.63951179224641;8966521
2002-07-15;35.134368896484375;35.134368896484375;32.95702582320342;33.847755823930385;10900261
2002-07-16;34.14962387084961;35.327369096908754;33.88735378773249;34.39704937169462;10969193
2002-07-17;34.9809684753418;35.43128173813219;34.45148016558407;35.134374324735425;12068016
2002-07-18;35.653961181640625;36.71788979269129;34.63951844881764;34.88694389087949;16015097
2002-07-19;35.62922668457031;35.975623984360446;34.639528576050715;35.114582878324576;12147093
2002-07-22;33.897239685058594;35.72323726264655;33.803216128279644;35.25807951853988;15550777
2002-07-23;33.17971420288086;34.639522095271815;32.98672083710738;33.77353295689385;13353968
2002-07-24;34.411903381347656;34.639536168191455;32.51167785761374;32.66013359369898;14439507
2002-07-25;34.3178596496582;34.639511873466546;33.303417109399014;34.095175214442385;11495331
2002-07-26;32.85805892944336;34.377251021363456;32.54135481360183;34.02095741013791;12108914
2002-07-29;35.22343826293945;35.33230639752419;33.64981430033095;34.822610970708745;12467588
2002-07-30;35.52530288696289;35.97561611897547;34.649417389337444;34.886946463082005;10604976
2002-07-31;34.83746337890625;35.43128216187877;34.199106903760715;35.01066200484384;13303656
2002-08-01;33.773521423339844;34.985903433598075;33.26382608087526;34.837449783060535;9238272
2002-08-02;33.590457916259766;33.76365663668749;33.2143712971432;33.75376024393379;7233090
2002-08-05;32.65516662597656;33.82301313790265;32.585886005937525;33.62012539400173;7454737
2002-08-06;33.600341796875;34.35251475501299;32.96198521118013;33.15497664524886;8755857
2002-08-07;34.30457305908203;34.66661462271541;33.12918172213687;34.22026358230129;8407016
2002-08-08;35.51469039916992;35.73290881147745;33.89790869424282;34.319464112330806;8807843
2002-08-09;35.62379837036133;36.8487834699674;34.91459647058939;35.01874652356388;7260181
2002-08-12;35.59405517578125;36.02552506207695;35.018758036231596;35.23697255489303;5505412
2002-08-13;35.65851974487305;36.60081758665642;35.30639635748776;35.48493762611321;8383376
2002-08-14;37.156272888183594;37.20586834313121;35.3857456217756;35.683314393640266;8737238
2002-08-15;37.93988037109375;38.04402650136482;36.99758230065266;37.394338133105094;9693596
2002-08-16;39.353309631347656;39.66575581183274;37.68197349157131;37.93986507447068;12181507
2002-08-19;40.91057205200195;41.08910929341859;39.18467775053809;39.35330065389778;11300879
2002-08-20;40.3055305480957;40.6675722213631;39.76495157085352;40.44935380433909;8023866
2002-08-21;40.1716194152832;40.83122579898238;39.45249928680166;40.617970522240775;8125956
2002-08-22;40.66261672973633;40.89074950881425;39.77487344839222;40.14683345447334;5697144
2002-08-23;39.874061584472656;40.40968543383978;39.35331914373182;40.270821310685086;6180709
2002-08-26;39.38801574707031;40.11705397632991;38.584582388575456;39.87403991397028;7319699
2002-08-27;38.66395568847656;39.893904174045424;38.33663196500151;39.874063614140944;7413839
2002-08-28;37.721649169921875;38.19280002514258;37.528230470001375;37.69189427354368;6893454
2002-08-29;37.999385833740234;38.3614235717334;37.270343292126725;37.49352087272554;6126840
2002-08-30;37.3843994140625;37.865468467603755;37.2455353443248;37.46870889401327;5232615
2002-09-03;35.8817138671875;37.19597244686241;35.856918103689694;36.799216483957174;7164472
2002-09-04;36.566097259521484;36.69504306348759;35.50973112221711;35.881691085462606;6552772
2002-09-05;35.7973747253418;36.129657470682815;35.46013283140018;36.07510287825606;6765214
2002-09-06;36.30324935913086;36.695045951414784;36.23877645207374;36.576018437183;4797479
2002-09-09;36.94797897338867;37.1860340053552;35.63372110537983;35.93128989533798;6051110
2002-09-10;37.4935188293457;37.4935188293457;36.62561221981715;36.99757219532939;5793062
2002-09-11;36.7991943359375;38.43581664518082;36.72976228210874;37.89027455615938;5642542
2002-09-12;35.64363479614258;36.72480060020911;35.52957040274502;36.72480060020911;7015940
2002-09-13;35.95607376098633;36.14453327269882;35.365899483973486;35.460131218739704;6223282
2002-09-16;35.8668212890625;36.065199186886886;35.32623825228814;35.70811659610997;4806579
2002-09-17;35.584110260009766;36.427220807340156;35.3857324717613;36.20404332192343;6480075
2002-09-18;34.493038177490234;35.1625668259985;34.15083710867427;35.038580185823655;13297484
2002-09-19;32.13729476928711;32.970483218639984;32.062903579530285;32.13729476928711;23048505
2002-09-20;31.700878143310547;32.43488003339248;31.690959840659;32.43488003339248;14848179
2002-09-23;31.42809295654297;31.616552484249485;30.93214641438686;31.616552484249485;8762447
2002-09-24;29.632780075073242;31.393387437620223;29.53359112299139;30.292388684274023;17478765
2002-09-25;31.24956512451172;31.626484341526833;30.247753313086175;30.35190141918425;13722683
2002-09-26;30.758575439453125;32.176981558209604;30.41637425986907;31.839739529212153;12937765
2002-09-27;29.935312271118164;31.48762572781339;29.910516512154448;30.465975154434336;9197583
2002-09-30;28.918609619140625;29.702204717250577;28.759906939707623;29.53358373876252;13619025
2002-10-01;30.337026596069336;30.73874358142751;29.25586431835094;29.360012433476708;12178369
2002-10-02;29.573259353637695;30.748651028825094;28.938448626466265;30.341975035685188;11143352
2002-10-03;29.756757736206055;30.332054671169317;29.236013422052704;29.90554210866563;11507151
2002-10-04;28.07053565979004;29.513736815125924;27.658900639581955;29.508777667000864;15221287
2002-10-07;28.199501037597656;29.01285136848603;28.07055518103323;28.07055518103323;10085114
2002-10-08;28.29372215270996;28.809507435327866;27.177844051839436;28.655763878512676;15422747
2002-10-09;27.311737060546875;28.12012763498868;27.18278932155548;27.797763234784593;12715176
2002-10-10;28.556570053100586;29.002921217160324;26.78604284550541;27.103448205677246;13253448
2002-10-11;31.700878143310547;31.700878143310547;30.500688323849886;30.748661721427712;18675075
2002-10-14;31.452884674072266;31.64134417765308;30.520507431400272;30.520507431400272;8289864
2002-10-15;33.96237564086914;33.96237564086914;33.02007802073756;33.6003340389138;15271809
2002-10-16;32.18690872192383;33.22839389299398;31.859582945185444;33.03001595363883;16631609
2002-10-17;35.80729675292969;36.20405242923248;35.32622762599268;36.104865489067045;22326452
2002-10-18;36.823978424072266;36.823978424072266;34.84515562200101;35.57419393526105;13057113
2002-10-21;37.468711853027344;37.64229393281772;36.1742948722785;36.5264142227913;11375982
2002-10-22;36.94301986694336;37.533194339720254;36.51154611045048;36.9479790169634;10848589
2002-10-23;36.9975700378418;37.181070440039974;35.93624477787585;36.898379133694384;13014227
2002-10-24;35.75770950317383;37.468723202112876;35.58412737080631;37.44392745084099;11008104
2002-10-25;36.97774124145508;37.00749614428433;35.787469929674536;35.95608896135017;7859853
2002-10-28;37.96962356567383;38.43581528493831;36.97773429049369;37.270339944597964;13121965
2002-10-29;38.05888748168945;38.21262899794135;36.799184629953444;37.969614894726455;11982139
2002-10-30;39.01605987548828;39.378097474012684;37.70180252157783;38.18783069541951;13457627
2002-10-31;39.14997863769531;39.571534077868264;38.9317602139555;39.016073676682744;10318058
2002-11-01;39.874061584472656;39.92365704497689;38.84249500352753;39.13014155037349;9827379
2002-11-04;40.9155387878418;41.56522686643657;40.51878313228381;40.66260636480503;12558276
2002-11-05;40.50886917114258;40.6725329904269;39.908776416075625;40.54358717807724;10948168
2002-11-06;40.513832092285156;40.68276527105107;39.77351579276569;40.14615609649579;10962917
2002-11-07;39.22697067260742;39.748671070917894;38.91394964060069;39.748671070917894;11544493
2002-11-08;38.55125427246094;39.39591648493078;38.35747966338684;39.00339502696717;8493102
2002-11-11;38.40218734741211;38.9338243135416;38.10903939598134;38.55124347723662;7726174
2002-11-12;39.326351165771484;39.69899554516317;38.40716486868802;38.506538289233816;9442974
2002-11-13;39.42570877075195;39.912631198912074;38.74501181885292;39.5002368237128;12535996
2002-11-14;40.10641860961914;40.24056994107443;39.45056280960064;39.93748539421841;10107289
2002-11-15;39.75364685058594;39.94742143412255;39.256787724050085;39.93748488600832;11890719
2002-11-18;39.34123229980469;40.240544866655384;39.29154562445866;40.14613978698788;7658080
2002-11-19;38.93878936767578;39.47539852786525;38.67545504304201;38.874197854744814;7236646
2002-11-20;40.5485954284668;40.598282101279736;38.70525198441965;38.73009333827593;9488161
2002-11-21;42.18328857421875;42.1932251225852;40.7672392346292;40.7672392346292;13323111
2002-11-22;41.94976043701172;42.317436487474886;41.636739363250136;41.711267435078554;9469752
2002-11-25;42.829200744628906;42.85404211373281;41.49762009350068;42.049130208429816;9049155
2002-11-26;42.26277542114258;42.80434890613597;41.92988130022078;42.80434890613597;8954597
2002-11-27;43.574466705322266;43.778181704827645;42.655280932109804;42.680122290536744;8587451
2002-11-29;43.186927795410156;43.748378312711864;43.10743146480251;43.579449105808365;3117812
2002-12-02;43.37572479248047;44.448938904271216;42.87886985849875;44.021643740348956;10140133
2002-12-03;42.33730697631836;43.241588260360835;42.30749733546318;43.08756385240403;7351079
2002-12-04;41.58208465576172;42.16340837791036;41.14981707823494;41.4429650587676;10515961
2002-12-05;41.2690544128418;42.223022249742186;41.04050197286368;42.18327606806004;7217400
2002-12-06;40.90138244628906;41.11503405415674;40.28031261077979;40.493960253545154;7944161
2002-12-09;39.54497146606445;40.40950675135657;39.500253029900136;40.24554179548965;9248627
2002-12-10;40.14616394042969;40.24553735090852;39.05307625067735;39.05307625067735;7185811
2002-12-11;40.46414566040039;40.980881746150814;39.743702448358526;40.146156358070556;6967406
2002-12-12;39.83313751220703;40.58836264227465;39.599616769561536;40.369746719672015;7540300
2002-12-13;39.748680114746094;39.748680114746094;38.889117123261734;39.3760357554234;8131395
2002-12-16;40.5535774230957;40.638042019891365;39.27665210074708;39.54992294604611;8873741
2002-12-17;39.902713775634766;40.62812552787364;39.763590182989795;40.046801678080854;6450787
2002-12-18;39.3163948059082;39.594637864172704;38.87419084099449;39.37601803517193;6814585
2002-12-19;39.08287811279297;39.91759944253324;38.92884976935709;39.05306451256916;7656615
2002-12-20;39.64433670043945;39.74867440980456;39.192192087814526;39.450558172113006;8424275
2002-12-23;39.877838134765625;40.49394340584697;39.4704161115316;39.624440446751606;6194621
2002-12-24;39.629417419433594;40.245522825795085;39.629417419433594;39.848037257543204;2531529
2002-12-26;39.00339889526367;40.096490812153036;38.884156325248604;39.65428656321344;6050378
2002-12-27;38.436946868896484;39.34123165709929;38.06430672264044;39.00336544234639;6625469
2002-12-30;37.88544845581055;38.47174028918149;37.56249092195784;38.2580926791256;8437664
2002-12-31;38.50653076171875;38.98351277782618;38.30778395947952;38.30778395947952;8233484
2003-01-02;40.031890869140625;40.031890869140625;38.84936628160366;39.15245083100681;8226267
2003-01-03;40.568485260009766;40.568485260009766;39.853010357465095;40.096471586169706;6236566
2003-01-06;41.53239059448242;42.133591270478355;40.6479825008585;40.69270092236369;8285680
2003-01-07;42.72981643676758;42.819253272930105;41.61188770555038;41.71125712171766;12454617
2003-01-08;41.83049774169922;42.57578610165648;41.77087451429859;42.506226330539285;9946205
2003-01-09;43.2266845703125;43.236621117524074;42.10875163716381;42.10875163716381;11204334
2003-01-10;43.56454849243164;43.74341824367127;42.58077080826782;42.65529888000864;10413348
2003-01-13;43.480106353759766;44.19558176353944;43.400609967140866;43.877592251959044;10981954
2003-01-14;44.011722564697266;44.01669480376533;43.3359976544081;43.340965928373244;7917279
2003-01-15;43.51984405517578;44.04651291758171;43.20185463474328;44.0117310280343;8521344
2003-01-16;42.754669189453125;43.57945412285292;42.42177107996157;43.42542575164732;10359898
2003-01-17;40.394588470458984;41.606922515750966;40.33496522461823;41.606922515750966;18128435
2003-01-21;40.01698303222656;40.667870579057805;39.99710993510607;40.39459566813508;9337537
2003-01-22;39.59962463378906;40.13126170838365;39.445596234116465;39.748680794024146;9866290
2003-01-23;40.27037048339844;40.42439884162278;39.64930067281016;39.82319815792176;8756484
2003-01-24;39.2468376159668;40.49395327547914;39.1623730210757;40.04678100911762;8104408
2003-01-27;38.9636344909668;39.50023968321219;38.56117663168068;38.74998289656371;9735959
2003-01-28;39.80333709716797;39.982206874445495;38.933833548379134;39.003393356469836;8386200
2003-01-29;39.90766143798828;40.09646768216151;39.03815826730335;39.50023535050834;8111730
2003-01-30;38.90400314331055;40.394575895089226;38.90400314331055;40.394575895089226;7687577
2003-01-31;38.854312896728516;38.92387266132536;38.268021186497464;38.605883466696554;10192329
2003-02-03;38.84436798095703;39.18719845865085;38.6307204618261;38.854304521600326;6990941
2003-02-04;38.302818298339844;38.844395837684594;37.885459501418126;38.844395837684594;7548145
2003-02-05;38.38726806640625;39.20211216525912;38.1934935845911;38.680411942303024;7768851
2003-02-06;38.58640670776367;38.92990423863015;38.088581205256006;38.3872733285086;8111939
2003-02-07;38.38230514526367;38.90502443942246;38.13837424203545;38.81541360142221;8678034
2003-02-10;38.78551483154297;38.84027608350763;38.05868872541012;38.38227432991693;8314759
2003-02-11;38.526668548583984;39.313230321586175;38.486841077074146;38.97968865594228;8993717
2003-02-12;38.08361053466797;38.87515037425953;38.08361053466797;38.58143613216414;5867223
2003-02-13;37.76500701904297;38.00894190799784;36.99337884235145;37.884485494156216;11734446
2003-02-14;38.556541442871094;38.556541442871094;37.51111089419358;38.033826168532336;8681277
2003-02-18;39.492435455322266;39.577064336015454;38.785524876789516;38.84028614293706;8149595
2003-02-19;39.58204650878906;39.676635243936474;39.23854904067553;39.3679833298562;5690554
2003-02-20;39.40285873413086;39.850905122211444;39.18381745296944;39.61194810798641;6574215
2003-02-21;39.80111312866211;39.82600282357941;38.9100064311928;39.572112044157244;7796779
2003-02-24;39.1091423034668;39.821031395478705;39.1091423034668;39.67666319572079;7190936
2003-02-25;39.36301803588867;39.51236411819708;38.2827379760585;38.78056354750724;8028991
2003-02-26;38.53165054321289;39.35306193688076;38.4818671917873;39.05436580114276;8982002
2003-02-27;38.47190856933594;39.12405811072234;38.20806199027801;38.780560558759525;10383119
2003-02-28;38.805450439453125;39.06431908229404;38.33251856436;38.33251856436;6888119
2003-03-03;38.496803283691406;39.32817060228334;38.39226260960782;39.27838724791147;6922742
2003-03-04;38.18315505981445;38.70587407157491;38.09852617881577;38.63119708931351;5933121
2003-03-05;38.6959342956543;38.6959342956543;37.95915571780895;38.183174862332116;6964268
2003-03-06;38.36735153198242;38.72080881749949;38.18315598537952;38.33250598070872;6146610
2003-03-07;38.78056716918945;38.82536861437661;37.69033113176463;37.69033113176463;8503143
2003-03-10;37.68534469604492;38.55653942284359;37.58578196810006;38.55653942284359;6946800
2003-03-11;37.511104583740234;37.99897023706931;37.43642758041268;37.7450795496376;8492683
2003-03-12;37.42646789550781;37.65049093705177;36.425843032013276;37.46131742503349;13361290
2003-03-13;39.05434799194336;39.16884845616412;37.49117689602193;37.82970035309321;10933315
2003-03-14;39.32817459106445;39.567131538032555;38.885110240567826;39.054372073472926;10583114
2003-03-17;41.0506591796875;41.155203864047984;38.750707906294416;38.830362890958206;15891878
2003-03-18;41.05561447143555;41.56837775767796;40.56774881678952;41.05063653424227;11291988
2003-03-19;40.82163619995117;41.07054893072277;40.36363820554472;40.86644160387817;10954863
2003-03-20;40.92119216918945;41.06556423077408;40.14458648403364;40.67726138819617;9462534
2003-03-21;42.265357971191406;42.265357971191406;41.20001123612155;41.20001123612155;13206168
2003-03-24;40.94611358642578;41.49371869700338;40.936157707734075;41.050654285505416;9782820
2003-03-25;41.54349899291992;41.817301527972774;40.69221978107725;40.82165414013675;9180847
2003-03-26;40.597618103027344;41.44392307996304;40.41342250088558;41.3194666994028;11016054
2003-03-27;40.54782485961914;40.98590703761684;40.07986712182691;40.19934552412221;7600027
2003-03-28;40.2491455078125;40.816666167131906;40.07490576796867;40.34870823571222;6955063
2003-03-31;39.04439926147461;39.631831523971485;38.9846600506432;39.45759182797865;10636983
2003-04-01;39.193763732910156;39.606960466533316;38.8900895994497;39.07926319390516;8223024
2003-04-02;40.55282974243164;40.806720522814636;39.7762196114593;39.7762196114593;10146305
2003-04-03;40.77682876586914;41.55841247680304;40.67726606220623;40.98093608255185;10066286
2003-04-04;40.219276428222656;41.095449147273065;39.845907236372234;40.9958864131357;9398310
2003-04-07;40.05997085571289;41.269685180293415;39.9504482824939;41.12033910613322;9289944
2003-04-08;39.860843658447266;40.17447360994949;39.06432194854486;40.13464613396892;8428250
2003-04-09;39.183815002441406;40.19440033681764;39.14398751162226;39.67666282025386;8936187
2003-04-10;39.3331413269043;39.45261976635864;38.89505901265844;39.37794673490343;7196585
2003-04-11;39.203704833984375;40.46818027964447;39.05435877937477;39.875770025357234;7921881
2003-04-14;39.860843658447266;39.860843658447266;38.90999792814934;39.07925576223174;9420276
2003-04-15;41.21492385864258;41.24479148432309;39.6816237261417;39.860841398670765;14239721
2003-04-16;41.25973129272461;42.01642552084492;41.19003618990463;41.50864407685974;11287072
2003-04-17;41.946739196777344;42.01643431418334;40.76689219414192;40.76689219414192;9206997
2003-04-21;41.49871063232422;42.07120955072312;41.36927225961871;42.01644823187554;7011756
2003-04-22;42.62876892089844;42.84283624693374;41.12036162205205;41.49870892505387;9981560
2003-04-23;42.68848419189453;42.79800676354498;42.29520328884051;42.43459348576911;7410387
2003-04-24;42.41468048095703;42.66359324217324;42.13091818513187;42.140878032745256;6216901
2003-04-25;41.757545471191406;42.454500282105016;41.74758562537761;42.41965075379284;7103072
2003-04-28;42.374839782714844;42.56401326328085;41.62810570495551;41.84216886474839;6656326
2003-04-29;42.64370346069336;43.05690032588082;42.300205707123006;42.48440142138517;9082313
2003-04-30;42.265357971191406;42.64868320147153;42.155835341734985;42.643701288480436;8833365
2003-05-01;42.7581672668457;42.92742901427167;42.05125663307657;42.46445314294125;7830042
2003-05-02;43.59452819824219;43.59452819824219;42.04131620247971;42.04131620247971;8767467
2003-05-05;43.071800231933594;43.80858250883148;43.071800231933594;43.410323751336946;7983595
2003-05-06;43.56468200683594;43.97787887178468;42.81296532893968;42.9623154601246;7802742
2003-05-07;43.23051071166992;43.7940799174432;43.140735737585565;43.365169192703604;7065312
2003-05-08;42.91631317138672;43.28038824238347;42.766689517190116;43.07590695975093;7518857
2003-05-09;43.664405822753906;43.739215643187855;43.09085855930355;43.34022728081176;6508840
2003-05-12;44.38758087158203;44.51725230052459;43.43998043696603;43.6644099193237;8834202
2003-05-13;44.87635040283203;44.936199074328414;44.168144440203015;44.277867667962035;9067042
2003-05-14;44.23796081542969;45.08581620873133;44.03846659938615;44.8863219926878;8108801
2003-05-15;44.836429595947266;44.86635192540085;44.387566793501485;44.636935459314884;7429633
2003-05-16;44.382591247558594;44.83145416640019;44.3626390426573;44.72173096976768;7145854
2003-05-19;43.11579895019531;44.12324797469339;43.09584674548846;43.91377569587395;7634126
2003-05-20;42.776649475097656;43.50979439178425;42.337764712292326;43.180628829634166;7669167
2003-05-21;42.98115158081055;42.98115158081055;42.43253944131771;42.77666630530272;7051086
2003-05-22;42.93125915527344;43.290351022199594;42.79161364483285;43.01604307659264;6566056
2003-05-23;42.522308349609375;42.86643917664629;42.442511454391045;42.76669007255322;5425811
2003-05-27;43.73423385620117;43.83897000548271;42.14825432766583;42.14825432766583;7492916
2003-05-28;43.67437744140625;44.23795056063641;43.589593513767156;43.68934258871275;6840735
2003-05-29;43.56964874267578;44.18309644797991;43.48985186445272;43.67438090156459;7216249
2003-05-30;43.90880584716797;44.22799746654615;43.61455349842364;43.61455349842364;6468673
2003-06-02;43.554664611816406;44.427450716180665;43.51476420369443;44.387554288149275;8051271
2003-06-03;41.80413055419922;42.51233649459935;41.514865301124246;42.053499347591426;22077504
2003-06-04;42.0185546875;42.37265938415845;41.80908648980824;41.8938703836164;11228182
2003-06-05;40.846553802490234;42.01858388945757;40.7717439641871;41.893899498921165;15958090
2003-06-06;39.92388153076172;41.50986479152389;39.81914539784893;41.02110147805413;15858301
2003-06-09;40.89641189575195;40.89641189575195;39.80417914387642;39.898937172899586;10205090
2003-06-10;40.751800537109375;41.3552703519487;40.502431726653484;41.070992136881635;9305216
2003-06-11;41.87893295288086;41.96870793139848;41.04105570724369;41.27047623001866;10267327
2003-06-12;41.868980407714844;42.3826793402004;41.669486101711186;42.29290829553203;7397730
2003-06-13;41.27048873901367;42.03854344531787;41.15079138477221;41.96872065202606;5990965
2003-06-16;42.14325714111328;42.168196400685;41.17072154003628;41.445025534677676;6790737
2003-06-17;42.043514251708984;42.367692802430874;41.79414552344712;42.367692802430874;6143890
2003-06-18;42.24300765991211;42.38764024600926;41.50487560104328;41.968703655915576;6214704
2003-06-19;42.1682014465332;42.537267507543085;42.14326218397726;42.367695646515934;7611847
2003-06-20;42.35274124145508;42.51233503489378;42.238030963618364;42.39263769976795;12447400
2003-06-23;41.48493194580078;42.287899802055676;41.38019579669573;42.287899802055676;6601934
2003-06-24;41.70936584472656;41.98366988176773;41.320347564071874;41.370222110832024;5295689
2003-06-25;41.14081573486328;41.97370614532343;40.94132147859611;41.669475712976;5803208
2003-06-26;42.06846237182617;42.083423544865795;41.30539478567827;41.7442837221647;6667622
2003-06-27;41.604618072509766;42.218065672082126;41.50486900685383;41.9686969880343;4741413
2003-06-30;41.145790100097656;41.99364142271125;41.145790100097656;41.84402177168911;8316641
2003-07-01;41.68941116333008;41.7243245380177;40.59717815657273;40.59717815657273;6051947
2003-07-02;42.26295471191406;42.3377685110131;41.76920831443404;41.86895341307856;6286146
2003-07-03;41.868980407714844;42.238046664864385;41.63457270761538;42.01860014219381;3147937
2003-07-07;42.936248779296875;43.11579472350127;42.26295248355346;42.29287879763368;7965185
2003-07-08;43.01604080200195;43.265409477499276;42.487381120391724;42.93624394026853;6144099
2003-07-09;42.62704849243164;43.06593742726674;42.31783101697324;42.941253025551156;7018346
2003-07-10;41.908870697021484;42.502366411952174;41.62957555227624;42.39264317722747;7854623
2003-07-11;42.33778381347656;42.532291005232715;41.74428414265394;41.9437783921402;4743296
2003-07-14;42.60211181640625;43.1806463070951;42.60211181640625;42.891377071703786;6752139
2003-07-15;43.110809326171875;43.39010037450505;42.801591962607304;42.96617276605634;8274278
2003-07-16;43.26042175292969;43.40505430885051;42.816545995024576;43.390093143774244;9244130
2003-07-17;41.55973815917969;41.86396848670157;41.14578861557686;41.245533719295246;14137422
2003-07-18;41.75423812866211;41.90386172871469;41.49988238667397;41.819073827990614;8961291
2003-07-21;41.145790100097656;41.609614202340595;41.00115352534386;41.49490394584694;7359761
2003-07-22;40.82162094116211;41.52483983113134;40.65703610304429;41.14579957979375;9146538
2003-07-23;41.046043395996094;41.28045097895531;40.761765246529045;40.896423736286394;5571833
2003-07-24;40.65205001831055;41.390182308607955;40.65205001831055;41.37023009799594;6128619
2003-07-25;41.66946792602539;41.76422598850447;40.68197094502653;40.696932115929535;6490116
2003-07-28;41.16571807861328;41.74425215280392;40.91634946283048;41.72929099107877;6718981
2003-07-29;40.79667663574219;41.335314601173714;40.696931517761506;41.17072978337964;7617704
2003-07-30;40.37772750854492;41.12084253737909;40.188207464797486;41.12084253737909;6960712
2003-07-31;40.52234649658203;41.16571622266638;40.44753671123816;40.79665036953982;8420614
2003-08-01;40.5323371887207;40.53233718872071;39.923880569547364;40.47248853993896;6773268
2003-08-04;40.4625358581543;40.57724616074624;39.92888877230625;40.273015699987646;6158848
2003-08-05;39.824119567871094;40.56225135508388;39.79918429671844;40.4625023102909;7340933
2003-08-06;39.8541145324707;40.31886982763406;39.34438163194203;39.82912918953634;7815921
2003-08-07;40.32390213012695;40.38886806017997;39.669241769051254;39.82416297953864;5542231
2003-08-08;40.41884231567383;40.61374006639287;40.15398157660069;40.503796518371125;4826035
2003-08-11;40.488800048828125;40.72867539952821;40.1189928811797;40.413839998755655;4457215
2003-08-12;40.73366928100586;40.74866049222954;40.30389330933255;40.7036868585585;4847373
2003-08-13;40.578731536865234;41.07346917286397;40.2688933883301;40.803611555395044;5374766
2003-08-14;40.758628845214844;40.85358109905874;40.32386006629514;40.47877712709424;4772584
2003-08-15;40.87358474731445;40.9685370368855;40.57874171651614;40.87858181644094;3790286
2003-08-18;41.73813247680664;41.81808956887878;40.928555453835216;41.00351547690809;7162171
2003-08-19;41.40329360961914;41.883044007101375;41.258370672080844;41.528228276623246;6608942
2003-08-20;41.50325393676758;41.633185705836986;40.978529791532154;40.978529791532154;5052075
2003-08-21;41.40329360961914;41.90303227763556;41.40329360961914;41.67315520224425;5423719
2003-08-22;41.463294982910156;42.33783833898102;41.458297911350904;42.102960023352814;7776905
2003-08-25;40.958526611328125;41.49324469990084;40.85358022523641;41.403289515227286;5387841
2003-08-26;41.2284049987793;41.248393277425706;40.61372554955893;40.8036261609528;5825802
2003-08-27;40.9785270690918;41.24338765859218;40.9285523947505;40.9785270690918;4010469
2003-08-28;40.928558349609375;41.14844136538588;40.61372303996105;40.978533031221694;5770050
2003-08-29;40.98351287841797;41.033487539029856;40.758628899705656;40.95352648681787;4416944
2003-09-02;42.85756301879883;42.95751241993568;41.128468688581684;41.17844338915011;12977094
2003-09-03;43.14239501953125;43.62713861125051;42.97747978435852;43.097417412105294;11334142
2003-09-04;43.931976318359375;44.121876882779986;42.822559330472316;43.14239165012369;10343999
2003-09-05;43.45223617553711;44.10689211567496;43.35228681627024;43.47722152131187;8259844
2003-09-08;44.52666091918945;44.80651667613498;44.15186086734985;44.20183154887305;9637216
2003-09-09;44.68657684326172;44.96143153031073;44.441704563636414;44.57663337320894;8475215
2003-09-10;43.89700698852539;44.47670295266608;43.78206641199658;44.4717058830852;7659440
2003-09-11;43.93696212768555;44.186831437265546;43.17736006465551;43.35226937897797;10202161
2003-09-12;44.3267822265625;44.48170335944545;43.577177864264925;43.77707262674991;7540823
2003-09-15;44.221839904785156;44.956453059464295;44.17186521698977;44.82652126404705;7641448
2003-09-16;45.12135314941406;45.181321956972084;44.22182502412705;44.22182502412705;8259321
2003-09-17;45.29128646850586;45.94594664502017;45.0764004490915;45.17634984626611;9504584
2003-09-18;45.975894927978516;46.19078477589342;45.20629870075412;45.29125283360276;8722280
2003-09-19;46.61555862426758;46.710510878239475;45.8759488019164;46.20077811377374;9845475
2003-09-22;45.671058654785156;46.09583733960393;45.42619036531662;46.09583733960393;7638520
2003-09-23;45.646095275878906;46.020899474317325;45.256299866643296;45.72605238821535;8300219
2003-09-24;44.67659378051758;45.885960286590006;44.64161030843636;45.51615324154364;7924287
2003-09-25;44.68159866333008;45.46118944289309;44.5766522168179;44.67660159331375;6888433
2003-09-26;44.50167465209961;45.04639096211199;44.476689311858095;44.68158106608764;5330207
2003-09-29;44.70157241821289;45.066382339372595;44.511671855044135;44.601627062277565;5986467
2003-09-30;44.141876220703125;44.60163853575974;43.92699026029335;44.57664919928508;7381308
2003-10-01;45.15135192871094;45.27628665741145;44.326783516904506;44.35177285549542;8289759
2003-10-02;45.01641082763672;45.2013143353936;44.586634999118466;44.75155023190172;7770002
2003-10-03;45.296268463134766;45.95092437602898;45.26128499242203;45.47617092139418;7823348
2003-10-06;45.56614685058594;45.85599293359562;45.23132313852505;45.3462597646339;4022288
2003-10-07;45.82598876953125;45.82598876953125;45.17632993843736;45.22630062691868;5616811
2003-10-08;46.30574035644531;46.410686789893376;45.95092848903102;45.975913836002405;6714169
2003-10-09;46.2007942199707;46.775493047155386;46.07585951892691;46.62556901305256;7942278
2003-10-10;46.31075668334961;46.56562328077601;46.15583949153919;46.175827777428076;4707523
2003-10-13;46.575599670410156;46.745507997324374;46.26576144333541;46.52562499093025;5061803
2003-10-14;46.33572769165039;46.45066826619584;46.135832947611604;46.30074421710361;4915677
2003-10-15;46.345726013183594;47.245254436579586;46.34572601318359;46.925422019636905;12090400
2003-10-16;44.616615295410156;44.82650411816799;44.306777135291604;44.61161822735043;17775724
2003-10-17;44.59165573120117;44.81653989632761;44.38176676834602;44.616645076262834;9943485
2003-10-20;44.47671127319336;44.676606058076956;44.40674829788835;44.651616717413376;7291980
2003-10-21;44.44171905517578;44.6466108702976;44.326778479739275;44.601637244497056;5530307
2003-10-22;44.20682907104492;44.481683749782064;43.92697333647214;44.12686801083395;5857705
2003-10-23;44.051937103271484;44.17687185577881;43.74209875752989;43.777082242989536;6324534
2003-10-24;44.186832427978516;44.29677588379852;43.83701777957271;44.05190363587325;5723398
2003-10-27;44.23683547973633;44.52668151899764;44.00195721558081;44.376761428902824;5333763
2003-10-28;44.92646026611328;44.92646026611328;44.23682090041167;44.50168150006089;7279114
2003-10-29;44.64659881591797;44.946442847386194;44.55165053233487;44.776530564873674;5419012
2003-10-30;44.53666687011719;45.06139102298684;44.50668046785056;44.97643686138507;6836342
2003-10-31;44.71657943725586;45.331258947758144;44.576653496612096;45.331258947758144;5058665
2003-11-03;44.81652069091797;45.396216617112024;44.716571329674444;44.92646419066905;6093159
2003-11-04;44.54668426513672;44.87651093376277;44.40675828306335;44.81654208600477;5382821
2003-11-05;44.221839904785156;44.416737597911016;43.97696752386392;44.2368311146984;6585930
2003-11-06;44.727481842041016;44.85264285797167;43.91644229430618;44.22183165730585;5929356
2003-11-07;44.186790466308594;44.85765066021843;44.186790466308594;44.757524240906086;5798501
2003-11-10;45.032867431640625;45.29320166061631;44.8326106397599;44.8326106397599;8733786
2003-11-11;44.737483978271484;45.07291798219126;44.502184357908064;45.05789962254603;5063895
2003-11-12;45.403350830078125;45.63865449217969;44.71246220169008;44.782551889172005;6173178
2003-11-13;45.603607177734375;45.798857875546084;45.13800997453845;45.25816486477763;5520683
2003-11-14;45.18308639526367;45.76883871346892;44.962801013525976;45.568577822685754;4717669
2003-11-17;44.95779037475586;45.08295142126813;44.57229499074753;45.00785559242258;4966617
2003-11-18;44.532222747802734;45.14801546942994;44.50719214745501;45.01784835700714;5527378
2003-11-19;44.757503509521484;44.97277860734099;44.21680671257247;44.21680671257247;4347804
2003-11-20;44.25185012817383;44.95275066590018;44.2468440096784;44.70743487840005;5346106
2003-11-21;44.37201690673828;44.482159533897985;44.17176012709792;44.25686815973561;6208428
2003-11-24;44.8876953125;44.927748280916376;44.53223670431679;44.57228967273316;4939421
2003-11-25;44.77253723144531;44.98280628254468;44.69243530654666;44.88768599584773;4503762
2003-11-26;45.012840270996094;45.10295442361947;44.61232671108107;44.952762837478126;4337553
2003-11-28;45.3282585144043;45.39834820728684;44.86766739175833;45.00784677752342;2296493
2003-12-01;45.56354904174805;45.73877523639074;45.29820868731317;45.50848171900738;5475705
2003-12-02;45.43339157104492;45.798862398674295;45.31824678555951;45.343277392119745;5326023
2003-12-03;45.20808410644531;45.778817641053934;45.20808410644531;45.63363219668083;6453611
2003-12-04;45.768802642822266;45.77881488040883;45.072908182186445;45.08292041977302;5606978
2003-12-05;45.37833023071289;45.70875425749588;45.308236532468804;45.70875425749588;6148806
2003-12-08;45.65867614746094;45.79384939318229;45.31823997287782;45.31823997287782;5587732
2003-12-09;45.37331008911133;46.139298520813725;45.3632978473767;45.633648350751415;7292189
2003-12-10;45.92403793334961;46.429688308110336;45.38334469833157;45.40336918990718;7466348
2003-12-11;46.25943374633789;46.544802515644534;46.01912804018765;46.03915251687352;6707057
2003-12-12;46.414649963378906;46.639937382573486;46.17934630739776;46.409643842639554;5313471
2003-12-15;46.114280700683594;47.045479450456746;46.09926233261695;46.77512884871008;6238867
2003-12-16;47.050472259521484;47.12056195264233;45.99911887209228;46.11426765197234;7846151
2003-12-17;46.760108947753906;46.99541268765526;46.48475622765438;46.985400442605716;6331333
2003-12-18;46.42466354370117;46.750081377683316;46.30951477275949;46.559836798177756;7189786
2003-12-19;46.62993240356445;46.68500373558241;46.39462871093548;46.67499149254433;7416663
2003-12-22;46.755096435546875;46.810167771102435;46.449703026725366;46.4747376312372;4531377
2003-12-23;46.454681396484375;46.78010309356979;46.229394062317176;46.594864710202266;3846142
2003-12-24;46.194366455078125;46.4597068457511;46.14931136668249;46.4597068457511;1841483
2003-12-26;46.50975036621094;46.5598155475056;46.20936726905522;46.24441009924718;1473291
2003-12-29;46.820167541503906;46.92530406276516;46.57485165543275;46.60989849428906;4219459
2003-12-30;46.37458419799805;46.810144549217505;46.23941098474145;46.69499581338951;4187556
2003-12-31;46.39964294433594;46.48475101301895;46.1393086210149;46.38962670510074;4944337
2004-01-02;45.833919525146484;46.58488183880941;45.658693253991146;46.489761517233724;5572879
2004-01-05;46.58485412597656;46.604882599111356;46.05917962053791;46.05917962053791;5519010
2004-01-06;46.58986282348633;46.65494636975421;46.12926788499976;46.1593085961347;4581480
2004-01-07;46.44969177246094;46.750078986661215;46.294494042386994;46.62992410098111;5154270
2004-01-08;46.57988739013672;46.664999483482084;46.07424093030527;46.664999483482084;6464071
2004-01-09;45.66368103027344;46.234414716353285;45.55854451075876;45.934027514388205;8295721
2004-01-12;45.833919525146484;46.12929673005289;45.66369937642622;45.66369937642622;5366398
2004-01-13;44.90769577026367;45.81385923628631;44.562253585501956;45.783822522527224;9249255
2004-01-14;45.21311569213867;45.288211516171046;44.93275688366877;45.007852707701154;5758335
2004-01-15;47.07046127319336;47.88651036463082;46.835157769481235;47.596135573115525;20723352
2004-01-16;47.721351623535156;47.73637398869199;47.41595812676436;47.56114768788122;9729892
2004-01-20;48.61249542236328;48.78271559260929;47.926612613620804;48.061789922389806;9712215
2004-01-21;48.912872314453125;49.083092448267884;48.382191420330884;48.67756859937227;7268654
2004-01-22;48.81774139404297;49.14315925629903;48.722621093679656;48.9829553834845;4572694
2004-01-23;49.01298522949219;49.1681869545045;48.61247160838361;48.97293626456599;5526959
2004-01-26;49.989234924316406;49.9892349243164;48.84276156550985;49.01297763067197;6474112
2004-01-27;49.463565826416016;49.899122272278156;49.413500627198474;49.7639490311061;5591184
2004-01-28;48.75264358520508;49.77395596091362;48.70258238663674;49.6387827341648;6850986
2004-01-29;49.06806182861328;49.36344295324968;48.337124191715816;49.113120914308915;6948055
2004-01-30;49.67885208129883;49.72891729169478;48.982957243189645;49.073071425655584;6419930
2004-02-02;49.75894546508789;50.034298081958205;49.31337276026272;49.63879057892068;6485200
2004-02-03;50.06435012817383;50.06435012817383;49.53867537873962;49.5637059876427;5862098
2004-02-04;50.15947341918945;50.27962833968458;49.713900587065424;49.75395355900011;8773325
2004-02-05;49.49359893798828;50.10939165423184;49.193211759905175;50.06433257869255;6249850
2004-02-06;49.61396026611328;49.764395361499446;49.26795394422632;49.568828136783495;5770677
2004-02-09;49.618980407714844;49.86469402739711;49.443470107686764;49.79950494473357;3914550
2004-02-10;49.949928283691406;50.13045277815641;49.348179968808076;49.368240913827094;4244145
2004-02-11;50.125431060791016;50.3009372914675;49.54374377774743;49.74432518550896;5758962
2004-02-12;49.794490814208984;50.295946568926944;49.794490814208984;50.175596867651784;3777629
2004-02-13;50.000083923339844;50.1906369247879;49.68416699983951;49.694195473318075;3726270
2004-02-17;49.82957077026367;50.145487585359895;49.80449959517022;50.1404733503412;4111198
2004-02-18;49.35319900512695;50.030160868096104;49.217802630748686;49.79949401181138;5052494
2004-02-19;49.042293548583984;49.75937325918715;48.90188694818094;49.35319616478171;5697771
2004-02-20;48.79658508300781;49.443461560832766;48.7364102477368;49.443461560832766;5951949
2004-02-23;48.1196174621582;48.89687205491789;47.86888965781192;48.84171545953205;6934039
2004-02-24;48.535831451416016;48.87180529900954;47.738515840923206;47.738515840923206;7330682
2004-02-25;48.41045379638672;48.68625272713214;48.255000506818725;48.39039285470407;3517175
2004-02-26;48.535831451416016;48.7715165692637;48.26504267699713;48.27507515157807;4148122
2004-02-27;48.39039993286133;48.83168068767121;48.18981849918126;48.5408390094596;4931890
2004-03-01;48.66118621826172;48.766489164612175;48.21489125022995;48.39039749474206;4658884
2004-03-02;48.550872802734375;48.94200724155199;48.4505800740087;48.94200724155199;5205105
2004-03-03;48.56089401245117;48.58596919177469;47.93908879163292;48.42550165017018;5027599
2004-03-04;48.33523941040039;48.60100988846387;48.204861289018915;48.43051388289426;3711103
2004-03-05;48.3653564453125;48.63112709714694;47.91906119927357;48.11462850921513;4153561
2004-03-08;47.4326286315918;48.580960828405125;47.43262863159179;48.38539359849706;5318073
2004-03-09;47.40253829956055;47.77863001081695;47.02143235229682;47.287202867823055;6684568
2004-03-10;46.66539001464844;47.50783347816624;46.47483708827039;47.327309021315955;6836970
2004-03-11;45.73768997192383;46.62526542231976;45.70760456767181;46.13383847193981;8954597
2004-03-12;46.78578186035156;46.82589977986998;45.97342700485036;46.13389067934906;6579968
2004-03-15;46.043609619140625;46.47987629043043;45.57223928386364;46.43474415152854;6823058
2004-03-16;46.3594970703125;46.48486093049732;45.842998926778996;46.33442189720566;4840470
2004-03-17;46.830875396728516;47.031456825319985;46.359509239627776;46.41968406838364;4877498
2004-03-18;46.560096740722656;46.72557454004522;46.08371228412531;46.66038546720624;4817039
2004-03-19;45.94330596923828;46.620271885056006;45.88814536850509;46.56511128432281;7383400
2004-03-22;45.64243698120117;45.87310788293483;45.27136344619099;45.76780090574596;6509781
2004-03-23;45.792877197265625;46.21410111440521;45.47194602289723;45.93328383571706;5298304
2004-03-24;46.018497467041016;46.379546284682775;45.65243841775191;45.91820879666217;6496078
2004-03-25;46.32942199707031;46.44977166022607;45.85805581786389;46.20907233391455;5842747
2004-03-26;46.519981384277344;46.76068074381099;46.21409695013701;46.329428391610705;4599994
2004-03-29;46.474853515625;46.94120552599092;46.224125681672696;46.63030285181866;5100610
2004-03-30;46.2943115234375;46.469817739539906;45.80789874871439;46.469817739539906;5664822
2004-03-31;46.05360794067383;46.25418931299544;45.88812620757239;46.1689433302491;4825721
2004-04-01;46.319400787353516;46.474854127378364;45.94330903147452;45.968384216270785;4442257
2004-04-02;47.23704528808594;47.412555512015565;46.8007828483455;46.91110001609296;6165647
2004-04-05;47.22703552246094;47.32231402527688;46.89106164777427;47.111704074220555;4117056
2004-04-06;46.98633575439453;47.031463881393805;46.645343673024634;46.93618938927722;4037665
2004-04-07;46.6754264831543;46.92615427145079;46.38959504371124;46.82084731979531;4746016
2004-04-08;46.69550704956055;47.33235531373865;46.409679467297515;47.13678802014125;4045928
2004-04-12;47.006385803222656;47.31728841919442;46.8358897875519;46.886036145312026;3255780
2004-04-13;46.65535354614258;47.156808993836705;46.38456888495838;47.03144513191317;5244226
2004-04-14;46.98633575439453;47.066567537511354;46.18400591787189;46.18400591787189;5560850
2004-04-15;46.8609733581543;47.181904502786516;46.6654061294777;47.03647963906425;7159033
2004-04-16;46.27424240112305;46.30934603920676;45.65244139917536;46.28427487042034;11629428
2004-04-19;46.103763580322266;46.28428805234665;45.983413932306014;46.08370263779698;4350732
2004-04-20;45.45691680908203;46.374578470233715;45.45691680908204;46.133879017542625;4456169
2004-04-21;45.76279067993164;45.84302647995816;45.47696314791698;45.707634069868526;4836076
2004-04-22;45.50202560424805;45.8881458113217;44.98051301306127;45.38167592908421;8355448
2004-04-23;45.7728157043457;45.938293511165924;45.311473935550204;45.632405078051264;5296107
2004-04-26;45.346588134765625;45.9132330027847;45.30647023195703;45.50705174242837;4742146
2004-04-27;45.68756103515625;46.128841811446456;45.41176205064405;45.45689417599887;4987328
2004-04-28;45.336544036865234;45.62237149030172;45.2362513152968;45.28138344018104;4922476
2004-04-29;44.66960144042969;45.26132122556124;44.22330648481499;45.135957339092485;8120307
2004-04-30;44.21327209472656;44.729770277398764;44.133040338627836;44.63449581736592;5250397
2004-05-03;44.138084411621094;44.3888123204879;43.72689288207977;44.19324503178613;6349325
2004-05-04;44.6295051574707;45.000582727894745;44.128049413847464;44.13807788843424;5702583
2004-05-05;44.609439849853516;45.005592569840886;44.383787188332136;45.005592569840886;4604806
2004-05-06;44.398380279541016;44.77020595432609;44.01147739383364;44.26773785085791;4517779
2004-05-07;44.31298065185547;44.92097351047893;44.026573642845094;44.091894891382424;5656140
2004-05-10;43.65473175048828;44.267748843392326;43.39847122982959;44.01651272432321;7000250
2004-05-11;43.78035354614258;44.2928746311974;43.62458906377794;43.815528370168906;6877450
2004-05-12;43.61955642700195;43.84064210376518;42.77037650764357;43.84064210376518;8834307
2004-05-13;43.81050491333008;43.921045770016526;43.343203436358735;43.60951278866828;4924986
2004-05-14;43.418575286865234;43.89090118563921;43.247737587643165;43.539168962726755;5436899
2004-05-17;42.97639846801758;43.227634616555896;42.785463165422364;42.86083320800426;5962200
2004-05-18;43.24272918701172;43.45879059710857;43.2125787519403;43.252777995402326;4603551
2004-05-19;43.74016189575195;44.65968777283723;43.463803697286785;43.9160280265473;7773663
2004-05-20;43.92607879638672;44.19238820098222;43.74016385150144;43.74519226451339;4216949
2004-05-21;43.78035354614258;44.307947837252456;43.66980868194311;44.01149207857823;5365980
2004-05-24;43.76530456542969;44.13713457999342;43.488946261856675;44.09191092689781;3951893
2004-05-25;44.56924057006836;44.67978545358504;43.48892978897749;43.58942185680292;5604573
2004-05-26;44.39335632324219;44.64459238243752;44.23758788139487;44.539071954408584;4506377
2004-05-27;44.51397705078125;44.76018484956932;44.20746839078512;44.59437151589366;4282952
2004-05-28;44.51397705078125;44.644619560301045;44.343135303755744;44.45870460292303;3351175
2004-06-01;44.27778244018555;44.45867286497954;43.86575358206099;44.21748563192089;5108978
2004-06-02;44.20745086669922;44.539081412489296;44.16222724366957;44.539081412489296;4092580
2004-06-03;43.8908805847168;44.26773464242674;43.8908805847168;44.14211662319009;3150029
2004-06-04;43.996421813964844;44.463723354687126;43.96627539709166;44.19238555333601;3978356
2004-06-07;44.539093017578125;44.71495914416376;44.22253559368337;44.59436545792781;4460667
2004-06-08;45.2425537109375;45.47368826898035;44.418499524670835;44.53909321143166;5648714
2004-06-09;45.267696380615234;45.498835054025534;45.12700501849606;45.172228674141614;5474136
2004-06-10;45.453575134277344;45.59929078522341;45.16716823345942;45.33800588977649;3628260
2004-06-14;45.25761413574219;45.51387464525041;45.03150404435705;45.247565333000274;4310984
2004-06-15;45.49378204345703;45.83043702182535;45.33801355413292;45.468656023941385;4715682
2004-06-16;45.413394927978516;45.68975311794284;45.26767521899691;45.348073682537944;3290402
2004-06-17;45.443546295166016;45.50384314444153;45.25763134405807;45.47369271485434;4372489
2004-06-18;45.252586364746094;45.624416097893636;45.17219193889981;45.32293198859873;6768457
2004-06-21;44.966209411621094;45.438531489124486;44.87576211365467;45.42345827609665;4020196
2004-06-22;45.23249053955078;45.34303137572512;44.78529076396741;44.86066079178084;4340168
2004-06-23;45.61941146850586;45.644533484377966;45.14206108774555;45.27270359007808;4555016
2004-06-24;45.2174186706543;45.68472011614638;45.14204863393232;45.36313835220764;4256592
2004-06-25;44.99633026123047;45.33800961181198;44.689821721055736;45.19731835039003;5862516
2004-06-28;44.57426452636719;45.17220856402679;44.39840240696003;45.076736890155686;4626667
2004-06-29;44.36323165893555;44.46372774489915;44.16726790021551;44.393382088684184;4596961
2004-06-30;44.292884826660156;44.46875096747744;44.06677064419525;44.36825488418219;4941304
2004-07-01;43.966278076171875;44.43860003858875;43.49898051687337;44.35820557879627;5328219
2004-07-02;43.7351188659668;43.99137934373573;43.51403320333531;43.94113533624915;3006727
2004-07-06;43.06181716918945;43.579362622857325;42.77540622314064;43.46379336409899;6702873
2004-07-07;42.885963439941406;43.18242327481805;42.73522332588142;42.86084142423099;5938456
2004-07-08;42.0317497253418;42.715108439454994;41.996574904371;42.7100840378731;7875334
2004-07-09;42.152347564697266;42.45885213118893;41.96140825595107;42.40860811038564;6898579
2004-07-12;42.25786209106445;42.83570439303023;41.91618271569527;42.20761406265488;6285623
2004-07-13;42.83571243286133;43.25779033686469;42.81059041889026;43.16231866397766;6277046
2004-07-14;42.27294921875;42.83069409699819;42.09708707624482;42.62970592706437;6588336
2004-07-15;42.21767044067383;42.52417501906504;42.01165390779047;42.272938865703146;7412479
2004-07-16;42.348323822021484;43.4537607754649;42.34832382202149;43.23769939230476;10921704
2004-07-19;42.86082077026367;43.13717884950054;42.40859663610479;42.4588406433138;6899416
2004-07-20;43.39346694946289;43.458788210313934;42.86084805481581;43.02666140395342;5911260
2004-07-21;42.86082077026367;43.77029343930236;42.86082077026368;43.58940298365943;5788564
2004-07-22;43.24272918701172;43.41356694945124;42.54931729916424;42.71010625321315;6247340
2004-07-23;42.63472366333008;43.242716491458246;42.45885753842788;43.06182596383585;4507632
2004-07-26;42.75531768798828;43.001529462827165;42.46388628830847;42.634724001948896;4725305
2004-07-27;43.152278900146484;43.36331990131712;42.93621750502818;43.01158757263227;4287031
2004-07-28;43.1371955871582;43.35325693168137;42.649796448940506;43.15226879516946;6868245
2004-07-29;43.599464416503906;43.825578554040334;43.32813065937858;43.33817946373166;4426986
2004-07-30;43.75021743774414;43.91603076319656;43.40853396063838;43.43868438974715;3669891
2004-08-02;43.55928039550781;43.91100868776358;43.4236094721745;43.649723667831005;3565186
2004-08-03;43.066837310791016;43.61453313034372;42.9311704586764;43.56428510847607;4337971
2004-08-04;43.19750213623047;43.5391816440914;42.83572100327234;42.86084703216902;4351988
2004-08-05;42.80556869506836;43.42360636652271;42.715121419314926;43.1974961969366;4058375
2004-08-06;42.03514099121094;42.67966628045495;42.0049307518969;42.488322709636016;5459283
2004-08-09;42.07039260864258;42.27684131050252;41.72798978559711;42.03514330911137;3787671
2004-08-10;42.79549789428711;42.79549789428711;42.20132677710117;42.29699659279518;4551146
2004-08-11;42.140899658203125;42.28692390292176;41.84381210872357;42.14593469985624;5531248
2004-08-12;41.39565658569336;41.81862812451545;41.23956229042602;41.81862812451545;7463105
2004-08-13;42.251678466796875;42.26678359170453;41.5467284354919;41.56183356039956;6068787
2004-08-16;42.30706787109375;42.578976192525;42.05026467454444;42.14593448385243;4562129
2004-08-17;42.317142486572266;42.56891066845899;42.12579882907393;42.34735273957166;3723132
2004-08-18;42.86597442626953;42.86597442626953;42.08045999050835;42.09556511002967;4599785
2004-08-19;42.745140075683594;42.97676402107528;42.52358219408688;42.6746414636201;4920907
2004-08-20;42.9264030456543;42.9264030456543;42.558825010059216;42.558825010059216;4708464
2004-08-23;42.624290466308594;43.02711785844788;42.624290466308594;42.91633891917354;4456588
2004-08-24;42.65449523925781;42.876053089377436;42.47322173053853;42.80051944695328;2835078
2004-08-25;42.83576965332031;42.93647448136733;42.57393147465451;42.80052035155149;4608258
2004-08-26;42.6444206237793;42.820659073381194;42.6444206237793;42.800514895629036;3278582
2004-08-27;42.77031707763672;42.77535211894006;42.59407857685287;42.62429284306186;2557261
2004-08-30;42.49839401245117;42.795477419716285;42.49335897289668;42.58399370326506;2382683
2004-08-31;42.6444206237793;42.6444206237793;42.12074433320243;42.573926047616084;3555877
2004-09-01;42.40777587890625;42.84585266181699;42.302035978472254;42.322176146480736;4966931
2004-09-02;42.584014892578125;42.68975881261445;42.22146775393032;42.40777636531409;3535898
2004-09-03;42.493370056152344;42.644429318961905;42.27684722528494;42.44805066995405;3639871
2004-09-07;42.7854118347168;43.022074792186686;42.599103296468485;42.64945771569007;4186929
2004-09-08;43.23357391357422;43.56087172738682;42.740107662723204;42.75018176486229;5984375
2004-09-09;43.52564239501953;43.70187696204312;43.233589767235884;43.233589767235884;4725200
2004-09-10;43.68674087524414;43.80758987570314;43.429937753865765;43.52057651340401;3926161
2004-09-13;43.55080795288086;43.94860042895939;43.34435915093517;43.8076111992594;5022264
2004-09-14;43.666603088378906;43.7471677536018;43.379585692089314;43.606178584864686;4135361
2004-09-15;43.49036407470703;43.555823617830285;43.248666063670974;43.27384528388033;4844235
2004-09-16;43.364501953125;43.78747368628488;43.268832119447396;43.4047863147941;3789658
2004-09-17;43.17314910888672;43.55583639919652;43.02208981685524;43.50548196238958;6483840
2004-09-20;43.15299987792969;43.52058196550953;43.00193659923727;43.00193659923727;4581898
2004-09-21;43.1630744934082;43.35945315978659;42.971730868342924;43.15300441078196;4235986
2004-09-22;42.45307159423828;43.02206718858725;42.38257702714225;42.976747817458644;5268807
2004-09-23;42.2365837097168;42.43296243688903;41.91432087396826;42.31714841405639;5022055
2004-09-24;42.51351547241211;42.66960979537577;42.186217683626175;42.196287766605884;5124877
2004-09-27;42.37755584716797;42.51854502746935;42.28691707526813;42.34734158373851;4864214
2004-09-28;42.5386962890625;42.624300042455985;42.236577686277194;42.47323672267374;4052413
2004-09-29;42.79045867919922;42.79045867919922;42.37252612665927;42.53869053202516;4397907
2004-09-30;43.17314910888672;43.29399814986764;42.8055669441022;42.87102650643442;5437108
2004-10-01;43.666603088378906;43.79752217626168;43.243631563779374;43.27888086515775;4746748
2004-10-04;43.88816833496094;44.36149440530345;43.666614443388355;43.80760364878811;5231464
2004-10-05;43.968727111816406;44.326235086330485;43.87305330364711;44.28595074314526;5387632
2004-10-06;44.33127975463867;44.3614940231865;43.85795770676247;43.87809787353488;4167682
2004-10-07;44.019081115722656;44.36148801481296;44.009011033700354;44.33127375035738;3218437
2004-10-08;43.66156768798828;44.265808699760655;43.56085884349879;44.024110687696435;4278140
2004-10-11;43.621280670166016;43.9082980464796;43.44000717223974;43.69177524962824;3155050
2004-10-12;43.3040771484375;43.40478604278403;43.092593292377984;43.31414723419412;4839424
2004-10-13;42.79045867919922;43.5457631207214;42.513515324663366;43.43498417155145;6957364
2004-10-14;42.68975067138672;42.790455511768556;42.44805262504833;42.67464152969901;4428450
2004-10-15;42.724998474121094;42.92641218512987;42.599114402441984;42.689753184348774;6201211
2004-10-18;43.26378631591797;43.379596292430634;42.443022286679096;42.44805732833664;7513000
2004-10-19;45.00096893310547;45.18223840812176;44.311124257534715;44.41182907494512;14322041
2004-10-20;44.72403335571289;44.910341937856664;44.45716009486579;44.53772477356911;7245433
2004-10-21;44.36149215698242;44.6938249866927;44.139934258249546;44.51255143819917;6419825
2004-10-22;44.003971099853516;44.53771753479722;43.95361667695228;44.42190758602907;6264180
2004-10-25;44.527645111083984;44.764308073396066;43.96368444471689;43.98886366403682;6040127
2004-10-26;44.814693450927734;45.10170701336808;44.4370410657446;44.47732141506069;7673247
2004-10-27;45.31821060180664;45.45416475944215;44.56290615415241;44.603186486258295;6312715
2004-10-28;45.066429138183594;45.43904219202376;45.0311798396159;45.217488375729936;4420919
2004-10-29;45.192325592041016;45.2678552315657;44.789494150594365;45.016087087557416;4726351
2004-11-01;45.373600006103516;45.62033313527494;44.93048818566309;44.980842623565515;5397988
2004-11-02;45.554874420166016;45.932526683885435;45.06644721306491;45.0916224232904;5636580
2004-11-03;45.922428131103516;46.274900947699464;45.806614199083775;45.94760332572215;6854752
2004-11-04;46.51661682128906;46.677750184124704;45.73110222573529;45.846916202400195;7271374
2004-11-05;46.96978759765625;47.090636586806205;46.52667597690228;46.52667597690228;7016986
2004-11-08;47.106014251708984;47.272503915535;46.667090616310844;46.667090616310844;5133036
2004-11-09;47.106014251708984;47.39863135069357;46.919345486627996;46.919345486627996;4720703
2004-11-10;47.22710037231445;47.57521002525941;46.878986693211736;46.878986693211736;6546286
2004-11-11;47.82243728637695;48.03937479702608;47.19179983823981;47.222072529353184;7796256
2004-11-12;48.089805603027344;48.180619610560605;47.70637852404956;47.7568303031061;5186486
2004-11-15;48.39250564575195;48.432867868719335;47.82745465499316;47.968716396143634;5112430
2004-11-16;47.87286376953125;48.18061516460461;47.75178112143166;48.05448774168063;5945569
2004-11-17;48.16044235229492;48.75072139472287;48.07972191166196;48.07972191166196;6645447
2004-11-18;47.978816986083984;48.28151961104578;47.94349953255444;48.10998919720943;4870071
2004-11-19;47.650882720947266;48.00908592912279;47.5499831874009;47.90313759404946;5940339
2004-11-22;47.98387145996094;48.13017802667457;47.50458549663528;47.57521639181284;6081549
2004-11-23;48.069644927978516;48.11505194915062;47.70135203369601;47.777027718210185;5784275
2004-11-24;48.16044235229492;48.32693203562346;47.94854968582419;47.94854968582419;3923128
2004-11-26;47.78712844848633;48.1201039258622;47.71649350446879;47.95361417409446;2305698
2004-11-29;48.18062210083008;48.624590532391224;47.89809453920517;47.89809453920517;5961991
2004-11-30;47.54493713378906;48.25629472948835;47.54493713378907;48.00403986316801;6140334
2004-12-01;48.37236022949219;48.46821503981861;47.66100222765611;47.67613656199822;5925067
2004-12-02;48.311798095703125;48.8263974513755;48.175581092867255;48.25630153414814;5389306
2004-12-03;48.97775650024414;49.25523532558776;48.71036722838084;48.71036722838084;7350033
2004-12-06;49.275413513183594;49.391447392720316;48.76081412806541;48.87684800760213;5505098
2004-12-07;48.48331832885742;49.56801337352819;48.42782177897938;49.29053465029513;6775047
2004-12-08;48.76079559326172;49.1139499261822;48.31682727033549;48.64980250599099;5554992
2004-12-09;49.19467544555664;49.24008244527069;48.286559608218305;48.53376967999008;5976530
2004-12-10;48.77089309692383;49.43684367685816;48.48332078320855;48.48332078320855;4380962
2004-12-13;48.659915924072266;49.0382983403409;48.47324710433338;48.8617190741838;5020277
2004-12-14;49.09377670288086;49.29053500322612;48.57917745179985;48.584222226719696;4699887
2004-12-15;49.1038818359375;49.290550645682806;48.84153735222159;48.89703392010895;4094567
2004-12-16;49.16442108154297;49.51757555371593;48.83649049089727;48.83649049089727;5920465
2004-12-17;48.53376770019531;49.441883500489695;48.53376770019531;48.93737382784683;9260343
2004-12-20;48.710365295410156;49.224964711755256;48.609461712293744;48.609461712293744;4989315
2004-12-21;48.947479248046875;49.01306536031532;48.69017957482776;48.730537781665014;5064523
2004-12-22;49.24513626098633;49.43180504279545;49.08369538416418;49.11396403875914;5177805
2004-12-23;49.3006477355957;49.44190955209078;49.18965458285284;49.18965458285284;3755768
2004-12-27;49.18964767456055;49.42676827862069;49.12910632939963;49.28550648196471;3412993
2004-12-28;49.59324645996094;49.71937389755704;49.124050137455214;49.13918848984648;4535874
2004-12-29;49.5327033996582;49.67900993379163;49.34098986225124;49.34603463748637;3447930
2004-12-30;49.59324645996094;49.946400869535495;49.47720857318732;49.49234289942104;3987770
2004-12-31;49.734519958496094;49.90100563866389;49.689112942923735;49.74460951169917;2921687
2005-01-03;49.31575393676758;49.99684277043497;49.0634991114209;49.9312566768911;5538779
2005-01-04;48.78602981567383;49.653787548371675;48.69521983255779;49.31071866513879;5973706
2005-01-05;48.68514633178711;49.3561460226339;48.63469855711826;48.73559813261515;5906448
2005-01-06;48.53376770019531;48.92728427857908;48.45809205453027;48.70530211621782;4771538
2005-01-07;48.32191467285156;48.836514316326856;48.165514452606196;48.68515887484809;6485932
2005-01-10;48.271427154541016;48.47827500945515;48.04944497452134;48.32187893105007;4837855
2005-01-11;47.928375244140625;48.326936736326246;47.78206465019938;48.271440169818646;4964734
2005-01-12;48.0343132019043;48.06963065814479;47.45412775798275;47.92836888549842;6096716
2005-01-13;47.650882720947266;48.53377477680495;47.272504437451495;48.125123814935;5585012
2005-01-14;47.474327087402344;47.550002775275544;47.19684419698838;47.42892006421476;5774757
2005-01-18;47.87794494628906;48.0999272858083;47.23217301621111;47.24730735219102;8882737
2005-01-19;46.96979522705078;48.004038539993516;46.88402599812525;47.90313498578371;7690924
2005-01-20;46.91936111450195;47.343150565114406;46.71755795626324;46.722602733257304;5971196
2005-01-21;46.60654830932617;47.07069581156263;46.530872655048995;46.91934450300827;7324720
2005-01-24;46.30888748168945;46.84366582851561;46.293749130884144;46.76799017911757;6838016
2005-01-25;46.510719299316406;46.71252249781224;46.38963657498698;46.404770908988255;5303952
2005-01-26;46.38962173461914;46.85376934529141;46.38457695823257;46.5662009866239;5598192
2005-01-27;46.404747009277344;46.525829671245894;46.13231303292689;46.16258168534025;4965257
2005-01-28;46.86384963989258;47.217008074134;46.657001770432196;46.75790533054619;6234788
2005-01-31;47.13125228881836;47.39864559157228;46.94458346765289;47.247290208212924;4978855
2005-02-01;47.35322952270508;47.423860410975365;47.10601940068012;47.25737072895103;3804720
2005-02-02;47.575199127197266;47.600427025993184;47.237179103049485;47.312854747123545;3762880
2005-02-03;47.19179916381836;47.393602339106415;46.94963776916818;47.35828889716456;4109420
2005-02-04;47.6811637878418;47.79720169406849;46.919354259141045;46.92439903539801;3982750
2005-02-07;47.69123840332031;47.87790714483758;47.5903348574678;47.600428432978624;2968339
2005-02-08;47.580055236816406;47.837845832115605;47.580055236816406;47.62049448005853;3703991
2005-02-09;46.857215881347656;47.93386751432809;46.77633742181615;47.58509378026258;5917327
2005-02-10;46.88754653930664;47.05940823913146;46.65503204007881;46.983588206038924;5060966
2005-02-11;47.160499572753906;47.49916856743203;46.75612337969672;46.857219444880364;4423848
2005-02-14;47.2969856262207;47.524445746918765;47.08973907338847;47.08973907338847;3000765
2005-02-15;47.681129455566406;47.85299113274842;47.2514813133687;47.26159011193737;4338808
2005-02-16;47.82771682739258;48.00463289531811;47.61541593234673;47.63058316330573;4671959
2005-02-17;47.3879508972168;47.898477417377286;47.38289649870729;47.76705498845504;4449893
2005-02-18;47.14533615112305;47.64069960728061;46.95831125510108;47.38796347935031;4461504
2005-02-22;46.66514587402344;47.261601437045066;46.61965223572475;46.8420579590443;5047055
2005-02-23;46.553924560546875;46.72578621823923;46.27591649608263;46.64996620373423;5881449
2005-02-24;46.82686996459961;47.054334001820706;46.42754833384488;46.493259539334105;4344979
2005-02-25;46.90778350830078;46.90778350830078;46.64999690287627;46.68032331510018;4266111
2005-02-28;46.796566009521484;46.88754924772033;46.71063313772588;46.77128997447143;5177491
2005-03-01;47.160499572753906;47.22621080497167;46.801617012413224;46.826889011789795;3995615
2005-03-02;46.968421936035156;47.37785657727747;46.88249310127906;46.88249310127906;4672900
2005-03-03;46.710636138916016;47.11501642114774;46.60448969317055;47.08468598390672;4223539
2005-03-04;46.69042205810547;47.099852737944765;46.6853676571573;46.978543081349066;4972684
2005-03-07;46.301185607910156;46.76116409886057;46.29613120951359;46.680289690677945;7371057
2005-03-08;46.569122314453125;46.78647775567757;46.35177090706942;46.35177090706942;5321839
2005-03-09;46.68031692504883;47.008873181700686;46.50845517778484;46.513509579130265;4718715
2005-03-10;46.710636138916016;46.907769862545294;46.54888725309471;46.680309735514236;3579935
2005-03-11;46.25571823120117;46.71064258185158;46.0990237243335;46.62976812778568;4701038
2005-03-14;46.45282745361328;46.523597101622336;46.25063940828964;46.25063940828964;4116533
2005-03-15;46.189998626708984;46.63986849472892;46.099015386570635;46.50339161760186;3831603
2005-03-16;45.82100296020508;46.2001071541437;45.61881486353889;45.86649255911386;5298304
2005-03-17;45.42169189453125;45.836181056164875;45.340817436349084;45.74013935957855;5817957
2005-03-18;45.1285285949707;45.441921714913654;45.03248688109494;45.421700071347814;7888409
2005-03-21;45.244754791259766;45.63396769653867;45.123441154051044;45.19926116884705;4604910
2005-03-22;45.23970031738281;45.664294013070275;45.1183866803756;45.295298703326495;4657315
2005-03-23;45.75529479980469;46.08385098317529;45.40146258150469;45.477282618614986;5723817
2005-03-24;45.84626388549805;46.275916008281015;45.84626388549804;45.89681190591446;4787647
2005-03-28;46.01812744140625;46.316353109884794;45.805826553659216;45.85132017729614;4276989
2005-03-29;45.795738220214844;46.03331120845657;45.58344127143866;45.866503869806905;6349638
2005-03-30;45.83617401123047;45.93726605996052;45.65420348290912;45.65420348290912;5495579
2005-03-31;46.189998626708984;46.20516586159793;45.603651881561994;45.72496555763917;4621856
2005-04-01;45.714847564697266;46.38206861511934;45.51265948983719;46.24559176543474;5984375
2005-04-04;45.65419387817383;45.80583393628654;45.37618576035434;45.53288021814824;3909739
2005-04-05;45.275089263916016;45.65924783902539;45.1183948076281;45.60869980886079;4778546
2005-04-06;44.98697280883789;45.179052098353786;44.84038311647996;45.01224480725898;8197293
2005-04-07;44.70390701293945;45.088065598464496;44.53204935309414;44.98697356923289;6648062
2005-04-08;44.27930450439453;44.71401103579944;44.22875648281949;44.62302379019679;5417443
2005-04-11;43.571659088134766;44.259097892993786;43.51605664891956;44.15295144889129;8678139
2005-04-12;43.34420394897461;43.591885759811724;43.05103252427437;43.42002400591985;8817466
2005-04-13;42.747745513916016;43.455406056301385;42.580938172290416;43.34925556309966;7416872
2005-04-14;42.27764129638672;43.17232643253655;42.19170844192471;42.717402265627605;10900575
2005-04-15;38.769676208496094;40.26587557003148;38.58265128830417;39.932260933685335;29189990
2005-04-18;38.744388580322266;39.300408716149846;38.48659812319232;38.99712463898593;13864730
2005-04-19;38.152984619140625;39.02239352604237;38.03672539599286;38.91118870095866;9685855
2005-04-20;36.399017333984375;38.35014120371771;36.31814288270621;38.15300745969238;21303150
2005-04-21;37.42007064819336;37.45545548942844;36.79834301368822;36.89943506865768;16970722
2005-04-22;37.511043548583984;37.75872524071925;37.03084336166751;37.521152346820024;11489682
2005-04-25;37.713233947753906;38.27430858910476;37.4301714442823;37.96091565521073;10689492
2005-04-26;38.12771224975586;38.91119243083275;37.733444959943135;37.74860815558879;13058578
2005-04-27;38.94657897949219;39.01229019737139;38.163098763714196;38.213646785276154;12166444
2005-04-28;38.37034606933594;38.9769103033057;38.23892361695057;38.946583906834455;9026143
2005-04-29;38.6079216003418;38.961749752406156;38.37034867648806;38.94658655314024;8522494
2005-05-02;38.67362594604492;39.067893259800044;38.43099866563012;38.86065080521151;7565195
2005-05-03;38.65340805053711;38.90108569404668;38.380450345270624;38.81010248151641;6481330
2005-05-04;38.961753845214844;39.02241068248891;38.66858249325602;38.71913052995758;5765866
2005-05-05;38.16312026977539;39.48239976958533;38.077187374542966;39.42680135175739;12940903
2005-05-06;38.1428337097168;38.477330351555395;37.99585870919962;38.29487653476543;8106814
2005-05-09;38.00093078613281;38.24420256907551;37.864091419365835;38.14283797799833;5875068
2005-05-10;37.149478912353516;37.889425773648036;37.01770738727836;37.88435794918766;8349381
2005-05-11;37.13934326171875;37.347140265424834;36.74909646847296;37.3167292707995;7233822
2005-05-12;36.80482864379883;37.4028721491719;36.744010728753274;37.26602880690608;6340747
2005-05-13;37.078521728515625;37.4332896290908;36.75416077175307;36.75922859572184;7479528
2005-05-16;37.67656707763672;37.752588493261655;37.043048539840846;37.043048539840846;5754569
2005-05-17;37.65121841430664;37.722176039390234;37.16467899858438;37.468768661255965;5371838
2005-05-18;38.700340270996094;38.93347239009895;37.85396078812905;38.01107147612111;10783842
2005-05-19;39.10576629638672;39.349037960394995;38.70538404202794;38.77126978065092;7353798
2005-05-20;38.725685119628906;39.16661433866114;38.70034598703395;39.16661433866114;6620971
2005-05-23;38.776336669921875;38.99933299352781;38.51786154427239;38.669904308342296;4978751
2005-05-24;38.42158508300781;38.776357112269835;38.294881364636126;38.588835447297605;5921092
2005-05-25;38.517887115478516;38.53309059306856;38.09722925694439;38.22393299263558;5735636
2005-05-26;39.09564208984375;39.23248142974741;38.664848729165776;38.74593795937676;6100272
2005-05-27;39.07536697387695;39.14632055628917;38.78648482009523;39.0804347980098;3309439
2005-05-31;38.28981399536133;39.23249015661703;38.26447486920657;39.17674003452331;6714274
2005-06-01;38.9435920715332;39.278092702533556;38.29993801709778;38.29993801709778;7720108
2005-06-02;39.20207977294922;39.222355118742946;38.8625152544058;38.897994076129834;4210778
2005-06-03;38.411441802978516;39.075367213984734;38.38610268215859;39.05509591732879;6432795
2005-06-06;38.01106262207031;38.4671951470402;37.97051598079751;38.41651285658738;6253616
2005-06-07;38.03134536743164;38.563503510530666;38.01107406297018;38.01107406297018;5467024
2005-06-08;37.90968322753906;38.21377280687689;37.82352619862299;38.031319059274196;4476880
2005-06-09;37.975589752197266;38.24927254567892;37.62082175257792;37.798207774664284;4626667
2005-06-10;37.89449691772461;38.03640410415181;37.554932426369575;37.88436126791595;5121007
2005-06-13;38.03640365600586;38.482400554203046;37.73231798711687;37.757657111339974;5978622
2005-06-14;37.95530700683594;38.228985673247905;37.874217780593895;38.03639623307797;4513385
2005-06-15;38.669918060302734;38.77128263543109;38.087081864695975;38.36582837947018;7430366
2005-06-16;39.0500373840332;39.151401980534615;38.6749940393527;38.72060851223367;8200640
2005-06-17;38.715538024902344;39.39466702328553;38.71047019988106;39.37946354822167;8989115
2005-06-20;38.7966194152832;39.01454798073735;38.29994030732693;38.533076389319206;3917898
2005-06-21;38.725685119628906;39.02470710702082;38.5736422349506;38.87266017778823;5584699
2005-06-22;39.14125442504883;39.273025947306806;38.85744008312474;38.93852931730983;5906030
2005-06-23;38.21886444091797;39.00949379522957;38.04147840540847;38.928404538402305;8123968
2005-06-24;37.50932312011719;38.213795368858996;37.50425529451537;38.09722729091007;11288537
2005-06-27;37.44343566894531;37.89450043921853;37.25084617102469;37.50932144337728;6788331
2005-06-28;38.163116455078125;38.163116455078125;37.22551201178419;37.41810153540532;8565485
2005-06-29;37.874229431152344;38.35570115740748;37.818479307039006;38.142840356336585;5772979
2005-06-30;37.60562515258789;38.25941519215195;37.53973936600046;37.90971090941966;6408842
2005-07-01;37.84381103515625;38.17830766988448;37.65628939782096;37.65628939782096;4553343
2005-07-05;37.904632568359375;37.99586150574528;37.585339376614705;37.696839613618366;5420163
2005-07-06;38.42158508300781;38.59390327246821;37.70697724386637;37.90970238435044;8377728
2005-07-07;39.217288970947266;39.29331039840392;38.011069649034084;38.087091076490736;11252031
2005-07-08;40.19036102294922;40.30185719825193;39.09564225455552;39.21727812266064;14058763
2005-07-11;40.01804733276367;40.301861693631466;39.79505091273224;40.24104375279511;7517288
2005-07-12;40.56541442871094;40.79348277236923;40.129557134096885;40.13969278589436;11448993
2005-07-13;41.280006408691406;41.43204920107341;41.13302739520017;41.13302739520017;11861640
2005-07-14;41.77163314819336;41.89833688267356;41.55877233030597;41.55877233030597;8939325
2005-07-15;41.751365661621094;41.938887367576164;41.31550428981865;41.77670479301201;7995729
2005-07-18;41.462467193603516;42.54198263200715;41.39658142673579;41.553696128991376;9106058
2005-07-19;42.42033386230469;43.13494143119429;42.420333862304695;42.93728419063128;14800586
2005-07-20;42.876487731933594;43.058941594074824;42.060519244919725;42.166947631086835;9752067
2005-07-21;42.77511978149414;43.05386633006247;42.268304933513164;42.876480324358525;8645504
2005-07-22;42.79539108276367;42.89168380071611;42.50143701488459;42.562254958426706;4780638
2005-07-25;42.673744201660156;42.835926690840466;42.53183705147235;42.56224399313318;4662859
2005-07-26;42.63321304321289;42.749781117661826;42.496373666965326;42.648420564115284;4751873
2005-07-27;42.50649642944336;42.638267940286745;41.969274738243755;42.4710216620521;5085861
2005-07-28;42.47103500366211;42.55719208180084;42.202424073682394;42.34433127692977;6474426
2005-07-29;42.29872131347656;42.547060967918625;42.17708539927825;42.217632052195654;4529494
2005-08-01;42.283504486083984;42.49636524645216;41.98955044548283;42.06557590127033;3832858
2005-08-02;42.22268295288086;42.50142945185739;42.08584361539957;42.20241165682505;5628212
2005-08-03;42.6027946472168;42.673748229006954;42.1213230469509;42.22268357327155;4451985
2005-08-04;42.12638854980469;42.516635250423505;42.055434971924186;42.445681672543;5491395
2005-08-05;42.24801254272461;42.440597882479466;41.928719509676746;41.93885515444795;3885472
2005-08-08;42.349632263183594;42.61888912095812;42.17689968935793;42.375032323622925;4627818
2005-08-09;42.4207649230957;42.64937767535312;42.136263918198225;42.36996073783399;3968001
2005-08-10;41.66888427734375;42.67987199362786;41.64348420579136;42.49697931560709;5650910
2005-08-11;41.994014739990234;42.03973891138847;41.46566095238452;41.62314946435155;4780638
2005-08-12;41.7552490234375;41.95338174651804;41.68920478241065;41.7349289659773;4579597
2005-08-15;41.912742614746094;42.136275414895294;41.46059294568217;41.607921474286904;3588931
2005-08-16;41.30309295654297;41.877170979252554;41.196408617148485;41.69427832764411;4610140
2005-08-17;41.30309295654297;41.628234096864446;41.069400169166;41.353897146592075;5076238
2005-08-18;41.226898193359375;41.65872782680834;41.049085514376685;41.20149811962536;3884112
2005-08-19;42.04482650756836;42.319163476876625;41.33357996037007;41.33357996037007;6779126
2005-08-22;41.96355438232422;42.34457580876676;41.58252890159964;42.03975866761273;5394431
2005-08-23;41.673973083496094;42.237891279458076;41.45552025921559;42.01435438551335;4184314
2005-08-24;41.3132438659668;41.86191759157645;41.267519704072896;41.41992817134685;4620810
2005-08-25;41.20148468017578;41.37929730115804;41.00843201992423;41.37929730115804;3771981
2005-08-26;40.835697174072266;41.16083826539899;40.77473296605601;41.05414988780054;5260648
2005-08-29;41.32341003417969;41.53170271823253;40.591839552218616;40.64264373362367;4210464
2005-08-30;40.916996002197266;41.15069289184946;40.63249896634365;41.15069289184946;5935213
2005-08-31;40.95763397216797;41.04399826191564;40.57660860765872;40.82046548962957;5649237
2005-09-01;40.4089469909668;40.805212269045555;40.30733863820222;40.72392396512209;6684568
2005-09-02;40.36830139160156;40.647718270266424;40.368301391601555;40.3886214397141;3849908
2005-09-06;41.160850524902344;41.24721482269845;40.4902480912687;40.4902480912687;6595553
2005-09-07;41.14052200317383;41.21672625664253;40.80522085534333;40.998273522794875;4305650
2005-09-08;41.049068450927734;41.41485368633558;40.89665996331438;41.29292527453297;4474056
2005-09-09;41.37421798706055;41.39962210970811;40.90682834914505;41.07956097688192;4165381
2005-09-12;41.394535064697266;41.714596143157394;41.15067823267431;41.16591827110575;3862669
2005-09-13;41.0236930847168;41.39963857172051;40.90684461520453;41.39963857172051;5272781
2005-09-14;40.88650131225586;41.353890870355144;40.8560171811407;41.02366976657413;4066534
2005-09-15;40.64772415161133;40.97286523985364;40.474995609103814;40.86109685050411;5087849
2005-09-16;40.81029510498047;40.896659372810376;40.55627825977272;40.83569516778933;7975645
2005-09-19;40.35308837890625;40.632505444689286;40.139711513714346;40.510576965803075;5385331
2005-09-20;39.98221206665039;40.46484178138881;39.94664791401783;40.27178908463725;7449926
2005-09-21;39.403038024902344;39.86026748428987;39.30651374274287;39.62657476974208;7453796
2005-09-22;39.733272552490234;39.88060105883634;39.27096292430435;39.40305138950032;7186438
2005-09-23;39.62659454345703;39.6824747032719;39.3725775999004;39.47418194475425;5684592
2005-09-26;39.32686233520508;39.8348963375535;39.08300536539267;39.784092126462205;5683127
2005-09-27;39.62148666381836;39.9313876352339;39.19982138565733;39.204901397133085;5752582
2005-09-28;40.38862609863281;40.50547449731736;39.65705968512059;39.65705968512059;8104094
2005-09-29;40.825538635253906;40.92206293646494;40.06856804743428;40.26162070413646;6171086
2005-09-30;40.75442123413086;40.89666973044641;40.62741277936037;40.652812848602146;5791179
2005-10-03;40.871280670166016;40.947484952698304;40.38864679032508;40.7544322116183;5541290
2005-10-04;40.69853210449219;41.389458501380645;40.60708781200238;40.972869036241896;6657895
2005-10-05;40.551212310791016;40.98811786830551;40.41912382981572;40.69854083473704;5228745
2005-10-06;40.49022674560547;40.77980362656212;39.98219314674071;40.551190939640406;8504189
2005-10-07;40.89665985107422;41.211640904986545;40.688367170766334;40.76965142698505;6412085
2005-10-10;41.27769470214844;41.70952425511694;41.19133041326704;41.2726146883484;8245513
2005-10-11;42.26325225830078;42.43090477366266;41.64345446651448;41.785702874184885;10231240
2005-10-12;41.7552490234375;42.13119441213839;41.6333205701139;42.0397500992863;7929517
2005-10-13;41.76032638549805;42.26836022398611;41.50631352053497;41.50631352053497;5785008
2005-10-14;41.83652114868164;42.01940970350992;41.45549589327672;41.963529567149955;5830090
2005-10-17;41.958465576171875;42.161682386377215;41.6231643261836;41.841621180869865;8331181
2005-10-18;42.41061019897461;42.97960828001806;42.34456595984819;42.84243978754635;12599384
2005-10-19;42.76114273071289;42.77638276881649;41.85176369727995;41.86700373538355;7847720
2005-10-20;42.25310516357422;42.771298845962285;42.10577670014847;42.67477050490436;6017324
2005-10-21;42.33437728881836;42.67475828259325;42.12100467314612;42.20736891071571;6297652
2005-10-24;42.405513763427734;42.47663798923052;41.963528371856036;42.24294526281552;5734381
2005-10-25;42.349632263183594;42.64936919348533;42.01940715179587;42.20737976188513;5641392
2005-10-26;42.110877990722656;42.60874782145427;42.024509630496965;42.1515181091521;4467257
2005-10-27;41.81621170043945;42.13119285080572;41.78573161537872;41.92798012089095;3876267
2005-10-28;41.364051818847656;41.87716555792787;40.896662250320354;41.82128136153655;7260600
2005-10-31;41.59775161743164;41.81112433820097;41.3030905755575;41.40977896308234;7877635
2005-11-01;41.45042419433594;41.73492116271052;41.29801162903774;41.582512651692774;5913143
2005-11-02;41.18115997314453;41.60282943340852;40.96778726364475;41.2522882639246;6743980
2005-11-03;42.100704193115234;42.18198845767366;41.30816943725978;41.43009786123754;8044681
2005-11-04;42.16675567626953;42.31916420533519;41.98894302283898;42.121031495837464;4007644
2005-11-07;42.476661682128906;42.598590152737856;42.20232465039966;42.21756469565533;4660035
2005-11-08;42.344242095947266;42.72618102325424;42.32387332030471;42.476647265626895;3972708
2005-11-09;42.18638229370117;42.435916112850705;42.00814733488224;42.1201796925392;4117265
2005-11-10;42.77202224731445;42.92989249291694;41.9113884134258;42.1150884165235;4949672
2005-11-11;43.057193756103516;43.204875506858755;42.85349380857869;42.87895477801873;5064000
2005-11-14;42.960426330566406;43.28634700164513;42.83311337792624;42.90440814372464;4095404
2005-11-15;43.55625534057617;43.74467869837092;42.79238158605847;42.79238158605847;7145017
2005-11-16;44.07059860229492;44.09097144060145;43.48495976500722;43.515516990466374;7002029
2005-11-17;44.248844146728516;44.294677959729476;43.67338961105644;43.88727802905967;5537106
2005-11-18;44.69697189331055;44.81410045480846;44.391420007663946;44.81410045480846;8353147
2005-11-21;44.4525146484375;44.74788204400149;44.30992517361316;44.61038476013522;5029063
2005-11-22;44.80904006958008;44.854869836958706;44.24376969587892;44.24376969587892;6052784
2005-11-23;45.221527099609375;45.52198697082458;44.78866201002876;44.8752374663467;5647668
2005-11-25;45.221527099609375;45.486337536340194;45.12986351151141;45.297914100358184;2300468
2005-11-28;45.37937927246094;45.542337600568715;45.19604810533864;45.22150907410504;5437003
2005-11-29;45.3742790222168;45.802051707862375;45.33354147577505;45.41502063265958;5383762
2005-11-30;45.2724494934082;45.649296335172544;45.185878108030934;45.34883648803553;6298489
2005-12-01;45.43031692504883;45.700223607344626;45.34883773281002;45.39976375196033;4883251
2005-12-02;45.145118713378906;45.39974463792597;44.99743697762196;45.32335767336207;4948103
2005-12-05;45.0330924987793;45.145128906235826;44.66643417328833;45.0178159152176;4208686
2005-12-06;45.39466857910156;45.75114256176771;45.09930093860458;45.09930093860458;5095589
2005-12-07;45.180789947509766;45.79189002310511;45.04328846809783;45.32337955874837;5527064
2005-12-08;44.55949020385742;45.277534339203584;44.136809608326345;45.10438753255203;6053202
2005-12-09;44.289573669433594;44.35577624168685;43.96365300110985;44.203002325410345;6759043
2005-12-12;43.775238037109375;44.48309769542016;43.67338603079064;44.30995091027892;6322129
2005-12-13;42.62942886352539;43.2354406876941;42.52248870820323;43.031736638694774;13122384
2005-12-14;42.33406066894531;42.75164498283236;42.242393044139604;42.59887102682526;7491243
2005-12-15;42.53774642944336;42.58867241911022;42.1405310252427;42.206733592609474;6439071
2005-12-16;42.4562873840332;42.777111923618115;42.26786397786273;42.72109777886685;7738517
2005-12-19;42.145633697509766;42.573402363476866;42.0896155013471;42.384983063658964;5214728
2005-12-20;42.00304412841797;42.31877640195622;41.78915573150307;42.242389430487236;5518905
2005-12-21;42.32896423339844;42.77710166798368;41.992855061457405;41.992855061457405;7161753
2005-12-22;42.379878997802734;42.384975254698105;41.911368803489275;42.06923897522579;6875986
2005-12-23;42.51231002807617;42.87897252376749;42.46648026411715;42.77712047585217;3782545
2005-12-27;42.262779235839844;43.03174551705712;42.2118532130829;42.51230902574303;4579179
2005-12-28;42.2882194519043;42.558121956791275;42.16599868289866;42.31877261215515;4013293
2005-12-29;41.962318420410156;42.298423660681856;41.87065483270079;42.166018442877764;4140486
2005-12-30;41.86044692993164;42.008132730412264;41.53452623259691;41.68221203307753;5699654
2006-01-03;41.78915786743164;42.03869163391889;41.15259296598492;41.987765629002816;12253995
2006-01-04;41.733131408691406;42.013222348293965;41.41739918150449;41.860444363783245;10285109
2006-01-05;42.01324462890625;42.21694465227993;41.37667951586162;41.45306651662637;7545216
2006-01-06;43.26089859008789;43.30164020979536;42.47665187473341;42.75164663175341;8573957
2006-01-09;42.639610290527344;42.90442065902444;42.46137535604028;42.72618572453737;7166251
2006-01-10;42.812774658203125;42.83823564100305;42.32898753697895;42.344264126658906;5962200
2006-01-11;42.8636589050293;43.189579487184695;42.471535768123594;42.965506800953044;6042114
2006-01-12;42.55812454223633;42.75673228793581;42.47155318559851;42.68543751235149;5150609
2006-01-13;42.354427337646484;42.49701689802204;42.01323001874749;42.26785597541881;7239994
2006-01-17;42.267860412597656;42.34933958936552;42.03360320738776;42.166008393636304;9119446
2006-01-18;42.67526626586914;43.13359228661461;42.532676670793236;42.777114234922244;11490101
2006-01-19;42.31368637084961;42.97571630675498;42.27804101220954;42.848403326465686;6781741
2006-01-20;41.432682037353516;42.29331563087044;41.37666384094686;42.288223437015425;9001667
2006-01-23;41.45814514160156;41.71786329758802;41.20861137384961;41.41740758866357;6395349
2006-01-24;41.17294692993164;41.83497249831895;41.14748190714763;41.447941540800244;6348174
2006-01-25;41.203514099121094;41.5650842208724;41.05074016643808;41.27480887197325;6667518
2006-01-26;41.10675048828125;41.580352840120845;41.04054792159399;41.503965888404835;8169469
2006-01-27;41.25953674316406;41.641475680081726;41.12203937611396;41.12203937611396;6384156
2006-01-30;41.57015609741211;41.66181959942217;40.84702027133525;40.84702027133525;5570055
2006-01-31;41.402130126953125;41.7586081265909;41.335927534334914;41.50398214513592;7083094
2006-02-01;41.72804260253906;41.88082059945028;41.07110900142429;41.19842196684971;5668588
2006-02-02;41.366485595703125;41.5498167937108;41.19843098152891;41.478522005152605;6483108
2006-02-03;40.72483444213867;41.13223445514021;40.59752143007536;41.02019802916384;10305192
2006-02-06;40.49058151245117;40.71465438827177;40.19521789396436;40.70956219236704;10008651
2006-02-07;40.663719177246094;40.83686599089371;40.38363220975917;40.485480168844326;5488676
2006-02-08;41.25080871582031;41.30186257931252;40.96491359899203;41.138495105183516;5260543
2006-02-09;41.04661178588867;41.25082323754197;40.58713500111712;41.04661178588867;7959223
2006-02-10;41.52141571044922;41.587784547076346;40.94451610770344;41.046619816402796;5619007
2006-02-13;41.0670280456543;41.817504887229404;40.934290423378116;41.52139976409287;5499240
2006-02-14;41.39886474609375;41.58265620756209;41.02107186544301;41.123175516788756;6354973
2006-02-15;41.276344299316406;41.60818835388711;41.0976577855612;41.28144927906321;5284392
2006-02-16;41.306983947753906;41.306983947753906;40.90877098808346;41.18956123739313;5554783
2006-02-17;41.20487594604492;41.368243467911974;40.90876671062731;41.30697962866027;5542545
2006-02-21;41.0976676940918;41.22530036694514;40.827087405452296;40.89345623236777;6106548
2006-02-22;41.53162384033203;41.68478143372301;40.827091577160765;40.84240652165844;5537838
2006-02-23;40.94452667236328;41.5265314070047;40.86283879527764;41.45505757021101;5208452
2006-02-24;40.89344787597656;41.17423806919305;40.765815229204364;41.17423806919305;4082747
2006-02-27;41.164024353027344;41.2967619676214;40.81686537813648;40.82707533707364;3961202
2006-02-28;40.96492385864258;41.12318639347966;40.69434361083372;40.89345006153492;6234892
2006-03-01;40.79134750366211;41.25592928112834;40.73008365916715;40.94450915200279;5410226
2006-03-02;40.81175994873047;40.94960254127343;40.60754854962219;40.61265352903448;4622065
2006-03-03;40.821983337402344;41.26614521183334;40.59224289144581;40.59224289144581;4554702
2006-03-06;40.8423957824707;41.16913488354317;40.79134190669556;40.79644688685247;4926137
2006-03-07;40.990455627441406;41.24572097739704;40.77092921913054;40.84750800927588;4530017
2006-03-08;41.424407958984375;41.659253387080874;40.97003612034181;40.97003612034181;5826115
2006-03-09;41.36314010620117;41.85325083939485;41.25082238414323;41.485667789499594;4508992
2006-03-10;41.64393997192383;41.991099071486765;41.368250610587296;41.368250610587296;5007411
2006-03-13;41.827720642089844;42.06767102106777;41.582669356846864;41.63882414203156;4781684
2006-03-14;42.31273651123047;42.36889538406727;41.592889276153784;41.61330920292816;4725828
2006-03-15;42.56797409057617;42.76197549084758;42.19018124675217;42.19528622511157;5617438
2006-03-16;42.3076286315918;42.74157649106677;42.17489096823595;42.59352388367917;4497277
2006-03-17;42.52715301513672;42.58331188143704;42.28209762553778;42.55267792063378;6709462
2006-03-20;42.67009353637695;42.75688634904298;42.36888340478927;42.43014724199807;4048334
2006-03-21;42.78750991821289;43.389934166720245;42.67008724136858;42.79261489770999;7744898
2006-03-22;43.1142692565918;43.231691988667905;42.55268457991024;42.55268457991024;5197156
2006-03-23;42.47611618041992;43.02238604519819;42.3382734869903;43.001962038395284;5340667
2006-03-24;42.55776596069336;42.74155333793061;42.36886953067278;42.36886953067278;4391945
2006-03-27;42.414817810058594;42.506715580404965;42.1595525634155;42.36376802009406;4089965
2006-03-28;42.08298110961914;42.57309177199981;42.011507317056264;42.30251154139624;4715996
2006-03-29;42.44035720825195;42.65477860140877;41.965561451267845;41.965561451267845;4594137
2006-03-30;42.47611618041992;42.731381634684666;42.287219581295666;42.31274857124719;4672482
2006-03-31;42.10340118408203;42.6803005807964;42.011507471650404;42.34845651617412;6131652
2006-04-03;42.40462112426758;42.67520139258882;42.195304697283824;42.23103956144364;4311194
2006-04-04;42.60371780395508;42.772194347485566;42.271873770521196;42.39950640447311;4030238
2006-04-05;42.971309661865234;43.11425726366976;42.537357801767094;42.54246278224537;5777999
2006-04-06;42.78750991821289;43.047880169387014;42.55777361822687;42.73135106953928;5171529
2006-04-07;42.1085090637207;42.782407133972114;42.0880850704788;42.68029939037974;5583025
2006-04-10;41.91451644897461;42.241255593483274;41.863462566412444;42.00130519738569;3794574
2006-04-11;41.434600830078125;41.894077460308196;41.22528446810095;41.7766588689001;6233846
2006-04-12;41.225311279296875;41.54184055472684;41.164047417142434;41.403997883431295;4084839
2006-04-13;41.85325241088867;42.16978159226014;41.414195541618156;41.444825426489636;5020486
2006-04-17;41.679656982421875;42.33313505113483;41.55712933526255;41.822604546039365;4847373
2006-04-18;42.53224182128906;42.64455951117546;41.710291286388774;41.807289964595945;8269467
2006-04-19;41.791988372802734;42.88451944878214;41.48566915447804;42.858994544841146;11040216
2006-04-20;41.87367630004883;42.29741419280983;41.67967478820227;41.68477976949768;6524111
2006-04-21;41.68987274169922;42.1187195664299;41.546925158190916;42.11361458660502;6398800
2006-04-24;41.91960525512695;42.07276276951104;41.40396979604087;41.506073447561924;6907889
2006-04-25;42.20551300048828;42.32293569795621;41.65924750471081;41.837929966903346;7171690
2006-04-26;42.55268478393555;42.61905362313929;42.22594556983961;42.29231440904336;6954645
2006-04-27;42.823272705078125;43.08874808364156;42.22084404676161;42.22084404676161;8550318
2006-04-28;42.03706359863281;42.69054632772375;41.853276037241926;42.6343874328842;8579083
2006-05-01;41.98088073730469;42.53225120161284;41.914511919408106;42.16466817593665;6287611
2006-05-02;42.077884674072266;42.241256286108666;41.86346325284321;41.919622117161765;4535874
2006-05-03;42.22081756591797;42.52203170615509;42.093184939028276;42.13913382548603;5984271
2006-05-04;42.08298110961914;42.41993015290295;42.067666169971204;42.30761652127889;4149377
2006-05-05;42.516929626464844;42.54755950338867;42.22082044517367;42.34845308076729;4711707
2006-05-08;42.47084045410156;42.639922106132225;42.16853713137827;42.32225255651403;4033899
2006-05-09;42.645015716552734;42.6757563237683;42.22486546206733;42.26585702728894;4260149
2006-05-10;42.475921630859375;42.69624153872574;42.32221044759757;42.475921630859375;3588198
2006-05-11;42.2504997253418;42.57329667634961;42.24537628873341;42.3478531987729;5517127
2006-05-12;42.21463394165039;42.88072156284311;42.168518925126065;42.25562143284029;5947242
2006-05-15;42.47084045410156;42.60405803585675;41.91234884508945;41.91234884508945;6042114
2006-05-16;42.09678649902344;42.655277863887655;42.05067148274843;42.52718377674035;4659721
2006-05-17;41.640750885009766;42.12238228175746;41.51265686293712;41.88669206161862;6209056
2006-05-18;41.32822036743164;41.68176199688563;41.00542344394279;41.246241299750395;5694006
2006-05-19;41.13352584838867;41.50243786099712;40.73899664973922;41.43070565114597;7341979
2006-05-22;41.000308990478516;41.16427125069878;40.68263543356257;40.90295959295429;6538441
2006-05-23;40.9029655456543;41.656155915800284;40.80561204502561;41.11816221013358;5236694
2006-05-24;40.877349853515625;41.01056743863016;40.50844181954943;40.657029720883905;7729522
2006-05-25;41.06180191040039;41.08229975229879;40.81073708087644;40.933707776518254;4178770
2006-05-26;41.374351501464844;41.43071341024678;40.836357782358206;41.0720482048843;3745517
2006-05-30;41.07202911376953;41.48193259921476;41.06690567798329;41.169382571578396;5281359
2006-05-31;40.938819885253906;41.4153322212291;40.79023203953107;41.06691398368698;6678605
2006-06-01;41.343589782714844;41.43581571162549;40.892698831400025;40.93368631583365;5090359
2006-06-02;40.74412536621094;41.27699561639909;40.554545898134485;41.24625498916678;7564986
2006-06-05;40.508426666259766;41.01055209750669;40.482805393206675;40.528920413553436;5811367
2006-06-06;40.86709976196289;40.93883198761862;40.221505642124136;40.50843863368426;7584128
2006-06-07;40.55455017089844;41.36923003456707;40.53917985566289;40.877347235531325;8289341
2006-06-08;39.46831512451172;40.77487367576551;39.32485067357742;40.24712681694043;14094222
2006-06-09;39.77573013305664;40.01654393002547;39.478550353284554;39.57589974164727;6417628
2006-06-12;39.46318817138672;40.01142873467685;39.45806473351947;39.77573832597298;5151445
2006-06-13;39.417057037353516;39.92943332623571;39.36069515490425;39.52465736647803;7713309
2006-06-14;39.81671142578125;39.888443618911445;39.417058883083584;39.417058883083584;6316376
2006-06-15;40.252262115478516;40.36498596968517;39.427335146138105;39.888473353692675;6986652
2006-06-16;39.93968200683594;40.23686173986491;39.74497917179912;40.190746726874906;8507641
2006-06-19;39.796226501464844;40.119023486557474;39.62714080872631;39.91407373377324;5545997
2006-06-20;39.96018600463867;40.119024828391005;39.581031198221474;39.88333035589108;6406227
2006-06-21;40.119014739990234;40.25223225470331;39.95505252014739;39.96017595617979;5814819
2006-06-22;39.550289154052734;40.154891599124475;39.45293974945343;40.04729531919225;5819630
2006-06-23;39.50416946411133;39.88332834030335;39.42219038218598;39.52979073835664;4728548
2006-06-26;39.5297966003418;39.719376066551085;39.3504640097757;39.473434695367494;3606608
2006-06-27;39.26334762573242;39.76034954164172;39.10450884249113;39.616885155377915;5854253
2006-06-28;39.22747802734375;39.24797585957375;38.971289880418105;39.21210771987266;4594137
2006-06-29;39.7552375793457;39.862837944565676;39.227490806104356;39.396576510173375;5699549
2006-06-30;39.36070251464844;39.92944079232373;39.34533220445245;39.81159356961589;8275638
2006-07-03;39.975547790527344;40.10364186099639;39.591265579120225;39.72960652099717;3323456
2006-07-05;39.84746170043945;40.16513522238159;39.71936760431659;39.965308923102235;4233999
2006-07-06;40.01141357421875;40.23686111070215;39.74497855032767;39.75522542217959;4532423
2006-07-07;39.15576171875;40.011429004530115;39.00205040382223;40.011429004530115;6947114
2006-07-10;39.283851623535156;39.365830710093064;38.8739521018092;39.03278683757367;7483816
2006-07-11;39.181365966796875;39.273591897879655;38.653615291869286;39.06864220407952;6366479
2006-07-12;38.67410659790039;39.094252785957806;38.33593945574342;38.9764056074503;8757217
2006-07-13;38.03875732421875;38.57162722140215;37.82868424381901;38.43328631262832;9157416
2006-07-14;37.69548797607422;38.06951934805853;37.59301105099528;38.03877872389671;7277859
2006-07-17;37.7620964050293;37.8850670784238;37.50590818361348;37.58276383225094;7136544
2006-07-18;38.049007415771484;38.13098646329665;37.26507280703425;37.76207870496615;9066205
2006-07-19;38.97642135620117;39.48367431886365;38.94055729803735;38.94055729803735;15205597
2006-07-20;38.67410659790039;38.87905625711872;38.53063815640659;38.802200646028645;12776785
2006-07-21;38.356449127197266;38.68436953594258;38.1719931306025;38.67924609900407;8757635
2006-07-24;38.935447692871094;39.01742680101874;38.3872029514657;38.3872029514657;5869315
2006-07-25;38.884185791015625;39.150620798683924;38.58700608072826;38.93542423609069;5836994
2006-07-26;38.85344314575195;39.09426098810196;38.61262939233721;38.67411471189604;4048125
2006-07-27;39.01740646362305;39.60151497147271;38.81245675561296;38.85344424385375;6735299
2006-07-28;39.432437896728516;39.60664702646837;39.073776851895005;39.135262186571644;4357322
2006-07-31;39.663021087646484;39.70913612503035;39.01742692002247;39.16601482066906;5629363
2006-08-01;39.01229476928711;39.64764191759624;38.81246843716455;39.27360644121173;4609408
2006-08-02;39.104522705078125;39.41707285741061;39.04303736217769;39.04816080000799;3434855
2006-08-03;39.10964584350586;39.314599710896175;38.63313750637799;38.940564218526674;2893027
2006-08-04;38.89444351196289;39.33508772023141;38.59214028173315;39.273602386776815;5295270
2006-08-07;38.694618225097656;39.043032397942156;38.571647554932234;38.750980123001504;4048229
2006-08-08;38.75120162963867;39.22961446585841;38.63803236446049;38.90553007255387;3969256
2006-08-09;38.78206253051758;39.239895701963185;38.78206253051758;38.869512426666695;4686498
2006-08-10;38.96210861206055;39.137008396790144;38.60715696228411;38.68431911498755;3361426
2006-08-11;38.8283576965332;38.982681993635545;38.68431703329554;38.756339417535905;3865807
2006-08-14;39.44565963745117;39.86233770961062;38.8900888745719;39.12157532402389;5227280
2006-08-15;39.65144348144531;39.68231081755178;39.25534072058547;39.55884968361562;6260728
2006-08-16;40.685420989990234;40.78316274947765;39.79032996258053;39.85720439082405;7726279
2006-08-17;40.82946014404297;40.927201909648154;40.39735032153589;40.60311749014561;5790028
2006-08-18;41.10209274291992;41.138103939530595;40.44878017568116;40.834595071790055;5647563
2006-08-21;40.78316879272461;41.0918175194338;40.572253629496544;40.901481948499224;3845619
2006-08-22;40.6133918762207;40.922044580250585;40.43848799306325;40.78315188974792;4243831
2006-08-23;40.46934509277344;40.88087919068998;40.34074017401925;40.613381616520016;3583282
2006-08-24;40.834598541259766;40.896329094091804;40.57224471803457;40.587676329931604;3633072
2006-08-25;41.09180450439453;41.153535051233376;40.71113348309561;40.74200080913679;3585060
2006-08-28;41.31813049316406;41.395292611710516;41.030053383951476;41.10721550249792;5501332
2006-08-29;41.873722076416016;41.91487714277113;41.18440242536156;41.18440242536156;5448091
2006-08-30;41.781131744384766;42.01776210596541;41.585652347299614;41.801707226632516;4904485
2006-08-31;41.652523040771484;41.92516457712043;41.554781298357625;41.822278964605154;3960365
2006-09-01;41.87886047363281;41.96117059558639;41.57020777941439;41.73482391807855;3445524
2006-09-05;41.590797424316406;41.945745029605526;41.462192446049734;41.7656972389834;4151051
2006-09-06;41.297584533691406;41.50849969604121;41.240997839298394;41.302728405432156;3899070
2006-09-07;40.84489440917969;41.349026673404765;40.7985995642776;41.102104412948016;4093312
2006-09-08;41.49303436279297;41.59591993467004;40.819146593247936;40.94775150547335;4705536
2006-09-11;41.6319580078125;41.77085486483337;41.28215419242291;41.46220202463965;4512758
2006-09-12;42.32640075683594;42.439574081961105;41.698807705042725;41.73996276106347;5985421
2006-09-13;42.2904052734375;42.54247136152441;42.100073844926996;42.31098486171098;5146529
2006-09-14;42.42415237426758;42.696798039385484;42.048629298244514;42.13093533221248;4461504
2006-09-15;42.665931701660156;43.000303821085964;42.58876953644558;42.804824420095194;8581175
2006-09-18;42.30582809448242;42.804812142545;42.26981690491447;42.47044011902592;4620810
2006-09-19;42.115482330322266;42.228655635325445;41.88399185238318;42.16692511489114;5322676
2006-09-20;42.91286087036133;43.10319643153921;42.285267495099696;42.37272152106321;7870732
2006-09-21;41.98174285888672;42.82539075498982;41.847994052507126;42.496162608113686;9318814
2006-09-22;41.77598190307617;42.24410279401417;41.67309629605444;42.05376729469426;4550309
2006-09-25;42.182376861572266;42.32641344295191;41.811993562101414;42.00232908222584;5944418
2006-09-26;42.439598083496094;42.52190413684293;42.02806371151714;42.13094525188947;4949463
2006-09-27;42.22868347167969;42.52704442941795;42.033204045655;42.182384524524124;6151003
2006-09-28;42.1772346496582;42.36242630667566;42.03834193320609;42.105216356136516;4803546
2006-09-29;42.15150833129883;42.58876603859436;42.06405843193716;42.13093285032987;4990152
2006-10-02;42.115482330322266;42.424130827252014;41.9663019497901;42.05889567782067;4689532
2006-10-03;42.00233840942383;42.31613509905476;41.956039460397726;42.12065566513242;5061071
2006-10-04;42.74824523925781;42.82541152325794;41.9920509611607;42.00233870429547;6400788
2006-10-05;42.65563201904297;42.8048124370449;42.491019993366926;42.59904535232845;5184604
2006-10-06;42.76882553100586;43.09805384293222;42.4395972190795;42.660796015832695;5586581
2006-10-09;43.21120834350586;43.25236340788576;42.69679261759547;42.76881090132779;4696749
2006-10-10;43.30895233154297;43.53529493428101;42.98486798529191;43.06203014292435;4929693
2006-10-11;43.30895233154297;43.56616226048011;43.10318520944197;43.288376850905934;5450288
2006-10-12;43.57131576538086;43.6742014018038;43.26266296135648;43.31410577956795;4876138
2006-10-13;44.28120040893555;44.34807481875671;43.43755242917508;43.442696298758;8146876
2006-10-16;44.60527420043945;45.06310722205945;44.11142999498772;44.281189966922284;9030223
2006-10-17;44.728763580322266;45.23803560818412;44.35323632002705;44.409823013177196;13907093
2006-10-18;46.20514678955078;47.34716022824368;46.15884783791597;46.560098576676225;29157459
2006-10-19;46.225711822509766;46.80186228337615;45.94278251535632;46.19484859856311;11162284
2006-10-20;46.54465866088867;46.65783204124237;46.06624988793092;46.318316005425764;7730881
2006-10-23;47.10021209716797;47.3265546487467;46.302863139781884;46.32343861576833;9269966
2006-10-24;47.064208984375;47.30084341979205;46.709261436492746;46.7658481104074;9646526
2006-10-25;47.2391357421875;47.321441805338615;46.78130236461928;46.92019512907595;6403717
2006-10-26;47.08992004394531;47.29054323215626;46.94073554098673;47.239100441661655;5219854
2006-10-27;46.68870544433594;47.269999981614916;46.59611163447755;46.765871742004215;6108954
2006-10-30;47.0693473815918;47.3265572666204;46.194836235640246;46.194836235640246;5851324
2006-10-31;47.49631881713867;47.67636656357732;47.06934891618336;47.06934891618336;9693596
2006-11-01;47.223663330078125;47.676352444213684;47.0693349765881;47.58375461107132;6114602
2006-11-02;47.161949157714844;47.30084185033171;46.94074633927502;47.22367969946047;5120275
2006-11-03;47.023067474365234;47.50147620596881;46.90475023288152;47.20311116680309;4713694
2006-11-06;47.63522720336914;47.70724550463332;47.069364430299935;47.069364430299935;6527668
2006-11-07;47.71236801147461;48.04674001235143;47.53746415515347;47.54261212923696;7641239
2006-11-08;47.784637451171875;47.95494424789863;47.48530423844899;47.60916597346774;6299221
2006-11-09;47.696903228759766;48.094291241353325;47.671096298428104;47.78463690733064;4726769
2006-11-10;47.356285095214844;47.66077889063074;47.2891936608248;47.634976076852126;5616602
2006-11-13;47.51626968383789;47.70206227835954;47.175651986497456;47.247903975717236;4558782
2006-11-14;48.14589309692383;48.14589309692383;47.299507395877995;47.48013941980184;6143158
2006-11-15;48.05299758911133;48.14073125848973;47.758824972970984;48.03751590367365;4364749
2006-11-16;48.238792419433594;48.305883844690236;47.78979469084992;48.03235758161048;4363389
2006-11-17;48.414276123046875;48.538137891300224;48.1562314589468;48.213001779276794;5492546
2006-11-20;48.125247955322266;48.40909531973107;48.00138623885467;48.30587996838458;5241088
2006-11-21;48.03752136230469;48.21814928339928;47.91882018999771;48.001393306946554;3208919
2006-11-22;48.26459884643555;48.378139457244274;47.89301363936995;47.9446233823344;3505878
2006-11-24;48.1768913269043;48.383326292292885;47.985938057242144;48.02206201393714;2227771
2006-11-27;47.19630432128906;48.12010281056184;47.02599337694014;47.84657648179793;6573064
2006-11-28;47.14470672607422;47.25824738491666;46.6699059507792;46.78344660962164;5190357
2006-11-29;47.23241424560547;47.304670347386015;46.96920912154657;47.14468057710745;4835658
2006-11-30;47.43885803222656;47.72786599458743;47.093075647572675;47.14468538901291;6768352
2006-12-01;47.093082427978516;47.43370429938723;46.73182242301363;47.428539617790854;5695888
2006-12-04;48.25942611694336;48.48650728130964;47.609154227806265;47.738176493405916;7853263
2006-12-05;48.76005172729492;48.84262485495474;48.223320219657204;48.2594441611358;7202965
2006-12-06;48.57425308227539;48.961319975836915;48.517482776991855;48.76004568541277;6220876
2006-12-07;48.63102340698242;48.73423877416749;48.280080450283194;48.51232223393902;4509097
2006-12-08;48.44008255004883;48.71360890265605;48.23880820840014;48.33170247432783;4330440
2006-12-11;48.32652282714844;48.692947419554066;48.28523421494794;48.36781143934894;3618323
2006-12-12;48.57425308227539;48.95099885097907;48.15105813314603;48.30588736170987;8141855
2006-12-13;48.909725189208984;49.19873324786669;48.77038172388711;48.91488575321597;6737600
2006-12-14;49.214210510253906;49.39999901936833;48.79101550522098;49.012936193241664;4857729
2006-12-15;49.183231353759766;49.44127592238337;49.05420906944796;49.34322112796018;8458479
2006-12-18;49.25551223754883;49.62709762283603;48.92521549014932;49.00262808244231;8352205
2006-12-19;49.54450607299805;49.745780385666805;48.98196763898587;49.08002657310354;5160127
2006-12-20;49.54450607299805;49.80254657865869;49.38967682732265;49.596111702990676;3822712
2006-12-21;49.498077392578125;49.802567209936335;49.301963561666255;49.43098592722848;4608258
2006-12-22;49.157440185546875;49.5341818853609;49.1522796224375;49.41548481527935;3170949
2006-12-26;49.3690299987793;49.44644255515787;48.98712366084183;49.02841227957429;2383520
2006-12-27;50.16381072998047;50.179292418987515;49.68384954080135;49.69933122980839;4781894
2006-12-28;50.045127868652344;50.2670486332766;49.99351810116526;50.11737989570732;4708778
2006-12-29;50.138004302978516;50.514745967838195;49.972853943103495;50.0605876263888;4660871
2007-01-03;50.19993591308594;50.78311244746158;49.67868613119002;50.15348673016054;9619853
2007-01-04;50.736637115478516;50.984356333314025;49.99862766591058;50.189580727837615;11008627
2007-01-05;50.277347564697266;50.55087385747443;50.01414239714709;50.370241810305636;7553480
2007-01-08;51.04115676879883;51.35081112227673;50.75730934727402;50.834721906002095;10815640
2007-01-09;51.64496994018555;51.77915690021891;51.1288849396975;51.134045501402845;11619177
2007-01-10;51.03600311279297;51.118580363939266;50.54056019874593;50.8347287854354;9147061
2007-01-11;50.91212463378906;51.557236029563754;50.834712090009056;51.09275664831893;8368732
2007-01-12;51.268253326416016;51.44888131125453;50.83473710195658;51.087621223010686;6941779
2007-01-16;52.032039642333984;52.04236488487759;51.247584797182476;51.299194535640346;10043901
2007-01-17;51.619171142578125;52.073329437891104;51.557240278737034;51.964949396527906;8577932
2007-01-18;51.32499694824219;51.58304149926206;51.04630603251676;51.50562483910436;15309361
2007-01-19;49.63223648071289;49.98317533428677;48.796171788759644;49.02841358263326;27233447
2007-01-22;50.11735534667969;50.179286213615065;49.606426724104125;49.76125595072524;14162108
2007-01-23;50.101863861083984;50.25668893886038;49.6477056319001;50.01413019948597;10812920
2007-01-24;50.266998291015625;50.35989248460521;49.84380356373071;50.101848024167964;5962200
2007-01-25;50.32378005981445;50.53537954838258;50.174115544270975;50.174115544270975;6486560
2007-01-26;50.29282760620117;50.488941334790645;49.978012704256024;50.32895566187849;6036571
2007-01-29;50.8553466796875;50.917277529099835;50.29281259263668;50.42183485236536;7630361
2007-01-30;51.28374099731445;51.325029634455476;50.834743027854095;50.8708711001734;7508083
2007-01-31;51.170166015625;51.34047689622051;50.757296395384685;50.989538130872695;6728500
2007-02-01;51.09278106689453;51.18567945868094;50.55604944703264;51.07729937445238;6914792
2007-02-02;51.180503845214844;51.469515968577014;51.03083927977147;51.14437990389825;6962490
2007-02-05;51.80497360229492;51.835936980831036;51.04116084227978;51.18050428282413;8561301
2007-02-06;51.53144454956055;51.81529197867502;51.37145474658342;51.60885711035852;6833309
2007-02-07;51.52626037597656;51.95073063634983;51.308851197332785;51.66084760051464;8052317
2007-02-08;51.56768798828125;51.62980550415521;51.06557174588158;51.1949828930375;6435201
2007-02-09;51.01380157470703;51.60909192020636;50.630744316355695;51.51591359737644;6381018
2007-02-12;51.02933120727539;51.35027096884003;50.842978687885214;51.1432139909545;5576226
2007-02-13;50.87921905517578;51.11215662190194;50.62557289757926;51.03968688129974;5965129
2007-02-14;51.350257873535156;51.4693126104995;50.8584940618611;50.9879051564094;5904461
2007-02-15;51.205322265625;51.51590561096963;50.97755673933056;51.27779198827052;5824756
2007-02-16;51.24154281616211;51.376130001909296;51.055190374902395;51.3088364090357;5021532
2007-02-20;51.42791748046875;51.484858873040494;51.01380351937275;51.070740780967085;4313913
2007-02-21;51.29330825805664;51.43824766923787;51.091427478702286;51.19495385912789;4500310
2007-02-22;50.98790740966797;51.50555181073692;50.610026335931394;51.14320320857454;6171505
2007-02-23;50.589317321777344;50.95684613532043;50.42367344171293;50.9361375520803;6648167
2007-02-26;50.16485595703125;50.6566156611348;49.931914323366705;50.6566156611348;6194517
2007-02-27;48.6378059387207;49.69897527922054;48.07874851385135;49.69379916583089;12548548
2007-02-28;48.10981750488281;48.70510782469203;47.86652361029859;48.508403089512186;12752414
2007-03-01;47.76299285888672;48.16675455606075;45.95124133585113;46.71735581621852;13457522
2007-03-02;47.053829193115234;47.814763513901305;47.022768373156765;47.623234872252866;9886060
2007-03-05;47.52489471435547;47.70089091814179;46.639721055574086;46.71737105657332;10789385
2007-03-06;48.55498123168945;48.601570384486386;47.7578101754885;47.83027989596345;9606673
2007-03-07;48.62745666503906;49.09851609993222;48.46181275048649;48.64298913844716;10741479
2007-03-08;48.140872955322266;49.08298356191449;47.89240295284349;48.91733964757995;7744479
2007-03-09;48.28580093383789;48.65850584895069;48.04768734721803;48.389331453916775;6624318
2007-03-12;48.71546936035156;48.74652605190316;48.12535504207034;48.29099899230128;5785740
2007-03-13;47.990753173828125;48.90180701568474;47.94416401970574;48.58604342614698;7885899
2007-03-14;48.534297943115234;48.67406133147966;47.67500901877887;47.9597119113006;9114739
2007-03-15;48.37382507324219;48.6429995904609;48.19264864635179;48.34794036598478;6181860
2007-03-16;48.27028274536133;48.89145360352607;48.15122386152778;48.89145360352607;9130220
2007-03-19;48.6533317565918;48.82415175154724;48.34274431443259;48.63262730410656;4778233
2007-03-20;48.917335510253906;48.932863851351236;48.425571661025614;48.658513301391984;4769760
2007-03-21;49.36252212524414;49.595459690883516;48.57052696631056;48.91734732278391;8018218
2007-03-22;49.27450942993164;49.40392053809083;48.99498275822037;49.227924405297586;5962618
2007-03-23;49.191680908203125;49.29003118916226;48.99497621530867;49.08297426995381;4615475
2007-03-26;49.176151275634766;49.305562363109175;48.824150804357764;49.176151275634766;7038952
2007-03-27;49.03638458251953;49.191676224395664;48.76202995644056;49.026028226215445;4911807
2007-03-28;48.79310607910156;49.18651555091938;48.55498829790449;48.606753571770426;8501888
2007-03-29;48.95357894897461;49.233109804381414;48.63781942077431;49.000168113372;7166669
2007-03-30;48.79310607910156;49.0467522031653;48.43593353828303;48.78275385052379;7989453
2007-04-02;49.284881591796875;49.43500134704438;48.68959107968388;48.92253282097864;6154350
2007-04-03;49.745548248291016;49.81284183703016;49.34696282799182;49.409080304595285;5994417
2007-04-04;49.80251693725586;49.92675195862521;49.471224923930144;49.590283830323905;4472905
2007-04-05;49.962982177734375;50.08203693714555;49.56439659233164;49.68345135174282;3459227
2007-04-09;50.014732360839844;50.180380374424544;49.75591017965986;49.916382080099055;5073728
2007-04-10;49.93193435668945;50.10793468093896;49.776642625925746;49.90087766292797;3761834
2007-04-11;49.25898361206055;50.056154757249836;49.15027695372493;49.957804458118;6209997
2007-04-12;49.522987365722656;49.60063321688298;48.932873113535784;49.191695371388484;7411224
2007-04-13;49.13991165161133;49.56438181281787;48.963911425650004;49.56438181281787;6305079
2007-04-16;49.78699493408203;49.849112452679094;49.03123661062564;49.17099999472448;7180895
2007-04-17;50.27357864379883;50.553109542547595;49.7041728770036;49.849112376515905;10736144
2007-04-18;49.0726432800293;49.64722926789613;48.865586271216074;49.0726432800293;16601798
2007-04-19;48.808631896972656;49.108867165081506;48.65851632840666;48.91733855336975;9880098
2007-04-20;48.958763122558594;49.25382237100633;48.61194271734652;49.186528736234486;9769954
2007-04-23;49.284881591796875;49.55405614468425;49.20205960574962;49.25900101208786;7580780
2007-04-24;50.982723236083984;51.71260056952872;50.330491724328965;50.330491724328965;22437432
2007-04-25;52.52013397216797;52.64436896350207;51.10696817495177;51.11214428867597;15509356
2007-04-26;52.23027420043945;52.54086179247622;51.87310156783077;52.2820394876086;9004491
2007-04-27;52.37002182006836;52.37002182006835;51.79543598050252;51.91967097992091;6423904
2007-04-30;52.90837860107422;53.317316458591655;52.26650318322732;52.33897292183943;10512718
2007-05-01;53.40532302856445;53.405323028564446;52.82556094140302;52.83073705665624;9068925
2007-05-02;52.91355895996094;53.389794610434556;52.866973922745096;53.21379429913005;7134034
2007-05-03;53.21379089355469;53.317317322831144;52.46320465915683;52.670265779664916;7638101
2007-05-04;53.29661560058594;53.332852537829325;52.92909076786024;53.18791305081137;5716181
2007-05-07;53.4001350402832;53.405311154385565;53.006725582642254;53.19307808325801;5878625
2007-05-08;53.675567626953125;53.72753026468176;53.11433381596114;53.22346364930743;6239390
2007-05-09;54.241966247558594;54.434240351532;53.888599753609206;54.00812205432997;8794873
2007-05-10;54.397865295410156;54.621316961280584;53.8937947981219;53.95095781661339;9371951
2007-05-11;55.07344436645508;55.07864062972753;54.39269240718611;54.40308493373103;6303301
2007-05-14;54.860382080078125;55.21374869824144;54.455044537965186;54.98510068579634;5996300
2007-05-15;54.4758415222168;54.979908133052945;54.40828594671971;54.77204514283558;6384993
2007-05-16;55.01627731323242;55.026669839019824;54.31993246784538;54.61614018807321;5871721
2007-05-17;54.725250244140625;55.20333528714782;54.423846369842416;54.881146368779355;8060894
2007-05-18;56.11796569824219;56.14914328124432;54.87597984788608;55.00069847401087;10310945
2007-05-21;55.624263763427734;56.12313805542249;55.535923168827146;55.9516489807852;7857761
2007-05-22;55.44758224487305;55.7333973889476;55.08901943310615;55.57749708843694;5557712
2007-05-23;54.86556625366211;55.60348105235057;54.6940771718221;55.499547521467555;4599157
2007-05-24;54.018524169921875;55.07343172501267;53.82105376972233;54.7980132465606;7244910
2007-05-25;54.657711029052734;54.78762588740668;53.96656248966919;53.99254794957425;6404658
2007-05-29;55.03704833984375;55.41120405518923;54.72005564881963;54.86036715236643;5669634
2007-05-30;55.567115783691406;55.65546054926825;54.673304631271016;54.772037775844716;7741446
2007-05-31;55.395626068115234;55.95165934088878;55.08382957788575;55.73860013383911;5332194
2007-06-01;55.36444091796875;55.728204158558874;55.09421869218495;55.40601516311121;5532503
2007-06-04;55.203330993652344;55.39040881690218;54.86555331850218;55.34363832432583;4780115
2007-06-05;55.00067138671875;55.36962667249445;54.84477110731306;55.36962667249445;5485433
2007-06-06;53.218257904052734;54.82919891602559;53.20786537835857;54.8240026531785;32186152
2007-06-07;52.90126037597656;53.613193939610944;52.776541784751785;53.244234428316226;15046292
2007-06-08;53.56124496459961;53.63399680914319;52.87529663201244;52.901277952542884;8594250
2007-06-11;53.63919448852539;54.04452798184515;53.265042727723234;53.457312798838274;8266643
2007-06-12;53.18185806274414;53.618372991921206;53.08312496216512;53.58199501988327;5835006
2007-06-13;53.587215423583984;53.65996725338156;53.05716341573195;53.44690802704168;6733730
2007-06-14;53.96657180786133;54.16923852424028;53.42612723085079;53.57682716550384;5403218
2007-06-15;54.61094284057617;54.66290961553847;53.982153572352715;54.1588389484016;9866186
2007-06-18;54.73564910888672;54.90193777482994;54.50699700939434;54.704467392112136;6651723
2007-06-19;55.34366226196289;55.426806614795375;54.51220629246597;54.52779922810616;6018684
2007-06-20;55.08382034301758;55.61387221401531;55.05783903446139;55.343650016805206;6842409
2007-06-21;55.395626068115234;55.603489012582514;54.88116289600087;54.96430724437636;5844839
2007-06-22;54.27316665649414;55.312481451717126;54.27316665649414;55.063048389098064;11305691
2007-06-25;54.61613464355469;54.96430495737398;54.304338166298706;54.42386049483491;8866314
2007-06-26;54.73564910888672;55.11499694240685;54.470623178056414;54.61612679752083;5470162
2007-06-27;54.787620544433594;54.808405592684956;54.25236822845056;54.434249841820126;5652375
2007-06-28;55.057830810546875;55.56189715064027;54.6784788799512;54.83437500211521;5680721
2007-06-29;54.6940803527832;55.385224688065016;54.09647288309089;55.06303984711407;7341246
2007-07-02;54.56937789916992;54.97990761198782;54.34592611989205;54.76684836006362;4917560
2007-07-03;55.38520050048828;55.645030082279135;54.68886020716838;54.82397125793523;4411923
2007-07-05;56.14912414550781;56.325809496812894;55.07343154560238;55.244916487787954;6977761
2007-07-06;56.658390045166016;56.98577528486447;55.94645653698916;56.01401208971879;9390151
2007-07-09;56.62721633911133;56.824686763267785;56.22707922808829;56.50249773995386;6324430
2007-07-10;56.450531005859375;56.72075323535511;56.25306059606965;56.40895676014583;6494928
2007-07-11;56.69477462768555;56.954604363915195;56.253067393741105;56.2790487085411;6158639
2007-07-12;56.78828430175781;56.980558366293806;56.23744340860532;56.82465812239549;9983129
2007-07-13;56.43494415283203;56.74674066163827;56.175114420003055;56.51289639032662;7451809
2007-07-16;56.985801696777344;57.183272184515474;56.34142344267218;56.419371555479074;9271953
2007-07-17;57.5626106262207;57.926373954771705;56.87666237137202;56.98579219934889;7970415
2007-07-18;57.72370147705078;58.13942739929473;57.183256948722146;57.292382618753145;10621189
2007-07-19;60.20762634277344;60.52981515768273;59.578841638056325;59.76072315643415;18076554
2007-07-20;59.6619987487793;60.20763927404981;59.20989505893456;59.68278379063937;12244790
2007-07-23;60.477848052978516;60.50383349662148;59.682770612717974;59.698363537725555;8410781
2007-07-24;60.368770599365234;60.800085348998394;59.77116297779764;59.92705917575168;10982268
2007-07-25;61.3717155456543;61.5172192259141;59.88548871913695;60.37916695573182;11861640
2007-07-26;60.555850982666016;61.745865863576135;60.03099517531408;60.80528408010359;17595917
2007-07-27;60.08293914794922;61.29374700154018;60.08293914794922;60.60259853020267;18973080
2007-07-30;59.511322021484375;60.15049963050282;58.99166259664993;59.76075920893404;15789788
2007-07-31;57.500240325927734;59.615251878999466;57.17285505163387;59.615251878999466;18635745
2007-08-01;58.222537994384766;58.581104815730015;57.19361631138568;57.36510118502466;12960254
2007-08-02;58.8409538269043;59.26707216872757;57.94194249383561;58.253738931179726;11839569
2007-08-03;58.144615173339844;59.33463387334612;58.04588204372109;58.84615619337874;10011580
2007-08-06;59.183937072753906;59.183937072753906;58.04588508262452;58.1861924645665;7578793
2007-08-07;58.99689865112305;59.32948040968864;58.331735133991856;58.73187249746828;8390384
2007-08-08;58.918636322021484;59.763457172926294;58.54315761380596;59.607009792029864;8034744
2007-08-09;57.745262145996094;59.70608963596504;57.745262145996094;57.76612068470227;9503956
2007-08-10;58.74131774902344;59.18980544762248;57.20811948797038;57.23419266044496;10033441
2007-08-13;58.777835845947266;59.424488105241984;58.56923377848157;58.923853963797036;6417733
2007-08-14;58.433624267578125;59.007271426807435;58.2719623003536;58.840394825912355;5873918
2007-08-15;58.006019592285156;58.850844644275384;57.31764609020143;57.88607465253959;12175649
2007-08-16;57.20289993286133;58.10508572522852;54.079138538298764;57.875629342031736;17492258
2007-08-17;57.83390808105469;58.756956570897266;56.665759305990214;58.339760877068464;15977232
2007-08-20;56.957794189453125;57.9382077936397;56.91086248410412;57.83390679164833;10292431
2007-08-21;56.86392593383789;57.421925051146204;56.36328778904473;56.79091689800871;8847591
2007-08-22;57.364559173583984;57.62530751033182;56.92129033048779;57.41149503947989;6620866
2007-08-23;58.12073516845703;58.24067591608875;57.36977790733078;57.57316112512267;8651466
2007-08-24;59.05424118041992;59.059455817082934;57.78700539860421;58.120762953643236;7383400
2007-08-27;59.158531188964844;59.37234375242293;58.82477367277735;58.92907471733875;5148203
2007-08-28;58.407588958740234;59.23676619045134;58.21463490270174;58.876935425349096;6282904
2007-08-29;59.7478141784668;59.96162671207838;58.444076273764814;58.866486705659916;7374091
2007-08-30;60.16498947143555;60.493532193741196;59.25237449766983;59.25237449766983;8112881
2007-08-31;60.85337829589844;61.19756498343061;60.25887250408123;60.48832890852951;7200246
2007-09-04;61.63562774658203;62.00067299788033;60.571775640341585;60.67085786507977;8441743
2007-09-05;61.47397994995117;61.61478345765116;60.780391684359245;61.265382006628194;6857053
2007-09-06;61.33837890625;61.927670164097506;60.618713439482946;61.494826292265365;7090416
2007-09-07;60.25887680053711;60.99940073541342;60.14414650927296;60.597848877708664;7857238
2007-09-10;60.38924789428711;61.275789884292294;60.13892878501332;60.57177259160922;6399742
2007-09-11;61.197547912597656;61.42178961996522;60.514389362627206;60.67605131137991;8471240
2007-09-12;60.49355697631836;61.223651751462285;60.33189494657182;60.98898066037339;6576411
2007-09-13;60.46748352050781;61.01505355892385;60.35796784813644;60.650008253886625;5023624
2007-09-14;60.03984451293945;60.493542680840115;59.78952541222224;59.998123275580106;7222002
2007-09-17;59.721736907958984;60.102426069413454;59.60700661516566;59.81560449914999;5253430
2007-09-18;60.82209777832031;60.90032147270713;59.88340512223801;59.972062249367305;8200117
2007-09-19;60.84295654296875;61.114134218870504;60.37882488048768;60.962897313679136;10785515
2007-09-20;60.942039489746094;61.354020643617666;60.5978527556473;60.63435936401114;6073494
2007-09-21;60.900306701660156;61.5886842010864;60.676064943910575;61.47916855847513;9515776
2007-09-24;60.623924255371094;61.23929281326414;60.41532636658631;60.96289634486136;5998078
2007-09-25;60.759521484375;61.32273960744377;60.384046897382994;60.503991844476204;7369279
2007-09-26;61.17149353027344;61.578260005310796;60.884667814501235;60.983754196782435;7003179
2007-09-27;61.38530349731445;61.64605186719906;61.035898018168645;61.2757878502127;6102887
2007-09-28;61.4322395324707;61.797288940697506;61.06719428596363;61.08805282527268;8075329
2007-10-01;62.07366943359375;62.31877387076117;61.27578051605956;61.33314564997442;7089056
2007-10-02;61.72428894042969;62.3709453710101;61.60955863397051;62.21970845368833;7229429
2007-10-03;60.702171325683594;61.45312479543197;60.63959152306113;61.35403837389587;8278149
2007-10-04;60.33186721801758;60.88465164057272;59.97203671237138;60.59783016271388;6461665
2007-10-05;60.6500129699707;60.863825533955534;60.21716904421148;60.582218539355;6013872
2007-10-08;61.41659164428711;61.656481477660016;60.430963300069834;60.54569358226726;5044753
2007-10-09;61.69298553466797;61.797286550618736;60.712575960984715;61.4583144913581;5931448
2007-10-10;61.859867095947266;61.95373468209283;61.369662303018856;61.53653893654867;6185835
2007-10-11;61.56259536743164;63.34089767963684;61.20797949633243;62.05280418876244;13617665
2007-10-12;61.437469482421875;62.00068343977041;61.16107297780104;61.79730015942561;5916385
2007-10-15;61.55221176147461;61.72952190941546;60.88469659027815;61.510494664350816;6555596
2007-10-16;62.370948791503906;62.54825473478775;61.275804507931646;61.5469822204557;12057556
2007-10-17;60.37881851196289;61.5417527822305;59.52877896598206;61.5417527822305;18933123
2007-10-18;59.86774444580078;60.70735463026375;59.680005134829024;59.87817371390159;8092379
2007-10-19;58.5535888671875;59.93555465097238;58.30326971990024;59.440135153543196;10802251
2007-10-22;59.12200164794922;59.38796461182863;57.86519586160545;57.870410495272196;7925437
2007-10-23;59.80515670776367;59.86773646975023;59.18979251632804;59.33581057372381;5818793
2007-10-24;58.90300369262695;59.685244908580906;58.24069911035007;59.55487067896844;8443940
2007-10-25;58.8299560546875;59.65913683535346;58.2458838428737;59.095918994609306;6819815
2007-10-26;59.30971908569336;59.450522466238155;58.44403611372799;58.92902599801755;5261694
2007-10-29;59.86774444580078;59.97726008429743;59.37232091725982;59.39839824923094;5337947
2007-10-30;59.51314926147461;59.919915829474334;59.32019524921004;59.71131790960683;4200213
2007-10-31;60.55611801147461;60.6239124161331;59.07507037713233;59.84167152638389;7548773
2007-11-01;59.268035888671875;60.54048592327543;59.09594044554684;60.23280164437427;7943742
2007-11-02;59.75822448730469;60.050264781610714;59.22629855886453;59.669571553137594;6396081
2007-11-05;59.13766098022461;60.02941767227652;58.84041013678061;60.02941767227652;7484444
2007-11-06;59.0177116394043;59.42447811145746;58.2354665031238;59.18459243296742;7635486
2007-11-07;58.133270263671875;59.473035638130874;58.039065530993916;59.4311664039982;7413002
2007-11-08;55.53224182128906;57.73552834956407;54.42274677043882;55.29150102889783;24154441
2007-11-09;52.46542739868164;54.90945022757977;51.95254708617581;54.90945022757977;18915969
2007-11-12;53.09341812133789;54.52738746103027;52.70090835703844;53.32369252110395;14177066
2007-11-13;55.092628479003906;55.338602399278294;53.64296314790486;53.76332936544977;11273683
2007-11-14;54.13490676879883;55.69447622824102;53.82089795343113;55.537473908798276;8842466
2007-11-15;54.2186279296875;55.28625346689041;53.93078902159258;54.03022268609619;8392686
2007-11-16;54.8414306640625;54.95133481216178;54.03547804862225;54.69489458425208;9721524
2007-11-19;53.49641799926758;55.155425172615516;53.035873170851886;54.6059129281529;9939301
2007-11-20;54.12443542480469;54.93562095993303;53.05680972923307;53.69005625627221;8779496
2007-11-21;53.49641799926758;54.47507628171115;53.072509269507584;53.072509269507584;7423671
2007-11-23;54.45414352416992;54.5012417096226;53.54875326638977;53.956962599203834;2957774
2007-11-26;53.36555862426758;55.02979822054979;53.23472203354954;54.56402045877119;7678372
2007-11-27;54.3390007019043;54.73151059932235;53.11960596020698;53.747619290187025;9536905
2007-11-28;56.19164276123047;56.662653775006746;54.616370133450886;54.857110859450806;9829994
2007-11-29;56.25968551635742;56.45332391514806;55.60550230104874;56.12361574169175;8173235
2007-11-30;55.0455207824707;57.14413591124836;54.39133760311357;56.81966088722797;13493609
2007-12-03;55.385711669921875;56.07129384104158;54.73152829603694;55.23917142004477;8283065
2007-12-04;55.804378509521484;56.21782099978128;54.804787642149044;55.16589463550052;6654443
2007-12-05;56.605098724365234;56.79350401032334;55.98755154523768;56.43239283478311;6370558
2007-12-06;57.41106033325195;57.568062674981576;56.48473732878503;56.521373435979434;5560013
2007-12-07;56.97142028808594;57.568034744270555;56.495176184518364;57.40056621787529;6260833
2007-12-10;57.24881362915039;57.70412116615381;57.044704777862115;57.243580497218076;4646541
2007-12-11;55.99277877807617;57.777385233324935;55.71540609872884;57.22263987463027;8827926
2007-12-12;56.76732635498047;57.67271655871745;56.196881620027014;57.133670612191565;8242271
2007-12-13;56.61555480957031;56.856295549980445;55.96660477788493;56.521354271768864;6540429
2007-12-14;55.354270935058594;56.29105955093618;54.48028404729167;56.160222965412274;10157915
2007-12-17;54.70534133911133;55.46942861721756;54.42796867772369;55.14495359823231;7459131
2007-12-18;55.636905670166016;55.982317443346815;54.496011886412255;54.99319284156269;8411932
2007-12-19;56.0713005065918;56.72025082474911;55.406650787950824;55.75729161450226;7354531
2007-12-20;56.96099853515625;57.30117316065139;56.31728540221195;56.40625286534635;8400321
2007-12-21;58.11757278442383;58.175137240592335;57.1232149851871;57.51572497250284;13855944
2007-12-24;58.43156433105469;58.61473645269272;57.855886486594336;58.19606089736129;2450150
2007-12-26;58.38447570800781;58.71417973385633;58.039063933008435;58.039063933008435;4026472
2007-12-27;57.358699798583984;58.24839048412079;57.30113118467457;57.84541018675488;4721226
2007-12-28;57.61516571044922;57.965806505133905;57.10228526272817;57.965806505133905;6102887
2007-12-31;56.57368087768555;57.56803836723848;56.13407283587123;57.311602431087316;5995986
2008-01-02;54.78908157348633;57.03946590165844;54.51694203448429;57.03946590165844;9940661
2008-01-03;54.89897537231445;55.24962019616054;54.41749810148001;54.862343456572425;7875229
2008-01-04;52.92597961425781;54.40181482537527;52.58580512775786;54.40181482537527;11542192
2008-01-07;52.36075210571289;52.85793298240248;51.82693931056153;52.4654230828522;13232318
2008-01-08;51.07331848144531;52.53345385712099;50.85351445841835;52.360748011290525;9868382
2008-01-09;51.45011520385742;51.889723132391936;50.84826773446282;51.16227220442177;11424517
2008-01-10;52.292701721191406;52.78464932083286;50.8430370999948;50.96864056473389;11123896
2008-01-11;51.11518478393555;52.05197361427932;50.785476679991916;51.91590386830137;9372055
2008-01-14;53.86800765991211;55.26010872516737;53.03065209699423;54.95656613287084;18837832
2008-01-15;53.29230880737305;54.762910583810026;52.97830422375793;53.39697978623241;12164457
2008-01-16;53.187644958496094;53.831357731837535;52.40785823448873;52.40785823448873;13265058
2008-01-17;52.9102668762207;54.14012784989095;52.360750527524246;53.38127790618817;12482964
2008-01-18;54.113956451416016;55.85146436448758;53.64294547143786;55.85146436448758;24969798
2008-01-22;52.973052978515625;53.95171092037953;51.57572376081315;51.57572376081315;15825457
2008-01-23;55.52701950073242;55.6526230536989;51.549587578404015;52.14096923341993;20489153
2008-01-24;55.950923919677734;56.26493277717595;54.7838642787404;55.67355116908879;13624882
2008-01-25;54.70011520385742;56.411457925137924;54.48031113442536;56.411457925137924;10486568
2008-01-28;54.94084548950195;55.354287889920165;54.33899784704374;54.65823971468254;8219991
2008-01-29;55.52701950073242;55.89335971648208;54.74199938293343;55.2130106183162;6920545
2008-01-30;55.29149627685547;56.33818947349238;54.87805380065811;55.396167267111935;7772931
2008-01-31;56.05557632446289;56.50565066492047;54.27096582673149;54.53787222288997;9471112
2008-02-01;57.08656311035156;57.254035829656324;55.401390537843554;56.08173932396655;8417267
2008-02-04;56.484703063964844;57.04468136272419;56.1183630966644;56.87197972688266;6260833
2008-02-05;54.9617919921875;56.54753129540867;54.78385714318337;56.0294177921412;9465149
2008-02-06;54.420684814453125;55.94419193276823;54.41543167413604;55.187689417702586;8645922
2008-02-07;53.763980865478516;54.63605634391793;52.84988027973286;54.052924440453125;11773567
2008-02-08;54.252540588378906;54.46267864148745;53.62212223660562;53.68516407178295;6365538
2008-02-11;55.2349853515625;55.45037673447462;54.04244674447028;54.1370116781546;6378822
2008-02-12;55.96519470214844;56.38547100868481;55.00381149802283;55.2454684876789;8002109
2008-02-13;56.95808792114258;57.226014739021416;56.10702503127784;56.2803911691489;6912177
2008-02-14;55.755062103271484;57.000135921172166;55.4240933259789;56.705939123328726;7678268
2008-02-15;55.77080154418945;55.818083978993215;55.16139979957417;55.30324291153692;6522438
2008-02-19;55.16142654418945;56.53783741929249;54.97230090572676;56.18059870471275;7715714
2008-02-20;56.658653259277344;56.84777465596049;54.91449784335373;55.387313912410086;8023866
2008-02-21;56.17533874511719;57.57801515288428;55.91266497787952;56.78999385117129;8711088
2008-02-22;56.77419662475586;56.98958779657334;55.534380958357204;56.28562558771672;8281391
2008-02-25;57.83018112182617;57.95626486218578;56.43801103050961;56.43801103050961;8533268
2008-02-26;60.08919143676758;60.40964982917165;57.28909101208908;57.53600542553595;19509469
2008-02-27;61.181861877441406;61.271169399868114;59.316880833461404;59.805451926951136;12400225
2008-02-28;60.54097366333008;60.887706072468426;60.18373916620455;60.73009928855546;7559651
2008-02-29;59.81599044799805;60.4884342312315;59.548063562608945;59.91055115183255;8864955
2008-03-03;60.01036834716797;60.31507141867614;59.61636189880822;59.815993789120476;6627142
2008-03-04;60.78788757324219;60.79314071342202;59.23286165365542;59.57433672759591;8988592
2008-03-05;60.61978530883789;61.15563920517954;60.02088953101776;61.15563920517954;8822173
2008-03-06;59.112037658691406;60.49370172203816;58.970194473064474;60.44641926267894;8387246
2008-03-07;59.858001708984375;60.283535258866756;58.733758839990195;58.76002872396619;8498645
2008-03-10;59.894779205322266;60.9349634997296;59.42722053856902;59.42722053856902;10195676
2008-03-11;61.1976432800293;61.234419445095696;59.910544581893696;60.83515573055697;10962708
2008-03-12;61.50234603881836;61.99091730579294;60.47266373074168;61.17137732442932;9501027
2008-03-13;60.89296340942383;61.35001179465535;59.700425033475824;60.77738593174546;9988149
2008-03-14;60.535709381103516;61.21340626908871;59.20132816214059;60.97700242540643;10182392
2008-03-17;60.70382308959961;61.48658696377665;59.36418871648673;59.36418871648673;9707194
2008-03-18;62.206302642822266;62.21680891966549;59.78970804072286;61.255425894226875;10424959
2008-03-19;61.434043884277344;62.25358377017753;61.28169029591223;62.14325948074913;9742862
2008-03-20;62.164283752441406;62.24308502909525;61.28169771506033;61.512852598524184;11943123
2008-03-24;62.54777908325195;62.93128335180185;62.0592078513336;62.29036271715232;8784308
2008-03-25;61.975162506103516;62.568804980660325;61.54437573518772;62.568804980660325;8832006
2008-03-26;61.41830062866211;61.97517120619276;60.39387543183003;61.77553930687804;10059487
2008-03-27;60.68804168701172;61.04527599294807;60.157441269290466;60.9507153271687;8825311
2008-03-28;60.18899154663086;61.33424737151325;59.999865923792896;60.86668855079588;6904541
2008-03-31;60.488426208496094;60.871926304940594;59.54280252577266;59.96833192526345;10153731
2008-04-01;61.1976432800293;62.18529628848549;60.39911585095185;60.51994643159238;12421668
2008-04-02;60.31504821777344;61.40251482032927;59.879012626171615;61.381502269152804;8375950
2008-04-03;60.950740814208984;61.37101713722284;59.81599138811173;60.07340780605411;7377333
2008-04-04;60.814151763916016;61.244938595116274;60.20474978613651;60.9665054026985;5996927
2008-04-07;61.10310745239258;61.65997394680504;60.84568676951861;61.13462629889096;6465535
2008-04-08;61.08208084106445;61.40253914323964;60.56198645383911;60.793137185689254;7618332
2008-04-09;61.344764709472656;61.84384665351645;60.79315135443563;61.20292151488891;7132779
2008-04-10;62.400699615478516;62.63185454351726;61.402540136334125;61.42881002858403;9570168
2008-04-11;60.94023132324219;61.88585516146587;60.68281070870743;61.62843873938098;9996413
2008-04-14;61.61267852783203;61.9594109211043;60.91396898620933;61.0453058705685;8101898
2008-04-15;61.554893493652344;61.81756727815132;60.698581316334035;61.518121511594686;9039532
2008-04-16;63.28853225708008;63.288532257080085;61.554887135440985;62.06972837067136;20206314
2008-04-17;64.6596908569336;64.9959127689018;63.409363918619;64.29719905331865;19873059
2008-04-18;65.35314178466797;65.6683511109657;64.69645743506838;65.10097432362979;13065377
2008-04-21;65.32689666748047;65.41095111682284;64.11859876054915;64.94339221570765;7272629
2008-04-22;64.96964263916016;65.32687708612448;64.62291027870836;65.07470962123216;5666705
2008-04-23;64.932861328125;65.5527694698516;64.42852643828006;64.9801437721603;7942592
2008-04-24;65.2427978515625;65.6157915751288;64.47578946959986;64.81726436826538;6272548
2008-04-25;64.6596908569336;65.40568283107088;64.1238370537202;65.40568283107088;6603816
2008-04-28;63.929466247558594;64.64393947145554;63.90320054509752;64.41278451999601;5863039
2008-04-29;64.53884887695312;64.72272131626193;64.11331947029065;64.11331947029065;7558396
2008-04-30;63.409366607666016;64.88033805896374;63.30429961397341;64.79628362551964;8502202
2008-05-01;64.93812561035156;65.36890824230714;63.59849106988591;63.59849106988591;8608789
2008-05-02;64.71221923828125;65.14300181181484;63.96622734725386;64.77526110178002;7234764
2008-05-05;64.10807800292969;64.7489987990664;63.95572436936235;64.24466802443834;6651828
2008-05-06;64.52312469482422;64.79630483728366;63.45141669211365;63.829668055112045;6182278
2008-05-07;65.4831314086914;65.92622829809491;64.57056877862014;64.76574205767756;11931513
2008-05-08;65.89456939697266;66.02644310635496;65.25102889447258;65.51477631323719;10244524
2008-05-09;65.44096374511719;65.75218284053342;65.2141384821245;65.60448521461501;5756033
2008-05-12;66.0633773803711;66.4589985551276;65.17718780113469;65.31433613828334;9065473
2008-05-13;66.77022552490234;66.83352508884039;65.95261001615775;66.00008574150809;10139296
2008-05-14;67.26605987548828;67.9570761234751;66.56976480606671;66.73856501397046;9297162
2008-05-15;67.76190948486328;67.87795937605007;66.93901944100114;67.16584040142358;7560383
2008-05-16;67.42430114746094;67.77244654896556;66.88625710615759;67.76189732612998;6665217
2008-05-19;66.72272491455078;67.63001265592145;66.49062521145646;67.35044145776412;6678919
2008-05-20;66.03173065185547;66.49065141877993;65.6466628810869;66.49065141877993;7340514
2008-05-21;65.2088623046875;66.6752977188487;64.89236439274194;65.9631784693683;8717259
2008-05-22;65.7785415649414;66.12141246037241;65.17192317924236;65.17192317924236;5262740
2008-05-23;65.51480102539062;65.88931963878595;65.28797580232639;65.59392443894808;4917769
2008-05-27;67.16053771972656;67.19218959027012;65.40925769748063;65.41453230764036;7310703
2008-05-28;68.33160400390625;68.33160400390625;66.9864978155899;67.25551568558353;10329878
2008-05-29;68.42129516601562;68.56899276817063;67.86742705314037;67.92017318991864;7909329
2008-05-30;68.27359771728516;68.56899292225899;67.94127600689562;68.16282241062599;9050933
2008-06-02;67.18167114257812;68.24193569013832;66.83352564282679;67.7777402872741;7948868
2008-06-03;67.43486785888672;68.04676082831384;67.23441994426815;67.23969455705385;7571157
2008-06-04;67.28189086914062;67.78300851514447;66.70164561782155;67.45068688541608;6728186
2008-06-05;67.76719665527344;68.06787066368723;67.09727866500411;67.2080539643546;6436352
2008-06-06;65.90512084960938;67.59310607063807;65.7996244042866;67.39793280576654;8248965
2008-06-09;66.39041137695312;66.55920735440405;65.4409224274303;66.13721320119079;5840864
2008-06-10;66.4326400756836;66.84408520351187;65.74162358224801;65.87349734446897;5631873
2008-06-11;65.013671875;66.41153272538988;64.8079493386411;66.41153272538988;7538731
2008-06-12;65.33015441894531;65.98424837568201;64.95035711317824;65.33015441894531;7059036
2008-06-13;66.54342651367188;66.76497295580927;65.48843623943702;65.63085925292455;6673062
2008-06-16;66.83879852294922;67.06562371038831;65.75216093902849;66.17943404047175;6569089
2008-06-17;65.98951721191406;67.04450261962165;65.73631903022981;67.04450261962165;5520683
2008-06-18;65.49368286132812;66.16360072560288;65.25103806448344;65.69940537172525;6918976
2008-06-19;65.94731903076172;66.263816771876;64.54418395633905;65.2352043752374;7918429
2008-06-20;64.7446517944336;65.94733937204745;64.61805265893871;65.83656407609256;10067645
2008-06-23;65.12444305419922;65.67303644984014;64.56529622360686;64.88179403247167;6121506
2008-06-24;65.12444305419922;65.54116271361207;64.30155296073784;64.92399514351602;7900333
2008-06-25;65.71525573730469;66.37462039123399;64.98731268036478;65.23523638334859;7459549
2008-06-26;63.89540100097656;65.31436062407383;63.700227646544406;65.10863804122724;10157288
2008-06-27;63.3256721496582;64.38066180089736;62.38145775886674;63.83734314080988;12196778
2008-06-30;62.523887634277344;63.41535179962591;62.3234397466568;63.315129960608964;8827194
2008-07-01;62.914241790771484;62.96171751477476;61.505831795096405;61.98057640636767;10532592
2008-07-02;62.82454299926758;63.589407829538466;62.307597492008604;62.460569616145705;8465487
2008-07-03;63.05667495727539;63.710769135394905;62.18630899416748;63.2729467422638;6396499
2008-07-07;64.09053802490234;64.69187738035554;63.09884797227157;63.09884797227157;9551131
2008-07-08;65.34597778320312;65.40400272196476;63.58942262346986;63.58942262346986;10264712
2008-07-09;63.510318756103516;65.67304494224372;63.51031875610351;65.52007273550568;9944008
2008-07-10;64.97673034667969;65.16662898777071;63.647444068628744;63.647444068628744;10516066
2008-07-11;64.41759490966797;65.27213683920029;63.59997947635414;64.24879889446402;9248104
2008-07-14;64.11165618896484;65.54116466982462;63.95340517501554;65.15081806217182;8700000
2008-07-15;64.98728942871094;65.67303111758397;63.246557935672115;63.826803169880655;11203183
2008-07-16;66.4326400756836;66.93376205595843;64.48618553428804;64.78158495064872;10354145
2008-07-17;66.73856353759766;66.97065908254618;65.40927718951272;66.66998937550078;12863917
2008-07-18;68.5162582397461;68.574283213186;66.15835804582558;66.36408065551856;19160419
2008-07-21;67.86739349365234;68.52148315255593;67.3293494878659;68.4845608750687;8137462
2008-07-22;68.57424926757812;68.57424926757812;67.12891710029962;67.25551200471463;11954316
2008-07-23;68.3210678100586;68.74834097709245;67.67225245352073;68.45821618229469;10700894
2008-07-24;68.57424926757812;69.06481767714514;67.94125790715574;68.0784062457266;9357830
2008-07-25;67.79882049560547;68.52148432031558;67.5192450562226;68.04673984885953;7913513
2008-07-28;66.59615325927734;67.75136501102655;66.532853696881;67.35574379844623;6377253
2008-07-29;67.33992767333984;67.6089497919412;66.5961608871824;66.74913309316696;6254452
2008-07-30;67.97288513183594;68.04673389118915;67.03922010414715;67.5825386826936;6094101
2008-07-31;67.50870513916016;68.31049666095178;67.38210603471026;67.57200469138509;6126736
2008-08-01;66.8018798828125;68.20501535749214;66.61198118397364;67.79357028146832;5166926
2008-08-04;67.28715515136719;67.57200101609321;66.59613893595073;66.87043557747745;6270665
2008-08-05;67.97817993164062;67.99400797802008;67.03396540213048;67.62475986200404;7290515
2008-08-06;68.39653778076172;68.57658159454505;67.64986983319092;68.02055622812608;6541475
2008-08-07;68.33828735351562;68.82547144764767;67.7293061793546;67.94112516697793;6938641
2008-08-08;68.21119689941406;68.77781260047345;67.58632600970394;68.04703432717417;8955643
2008-08-11;67.04092407226562;68.01000183303749;66.59081007409033;68.01000183303749;7834958
2008-08-12;66.31010437011719;66.98792671062246;65.8758719240535;66.72844711955693;7318653
2008-08-13;66.61726379394531;67.2474299440777;66.06123831816879;66.19362573868554;6127259
2008-08-14;67.22093963623047;67.91464758509376;66.0877039971667;66.19891076569569;7126398
2008-08-15;66.91378784179688;67.35331120268772;66.37894320858015;67.28976509646479;5822245
2008-08-18;65.97649383544922;67.25270704324971;65.49460493744698;66.98263711599698;6244620
2008-08-19;64.90149688720703;66.08238858572402;64.6102421603222;65.46811242008562;9739934
2008-08-20;64.87503051757812;65.64817421295041;64.61025574255842;65.39928491019583;7187694
2008-08-21;65.12921905517578;65.36222290025246;64.36666985289102;64.38255532615065;6605490
2008-08-22;66.15653991699219;66.37895343603267;65.02860375321674;65.2933785322774;6264703
2008-08-25;65.06036376953125;66.15652880416012;64.97563703773947;65.91823407862394;6095460
2008-08-26;64.86970520019531;65.05504830173399;64.3401601223416;64.91207066585551;6504237
2008-08-27;65.33575439453125;66.11419343318315;64.70029731835417;64.82738957878651;6112615
2008-08-28;65.97119903564453;66.43190308088005;65.44164949290925;65.69583394957955;5698817
2008-08-29;64.46199798583984;65.658779911249;64.40904639921652;65.51050701673458;7485176
2008-09-02;62.70388412475586;65.66406322640725;62.433814177749866;65.06567237163148;12290291
2008-09-03;62.66680145263672;62.8309597501287;60.977540941037745;62.66680145263672;11837164
2008-09-04;60.89812088012695;62.96335900978621;60.845165081062575;62.481470112865715;10599955
2008-09-05;60.54331970214844;60.94577701158664;59.92904342342436;60.44800264506401;9216724
2008-09-08;62.11079406738281;62.63504853587559;60.9722674412;62.48677565464116;10933629
2008-09-09;60.91929626464844;62.53971568502092;60.898115637239584;62.3702579878007;8479190
2008-09-10;62.50796127319336;63.51939995755324;61.480637113002196;61.63950454926865;12397401
2008-09-11;63.12220001220703;63.21222610679396;61.48589555508107;61.74537507598105;10185320
2008-09-12;63.00043487548828;63.16459321843768;61.86190411243817;62.83627230655504;6940315
2008-09-15;60.99874496459961;62.703891599192794;60.99874496459961;61.08876688233781;10364082
2008-09-16;61.454132080078125;62.29611261033641;60.00846149562133;60.225579799282166;14302167
2008-09-17;59.02881622314453;61.16289577564703;58.57340308035867;60.786918450101886;12863708
2008-09-18;60.961647033691406;62.79918447286952;58.80109240413979;59.79134572893795;16730770
2008-09-19;62.9368782043457;65.66405303987244;62.22198553894446;63.32874516979578;15096500
2008-09-22;61.53886032104492;63.61998772158359;61.43824812685244;62.72505138236401;9250824
2008-09-23;61.088748931884766;62.57678095940137;60.442701770569286;61.53886684028074;8381389
2008-09-24;61.6712532043457;62.576779937144394;60.506246889509974;61.92014247299072;6876509
2008-09-25;63.60414505004883;64.59969425333308;61.49124106449475;62.35440704718081;6840003
2008-09-26;63.23873519897461;64.08072029660546;61.96252176992554;62.068433386653226;4979483
2008-09-29;60.61216735839844;62.71447602687186;58.223903262562416;62.19022581870175;10027688
2008-09-30;61.936058044433594;61.936058044433594;59.208877755250924;61.33766701311396;19865527
2008-10-01;58.319217681884766;61.85131177877515;57.0588941051804;61.16818996244723;13738582
2008-10-02;55.46494674682617;58.234487262781414;54.56471507365366;57.44545811819906;11985277
2008-10-03;54.77653121948242;58.753443455070254;54.559417104774184;55.687353160251476;10081243
2008-10-06;53.283203125;54.543526537179105;51.15441481588401;53.5956342865984;12051384
2008-10-07;50.65135955810547;54.34231739013866;49.90469573826321;53.74922161578579;11941241
2008-10-08;47.95064926147461;51.6204214322855;47.648804168845736;48.459013938452046;18807498
2008-10-09;47.12984085083008;50.471291552466134;46.72208845944537;50.46070123985604;22273106
2008-10-10;46.46791076660156;48.538448186491344;44.22262471143202;46.2878627482684;25770720
2008-10-13;48.82969284057617;49.57106122679926;46.0442672923038;47.89239098843859;17888274
2008-10-14;49.56578063964844;52.425343444479836;48.718500423781336;51.059108163903765;15809453
2008-10-15;46.75387954711914;50.46072298726354;46.44674344512711;49.12625850361465;11852017
2008-10-16;48.46430206298828;48.71848647758375;44.66743821740396;47.331070962218625;17019780
2008-10-17;48.072444915771484;50.78902953959726;46.44673026714384;48.586104734878546;15931312
2008-10-20;48.98855972290039;49.41219762563849;47.304594199635865;48.82969656586938;10195467
2008-10-21;47.05571365356445;48.96208862430562;46.90214141268925;48.83499639612508;10163354
2008-10-22;44.27028274536133;46.38318572512771;42.78754573983351;46.07075031664038;14851213
2008-10-23;44.66743850708008;45.4829433208769;42.893451201844954;44.5297559859451;12926468
2008-10-24;43.46007537841797;44.646266738908935;41.739043522776704;41.977338290796105;12852516
2008-10-27;42.183860778808594;44.746873059974334;41.83965022707026;42.50688225114439;11609659
2008-10-28;46.21902847290039;46.393781360602006;42.109728179824245;43.10528124937006;14859371
2008-10-29;46.70619201660156;48.188928539413176;45.67357329656629;46.46260218381436;13275832
2008-10-30;48.0247917175293;48.9303186571227;47.07689928870973;48.194245222465995;12587355
2008-10-31;49.232173919677734;49.87822135093411;47.145750270108614;48.13600839195052;10989590
2008-11-03;49.07858657836914;50.13238619420994;48.80851667176935;49.0574017247258;8039870
2008-11-04;49.45988464355469;50.180072843122645;48.7555861489514;50.180072843122645;10640958
2008-11-05;47.62762451171875;49.459863055890494;47.500532283385226;49.21097375657206;9106685
2008-11-06;45.34315490722656;47.30278491800347;44.87987119558895;46.69039947723381;13098012
2008-11-07;45.939571380615234;46.17387778908648;44.86390200443525;45.6786411755488;8292479
2008-11-10;44.661537170410156;46.914054282606145;44.0598055218097;46.85547769521864;10130615
2008-11-11;44.059818267822266;44.88520698878843;42.73386815506914;44.33139800179738;10474226
2008-11-12;42.4622802734375;43.87875527585311;42.37175512935193;42.9894653616703;11891346
2008-11-13;44.84260940551758;44.938463586239486;40.15120254888871;42.39839154124397;15798366
2008-11-14;42.776466369628906;45.47628492173287;42.33448162465381;44.00123743456536;12576790
2008-11-17;41.25880432128906;42.46227611713512;41.088403566794526;42.281221597078265;10789804
2008-11-18;42.64333724975586;43.09596724567487;41.00320954778186;42.13745116658898;13650928
2008-11-19;40.454715728759766;43.133234501524505;40.326913048801835;42.563451448851765;13186294
2008-11-20;38.202205657958984;41.743395280344835;37.54722211771397;39.93818741418918;18445896
2008-11-21;39.87428283691406;40.99255002222538;37.00938451970331;38.73471236977453;20715507
2008-11-24;42.54215621948242;43.713679590918225;39.93818780900301;40.33224543850736;15714267
2008-11-25;42.94685745239258;43.878749562840355;41.65286056314083;43.330265512025385;13095606
2008-11-26;43.490028381347656;43.55392974171688;41.86055006634502;42.34513290354008;8619668
2008-11-28;43.452762603759766;43.61251390758803;42.65399758540028;43.13325574649416;4088082
2008-12-01;40.94995880126953;43.32495002705408;40.89138220326567;43.10662216148192;10737190
2008-12-02;42.51553726196289;42.60073765787815;40.545253139974015;41.4292184028165;9733239
2008-12-03;42.957523345947266;43.13325316934601;40.99789273742742;41.8658795859237;10206659
2008-12-04;41.237525939941406;43.04273453770683;40.56656360270503;42.61672393892203;11416044
2008-12-05;42.91492462158203;43.39950750658562;40.103272987157865;40.886063666508186;11727752
2008-12-08;45.188724517822266;45.73188385641466;43.52197319427914;43.9692783851155;11691770
2008-12-09;44.03318405151367;45.492261447075784;43.77225387313598;44.63492003949308;9786794
2008-12-10;44.123722076416016;45.257963910844516;43.575237818555784;44.704154893168855;8563602
2008-12-11;42.90959548950195;44.12371708297864;42.47826024600389;43.39950308434124;11173790
2008-12-12;43.77225112915039;44.16630875140153;41.56766514729259;41.89782141864874;10859258
2008-12-15;44.0757942199707;44.48582621626277;42.600742285420296;43.93734196796582;9255217
2008-12-16;46.0087890625;46.24309542799509;44.12903462823502;44.25683732766731;12091551
2008-12-17;45.710601806640625;46.47208926532061;45.08224185294455;45.49759864858818;8987232
2008-12-18;44.73074722290039;46.13657206692254;44.176938594844756;45.67328854165114;8398857
2008-12-19;44.47516632080078;45.38043050735781;44.182283356343845;45.38043050735781;13701136
2008-12-22;43.660430908203125;44.437892456659455;42.77114092314628;44.34204254643621;7409132
2008-12-23;42.92022705078125;44.097070587786966;42.66994647405806;43.85211901765536;6667622
2008-12-24;42.87763214111328;43.25039069200142;42.55812966847462;42.893606414823765;2526299
2008-12-26;43.3089714050293;43.55924779916164;42.893610501730336;43.095964070165145;3243960
2008-12-29;43.2663688659668;43.516649508421644;42.430330804466344;43.516649508421644;6341480
2008-12-30;44.49114227294922;44.53906935068614;43.41014826697935;43.57522853491411;6040022
2008-12-31;44.81596755981445;45.2632727243779;44.46451228776966;44.46451228776966;6974414
2009-01-02;46.52533721923828;46.642490433714954;44.67220607479333;44.67220607479333;7905877
2009-01-05;46.232444763183594;46.685074708690884;45.89163898969684;46.0194374363478;8698222
2009-01-06;47.51579284667969;48.1441568758473;45.99281835137935;46.38687599689587;10093377
2009-01-07;46.74897003173828;47.286804538505926;46.39219002960347;46.77027331144077;8844035
2009-01-08;46.424163818359375;46.93537481548381;45.785154321563105;46.75964497281997;7564463
2009-01-09;45.10352325439453;46.59454902724761;44.863892139296816;46.3549179121499;7782554
2009-01-12;45.64137649536133;46.115309911679525;44.954439917157636;45.03431557166355;8444044
2009-01-13;45.444339752197266;46.10997717393422;45.15146098647639;45.52954015228922;8009431
2009-01-14;44.29944610595703;45.16743717054277;43.724338069058895;44.83728082544587;9905620
2009-01-15;44.794677734375;45.17276115929761;43.80421296559528;44.523097999450144;12274601
2009-01-16;45.22068405151367;45.65733979087521;44.24086464306058;45.05560377228564;11762584
2009-01-20;43.65510177612305;45.22067848365801;43.537948592335304;45.13547385020821;14434905
2009-01-21;48.6820068359375;48.77785677331636;45.79580394878775;45.950230500523965;26050630
2009-01-22;47.963096618652344;48.31987666079619;46.91938028282577;47.83529392453359;12918832
2009-01-23;47.654258728027344;48.298592911015724;46.75963958611951;47.0738216627093;10725370
2009-01-26;48.7778434753418;49.34762668306573;47.67022561377389;47.80335308748988;10293477
2009-01-27;48.809810638427734;48.974886714588216;48.192095918939124;48.868383004439316;9121957
2009-01-28;50.492515563964844;50.55641691305211;48.94291741021566;49.363598812769084;14023931
2009-01-29;49.262420654296875;50.36471363078561;49.00149049569453;49.832208046446866;9658241
2009-01-30;48.80446243286133;49.778956973731816;48.5914593459497;49.11331967112819;10059382
2009-02-02;48.421077728271484;48.91631020746069;47.76076492294627;48.24534788101885;10383014
2009-02-03;49.778953552246094;49.9120810036165;48.011023377827335;48.495606110925515;9272267
2009-02-04;49.43283462524414;50.5404525607375;48.894999935503606;49.917417472022485;10658531
2009-02-05;49.20919418334961;49.62988005872152;48.575509364148864;49.06009237290353;12157553
2009-02-06;51.473941802978516;51.98792939211944;49.069965085399836;49.530415416201386;13656471
2009-02-09;51.838043212890625;51.92370714306509;50.71369184525692;51.36153145924823;8541427
2009-02-10;49.93733215332031;51.83802476280896;49.77135808063492;51.1741199266138;14164200
2009-02-11;50.949241638183594;51.275840272227626;49.79276424103127;50.04976016767091;11260922
2009-02-12;50.901039123535156;50.97064181082462;49.36442627896965;50.54767196289055;10373914
2009-02-13;50.24252700805664;50.95996926917664;50.097967810259746;50.75116106427804;7052550
2009-02-17;48.54528045654297;49.51971858548213;48.454258552391465;49.1128096984726;9313061
2009-02-18;48.99501037597656;49.39121173799387;48.422127509766575;48.81297514576146;8883260
2009-02-19;47.61367416381836;49.34303914335327;47.35667816685962;48.75409069577736;13203344
2009-02-20;47.53871154785156;48.13301364559915;46.7623742031276;47.14251014935317;12971132
2009-02-23;45.17220687866211;47.82782139609035;45.07583554573434;47.81176021939004;14131042
2009-02-24;46.259063720703125;46.62314255541371;45.027630405431815;45.31139484211336;13509404
2009-02-25;45.991371154785156;46.644568301654004;44.35838256033829;46.044912675019944;13228134
2009-02-26;47.63508605957031;48.293637191939624;46.22161671115855;46.50002759934432;18224667
2009-02-27;49.2734375;49.94269187042759;47.12110238725018;47.17999766057509;22291515
2009-03-02;47.67792892456055;49.20383536362422;47.51730854341524;48.812991866473595;15932358
2009-03-03;46.992591857910156;48.28292098155261;46.68205866481866;48.27221352975307;14376329
2009-03-04;47.913490295410156;48.85044782959637;46.901572056672094;47.635075197980704;16099718
2009-03-05;46.83732986450195;48.27221827391037;46.59104135800268;47.18534344582055;15616885
2009-03-06;45.943199157714844;47.249589506459095;44.87238557528702;46.831973234766565;15884556
2009-03-09;44.69570541381836;46.473258064069135;44.44942116435834;45.34890280665418;13756783
2009-03-10;46.71419143676758;46.71419143676758;44.781376319628656;45.56842120238208;16646881
2009-03-11;47.447696685791016;47.94026946296042;46.43042449776348;46.853394553455395;12367799
2009-03-12;48.400691986083984;48.50777073364129;46.842660104603645;47.43160817070438;12373343
2009-03-13;48.37928771972656;48.53455857423261;47.80640492112123;48.40070689401492;9531047
2009-03-16;48.83974838256836;49.79277152262004;48.47567361507139;49.06997144142683;12336210
2009-03-17;49.744571685791016;49.744571685791016;48.42747409664026;48.78084132565869;12018226
2009-03-18;49.2306022644043;49.73923625774361;47.87067010039476;47.89743873640786;18780198
2009-03-19;49.6107292175293;49.98016196354165;48.99501224690183;49.707104835065756;10354668
2009-03-20;49.53041458129883;50.86357774599962;49.35373308630483;49.878428118269184;12754819
2009-03-23;52.84992599487305;52.84992599487305;50.16754316249167;50.16754316249167;12977931
2009-03-24;52.63041687011719;53.29967102402015;52.212800637354974;52.30381824519517;9776648
2009-03-25;52.44303894042969;53.46566491799563;51.44718159864014;52.721449843412906;12569782
2009-03-26;52.887420654296875;53.11229427179635;52.33595260964926;52.721446577311;11960592
2009-03-27;50.408485412597656;51.398988849855336;49.658916745090316;51.393630850932375;16469479
2009-03-30;50.60658264160156;50.72437315532867;49.150279488409254;49.25735827774889;11468344
2009-03-31;51.87548828125;52.82315314227111;50.78326002848796;50.8421510029032;15223170
2009-04-01;52.26097869873047;52.469786793260326;51.23835312621995;51.46858039361411;12774693
2009-04-02;53.97964096069336;54.60606962966523;52.673250635500715;53.085513173666946;16965074
2009-04-03;54.729209899902344;54.96479093598753;53.385343485371244;53.39605093742489;11467193
2009-04-06;54.37583923339844;54.53110582396284;53.540606752495584;54.02247197399539;9225511
2009-04-07;52.87135314941406;53.80831504964509;52.748208901747475;53.63162926742002;9171746
2009-04-08;54.177757263183594;54.37050427285239;53.00521829527439;53.246153125542264;7620319
2009-04-09;54.45079803466797;54.85235311550811;53.674460775346084;54.616776356566184;8382330
2009-04-13;53.513851165771484;54.42404030092998;53.02662782711201;53.690532702168674;8155871
2009-04-14;53.14975357055664;53.513832515918246;52.614346875504744;53.04802852031408;6565428
2009-04-15;52.92488098144531;53.03731774763502;51.63455212356341;52.592928680398586;8539753
2009-04-16;54.3062629699707;54.568612747603545;53.10160146599914;53.4014273417349;9685437
2009-04-17;54.22057342529297;54.632835946000235;53.37462920806919;54.17238562062978;10684053
2009-04-20;53.770835876464844;54.177744711698075;53.11764281320718;53.695879435524674;13100836
2009-04-21;54.77739334106445;54.86841094899249;52.57687539218374;52.68930790251226;15927128
2009-04-22;54.90590286254883;55.60728379111535;54.10814630743423;54.16704157416321;12677520
2009-04-23;54.3008918762207;55.02904569222262;53.4335326234697;54.95944297384807;9874658
2009-04-24;53.583465576171875;54.386571801070346;53.27292797890756;54.16705612808295;10624745
2009-04-27;53.513851165771484;54.445455208923086;53.160479547522996;53.33181162964897;9007524
2009-04-28;54.57930374145508;55.00227378597623;53.13906153577286;53.19795680204098;11621583
2009-04-29;55.703643798828125;56.217631329635;54.43472973840148;54.60070376586889;10233750
2009-04-30;55.25924301147461;56.77979465419705;55.06649612590597;55.97668904008151;11144607
2009-05-01;56.00883865356445;56.14269036653929;55.114710749074156;55.56445370103313;6520973
2009-05-04;56.85477828979492;57.154608346275836;56.00883820511236;56.35685180151511;8696339
2009-05-05;56.6727180480957;57.1920592140036;56.49067860381439;56.753028185279405;7060500
2009-05-06;56.30675506591797;56.78037378687738;55.816991277152106;56.6350595865326;7877321
2009-05-07;55.21420669555664;56.40363740522932;54.80517251662771;56.32290347132622;8913384
2009-05-08;54.6221923828125;55.838527376812536;53.72877597914385;55.747034348891184;12107973
2009-05-11;55.38105392456055;55.90848958819305;54.331555696986946;54.406903648934446;8632638
2009-05-12;55.9407958984375;56.177603184113124;55.09581888324165;55.42411920962576;8327834
2009-05-13;55.03662109375;55.48870894335534;54.54685281410999;55.370307437055864;8579397
2009-05-14;54.3853645324707;55.27878066832627;54.23466866281655;54.74595914093799;9879575
2009-05-15;54.55757141113281;55.472513965132904;54.12700641950821;54.30461496174549;8752300
2009-05-18;56.285221099853516;56.35518734643024;54.86436511895798;54.89665954547795;7771257
2009-05-19;56.785743713378906;57.11404816598757;55.97305726160952;56.150665855820165;7404843
2009-05-20;55.99997329711914;57.03870359769086;55.87080418372624;56.7857470593762;7408923
2009-05-21;55.33797073364258;55.569396173133676;54.756714143738535;55.47252150649692;7752429
2009-05-22;54.83747100830078;55.601718231807816;54.76212305345168;55.25726859747885;5853625
2009-05-26;56.522029876708984;56.85033436453447;54.369221237848045;54.53068048987368;7542915
2009-05-27;55.39719009399414;56.602761426515336;55.38642671616566;56.156055476375265;7447102
2009-05-28;56.34444808959961;56.58663706448498;55.262659501328976;55.61787257485429;6409365
2009-05-29;57.200191497802734;57.318597293571734;55.94618014502815;56.22604526590411;7187903
2009-06-01;58.325016021728516;58.486475286083646;57.41006873693423;57.55538293386248;8080350
2009-06-02;57.49619674682617;58.55645853629526;57.4047037098077;57.862177484989;7369907
2009-06-03;57.313194274902344;57.37239715075615;56.570473924712275;57.33472103156074;8041648
2009-06-04;57.22708511352539;57.51771351955772;56.83419601941894;57.14096949355453;5720051
2009-06-05;57.71685791015625;58.34117262954568;57.453137909845076;57.765293122017766;8017590
2009-06-08;57.85140609741211;58.11512608560657;56.78038107475554;57.393932385541476;6656535
2009-06-09;58.201229095458984;58.739432374787626;58.12049946256833;58.20661078464881;8980851
2009-06-10;58.31425857543945;58.81479011380036;57.61459591380417;58.771732298067434;7926693
2009-06-11;58.8793830871582;59.54675140841177;58.42729099013972;58.52955170644819;9554478
2009-06-12;58.23888397216797;58.81476320328675;57.991313456349666;58.341144627103134;7584441
2009-06-15;57.92137145996094;58.57259459032283;57.71685435955043;57.926753149836706;8961710
2009-06-16;57.75994110107422;58.73947364753079;57.733032636218105;58.37887444818126;7563626
2009-06-17;57.58766555786133;58.061284170590014;57.52308100635094;57.835236092782516;7705045
2009-06-18;57.22708511352539;57.87292649304649;57.114061046715754;57.55000365576424;6492417
2009-06-19;56.990272521972656;57.39930667643668;56.78037375547479;57.216316356268045;14182714
2009-06-22;56.25292205810547;56.98487889033992;56.09684451201866;56.6081392454679;7630988
2009-06-23;56.209896087646484;56.441321676072455;55.86006471209814;56.37673709173703;5389620
2009-06-24;56.05381393432617;57.30782509416537;55.82238406956194;56.72118219179011;6689379
2009-06-25;57.081764221191406;57.47465329881827;55.70934758911164;55.81160827289647;7218028
2009-06-26;56.877262115478516;57.31859080655903;56.53819413509196;57.31859080655903;5363783
2009-06-29;56.95799255371094;57.14636030172685;56.59739353827049;57.044103892379134;4897163
2009-06-30;56.199119567871094;57.06562312048717;55.87081503217074;56.882637086852355;7858180
2009-07-01;56.4251708984375;57.19479984682444;56.365968010862495;56.51128223716293;5792016
2009-07-02;54.751365661621094;55.92465160973984;54.751365661621094;55.86544871372975;7349928
2009-07-06;54.70829391479492;55.02044906883794;54.07321593325631;54.66523610611442;6822535
2009-07-07;53.92251968383789;54.875138873157375;53.83640835523866;54.54145264291134;6993138
2009-07-08;54.18626022338867;54.44998029393535;53.55118195444774;53.9763613642884;7720317
2009-07-09;54.93970489501953;55.3164488098934;54.2777186426633;54.4230328028157;6436247
2009-07-10;54.26696014404297;54.7459605027434;53.71261184864119;54.34231237578717;7809331
2009-07-13;55.768558502197266;55.78470786699402;53.92252289426262;54.509165750680076;9931038
2009-07-14;55.56939697265625;55.76853229114747;55.17651231810388;55.66089424834037;5662521
2009-07-15;57.70610427856445;57.70610427856445;56.29601101022834;56.376740672013334;9099259
2009-07-16;59.54674530029297;59.72435396537855;57.47466568284855;57.501578429400745;15687803
2009-07-17;62.119361877441406;62.17856477095098;60.90302245272166;61.03757331204945;21117589
2009-07-20;62.66834259033203;62.90514992182777;61.56502701724856;61.640374999772;11173895
2009-07-21;62.99121856689453;62.99121856689454;62.097802471418504;62.36152237891534;8683578
2009-07-22;62.20009231567383;63.077363757713634;61.94175397531089;62.52839693196468;9218816
2009-07-23;63.00202178955078;63.507930841726775;61.92561479891381;61.92561479891381;8850624
2009-07-24;63.314170837402344;63.58865424939989;62.77058570422726;62.797498453371745;6549006
2009-07-27;63.308799743652344;63.46487739364643;62.73830606088409;62.94282323141076;5302383
2009-07-28;63.12038040161133;63.24954949631611;62.614471693219365;62.77054922638677;6048913
2009-07-29;63.10964584350586;63.12040922380572;62.458422679968436;62.625263664704235;5335541
2009-07-30;63.43260192871094;64.2452891072434;63.3303411722504;63.50794992529151;7116043
2009-07-31;63.47023010253906;64.04072348619376;63.271094728141236;63.271094728141236;5574762
2009-08-03;64.54125213623047;64.5627788923331;63.879261435643265;63.98152211721702;6389177
2009-08-04;64.3690414428711;64.47667953840276;64.05688194623701;64.13761159164675;5223201
2009-08-05;63.760868072509766;64.04611480723648;63.43256352507116;63.787776521052415;5256987
2009-08-06;63.46887969970703;64.02040687686966;63.10119635329074;63.971745760115134;6279243
2009-08-07;64.52326965332031;64.83688509724331;63.863602335529336;63.863602335529336;6028307
2009-08-10;64.18260192871094;64.44754753148445;63.78788044640301;63.896020540069244;4164440
2009-08-11;63.69055938720703;64.07446735055669;63.436427323302595;63.82033097157662;5067347
2009-08-12;64.50167083740234;64.86394755807221;63.490535780376206;63.587866688368834;6579026
2009-08-13;64.65845489501953;64.7665993533519;64.14477950563307;64.4962425225979;5741703
2009-08-14;64.1123275756836;64.74496089588602;63.59864796080836;64.50163806461329;5017034
2009-08-17;63.18770217895508;63.50131758242179;62.83623924451235;63.09578243150881;5595682
2009-08-18;63.604061126708984;63.804125339231575;63.11741973046059;63.160678373600504;4483365
2009-08-19;64.1123275756836;64.22046770007888;62.787577610000845;62.917349211336145;5060443
2009-08-20;64.31778717041016;64.56651676479565;63.85818414089015;64.04202794174358;5064418
2009-08-21;64.83148193359375;64.89096095120394;64.10151766393003;64.69630352495516;8688913
2009-08-24;64.51785278320312;65.36136811797697;64.3988990882982;64.84228175811614;6656116
2009-08-25;64.25291442871094;64.96665393953816;64.18802862635607;64.48001257941482;4866201
2009-08-26;64.5989761352539;64.8044471411284;63.53917604438718;64.15018227094109;4723213
2009-08-27;64.57736206054688;64.6638793711315;63.72303706037685;64.19886500828099;4557317
2009-08-28;63.92308044433594;65.00991442838284;63.67975759981589;64.93962183342227;6522542
2009-08-31;63.831146240234375;63.836557345212285;63.22014446068269;63.317470993997574;5689612
2009-09-01;63.09580612182617;64.30700092411199;62.993068440450614;63.625701959979786;6593775
2009-09-02;62.771339416503906;63.39315897922682;62.72267400105125;62.906517769925195;5417025
2009-09-03;62.901123046875;63.11740759082241;62.263082994968784;63.0200810563226;5163265
2009-09-04;63.51214599609375;63.533773161702555;62.83625392004945;63.036318147161644;3610478
2009-09-08;63.34993362426758;63.89605411370757;63.063356400121286;63.771693587908466;6064185
2009-09-09;63.13364791870117;63.62569616686737;62.80922315775995;63.279639924140156;5489513
2009-09-10;63.62568283081055;63.712200109666036;63.12822789523458;63.25799949844157;5114312
2009-09-11;63.831146240234375;64.48000417925276;63.51753516560527;63.69596786252852;6164810
2009-09-14;64.27996063232422;64.33943965540814;63.230978328592805;63.2634190784147;4977496
2009-09-15;64.53409576416016;64.58816367941115;63.89064442190304;64.22588707184434;6836656
2009-09-16;65.86963653564453;65.96696307051089;64.50703915706069;64.61518358697958;11753588
2009-09-17;65.9020767211914;66.38872233665684;65.45328726547768;65.50195269003939;8778660
2009-09-18;66.02645111083984;66.4427998873739;65.76150110484974;66.21029494082973;10392847
2009-09-21;65.73446655273438;66.01023013767033;65.36137642049952;65.44248259576133;4722795
2009-09-22;65.756103515625;66.02646035017543;65.41545407669454;66.01564676720574;5820676
2009-09-23;65.32890319824219;66.36707128720992;65.26942421133772;65.56681914586004;5792853
2009-09-24;65.39384460449219;65.77775279425322;65.10186052499968;65.25866615064149;5676433
2009-09-25;65.46952056884766;65.7777292318575;64.93962484423375;65.03154460649729;5426543
2009-09-28;64.52326965332031;65.96697342338057;64.31239186545149;65.16672091367704;8628036
2009-09-29;64.24211120605469;64.85311751984204;64.12856426230547;64.53950633272473;7059245
2009-09-30;64.67467498779297;64.88555278298446;63.560806995487695;64.44216571342622;8089032
2009-10-01;63.75007247924805;64.67469443354332;63.5662328989814;64.55573636508048;7392605
2009-10-02;64.35564422607422;64.70170038124338;63.40398872059;63.479688099994874;7930667
2009-10-05;64.75038146972656;64.98288645448439;63.8744251317871;64.2907739767507;5934272
2009-10-06;65.61553192138672;65.74530357410332;65.00452552112853;65.09644962559823;6965419
2009-10-07;66.38873291015625;66.42658044578425;65.39381867607315;65.49114954069809;6142112
2009-10-08;66.1238021850586;66.49689243472648;65.88588605998991;66.24816272489608;6796908
2009-10-09;68.09197235107422;68.12982419998639;66.1291865600195;66.1994791522196;13726763
2009-10-12;68.6921615600586;68.72460230175143;67.69725173708004;67.82701901892746;8086103
2009-10-13;68.68135070800781;68.88141490162315;68.23796368172545;68.24877726271933;7930040
2009-10-14;69.40049743652344;69.54108262049093;68.45424868247053;69.0544412671361;9984593
2009-10-15;69.200439453125;69.21125303515832;68.3028560483626;68.97334128519522;12452212
2009-10-16;65.77232360839844;66.8861916176622;65.56144580999637;66.58879653139515;20100877
2009-10-19;66.5401382446289;66.70235061489831;65.75610171981403;65.83721222002562;7859749
2009-10-20;66.41034698486328;66.77803026245265;65.69660758863814;66.70233089103941;9184612
2009-10-21;65.35600280761719;67.1079117538836;65.35059169911486;66.06433589691703;7500866
2009-10-22;66.3400650024414;66.50768414126384;65.06938722446228;65.29108289945984;6304242
2009-10-23;65.08020782470703;66.5401319645748;64.88555040970937;66.48065295040247;7111963
2009-10-26;64.94503784179688;66.20489793913809;64.64223594086037;65.21539036341308;6839271
2009-10-27;65.23701477050781;66.0426740866197;64.42594434837797;64.98287833595542;9879888
2009-10-28;65.69660949707031;65.7939360302644;64.81524664812503;65.13967130215583;9184298
2009-10-29;66.43739318847656;66.52390615532462;65.75068761427497;66.04808268012206;6599632
2009-10-30;65.21537780761719;66.64286111271755;65.14508521621332;66.30761852715848;8066438
2009-11-02;65.18834686279297;65.9291246594924;64.61519252414485;65.30189809840591;7373672
2009-11-03;65.51277160644531;65.52899197759523;64.63140867797692;64.63140867797692;5969313
2009-11-04;65.58306884765625;66.23732936612147;65.512776252612;65.67498860576751;6645552
2009-11-05;66.56175231933594;66.77803687551761;65.96696655352929;66.0318523518914;7010083
2009-11-06;67.07230377197266;67.07230377197266;66.38794739718205;66.54002562837063;5208662
2009-11-09;68.43559265136719;68.43559265136719;67.0723108144405;67.30585924154212;8121772
2009-11-10;68.92982482910156;69.00586392588157;67.98476067214284;68.05536871447006;6740947
2009-11-11;69.08193969726562;69.14168566240552;68.40301418582565;68.73433035554154;6831217
2009-11-12;68.57682037353516;69.33178501496323;68.49535017982366;68.76692038182411;5591288
2009-11-13;68.99504089355469;69.41325832993014;68.58225451470798;68.65829365455413;5208766
2009-11-16;69.63593292236328;69.65222609219579;68.99502923230104;69.07106835929535;8182335
2009-11-17;69.86405944824219;69.87492589732885;69.19600038767979;69.212293559645;1074765
2009-11-18;69.60335540771484;69.71198088814681;69.27747029753256;69.54904050027726;4152725
2009-11-19;69.27204132080078;69.43498171356421;68.71260772661063;69.1308251578876;5552586
2009-11-20;68.95701599121094;69.35350917927187;68.68544578946434;69.07107686296632;5600493
2009-11-23;69.6304931640625;70.03241730969182;69.33176775002761;69.3589230296882;7325661
2009-11-24;69.48384857177734;69.6956727643421;69.05476913051352;69.46755540337442;5038059
2009-11-25;69.13079071044922;69.64134019862944;69.02216094644092;69.4566713335918;4150214
2009-11-27;68.27265930175781;68.77235124607975;67.4905393761022;67.66977726931896;3471883
2009-11-30;68.62569427490234;68.76147502177533;67.84900118248974;67.95763098131917;6592624
2009-12-01;69.48928833007812;69.73370322449914;68.89726412731893;69.1362479649255;6881216
2009-12-02;69.09281921386719;69.73372748537584;69.06566392034746;69.1525651940549;4809403
2009-12-03;69.2774658203125;69.7771534006697;69.11452544297335;69.30462110505472;6024960
2009-12-04;69.11450958251953;70.01069012111437;68.43558427533527;69.73911999824067;7393651
2009-12-07;69.00045013427734;69.26658920681173;68.7560352849892;68.9135489068504;4335042
2009-12-08;68.8701171875;69.16884268625878;68.52250783704572;68.9624494989752;5597564
2009-12-09;69.73371887207031;69.73371887207031;68.49535962053169;68.8158093822607;6351207
2009-12-10;70.24966430664062;70.32027235991454;69.57073905037545;69.59246327155462;7403379
2009-12-11;70.43437194824219;70.4832514727925;69.90752461920367;70.07046503659267;6900671
2009-12-14;70.57013702392578;70.59729230762731;70.39089914816752;70.41805443186905;5440560
2009-12-15;69.78801727294922;70.53211977250649;69.48929179548645;70.31486448576602;8224280
2009-12-16;69.90746307373047;70.39085717648521;69.71193214433976;69.92375623423632;6665635
2009-12-17;69.19599151611328;69.82603309464635;69.0439132617161;69.52187225140935;6181337
2009-12-18;69.47301483154297;69.73372297022915;68.97875818037609;69.50560118165673;9525504
2009-12-21;69.87493133544922;70.03244067892437;69.3480840586925;69.41326108606904;4992035
2009-12-22;70.57013702392578;70.59729230762731;70.16821281848682;70.22795877707291;5790133
2009-12-23;70.608154296875;70.608154296875;70.22795865350894;70.44521392606708;4317470
2009-12-24;70.9177474975586;70.9177474975586;70.32572329311323;70.54840962646793;4461295
2009-12-28;71.86279296875;71.86279296875;70.99920309691441;71.14585027007736;6067218
2009-12-29;71.61294555664062;71.89537776848283;71.58578594584561;71.84649393660504;4376673
2009-12-30;72.00403594970703;72.06378191929363;70.97750102014135;71.27623086807434;4044882
2009-12-31;71.09697723388672;72.15609827563475;71.01550705135881;71.91711878459003;4417676
2010-01-04;71.9388427734375;72.2212750503053;71.06982171674967;71.24905525083133;6438444
2010-01-05;71.06981658935547;71.6129568778213;70.6624613730061;71.52062025473907;7156104
2010-01-06;70.608154296875;71.41743376306931;70.50495988454804;70.97748782677957;5863144
2010-01-07;70.3637466430664;70.74394230211499;70.01613732574646;70.53754913450493;6109268
2010-01-08;71.06981658935547;71.10783398226042;70.09216580389386;70.10302791615243;4390271
2010-01-11;70.32572174072266;71.18388071421873;69.88578014055456;71.18388071421873;5993998
2010-01-12;70.8851089477539;71.3304856481076;70.06496790703076;70.08126540095628;8453249
2010-01-13;70.73307800292969;71.21647239807044;70.1519202511805;70.81997924596416;6752348
2010-01-14;71.86279296875;72.08004820063742;70.55925724298365;70.90686648089188;7438943
2010-01-15;71.57492065429688;72.17780677252357;71.20015618506703;71.71070569891258;8885142
2010-01-19;72.85675811767578;72.91650407886098;71.45545439441914;71.49347612769805;14556345
2010-01-20;70.74394989013672;71.23277540959816;70.03786906585279;70.85801076730695;15896585
2010-01-21;70.06499481201172;70.98290383100591;69.55444527766421;70.86341194667976;10050596
2010-01-22;68.16401672363281;70.00525737159386;68.09340866239997;69.88576980719816;10552676
2010-01-25;68.50079345703125;68.91901094920726;68.27810273086578;68.61485001479674;6002471
2010-01-26;68.29981231689453;69.38608868234442;68.11514338426882;68.39214461598601;7463524
2010-01-27;68.61486053466797;68.95703892931434;67.91421056811699;68.33785918349923;9120283
2010-01-28;67.21353149414062;69.00046185517594;66.8333358505388;68.99503079844183;10064821
2010-01-29;66.4748306274414;67.89242682984393;66.2086959621338;67.52309346345638;12103475
2010-02-01;67.71320343017578;67.86528598696667;66.68667326209804;66.93108376206455;7576073
2010-02-02;68.18031311035156;68.3323913518113;67.32215422322714;67.77838894760636;6171295
2010-02-03;68.25093841552734;68.4736247778055;67.9304886831701;67.97936820098796;4369247
2010-02-04;66.80619812011719;68.13145875184819;66.75188320053812;67.99567362012257;9546737
2010-02-05;67.088623046875;67.19725287396409;66.17071791230248;66.82791926385977;9013382
2010-02-08;66.49392700195312;67.22499139052445;66.41754779028572;67.18679960777655;5981551
2010-02-09;67.21954345703125;67.75965769908791;66.81036626479614;66.91402222283801;6322547
2010-02-10;67.00132751464844;67.45960291058805;66.67398483624186;67.0722513988174;5459179
2010-02-11;67.50324249267578;67.75966125819724;66.59214279748805;66.87583830239302;5323094
2010-02-12;67.65054321289062;67.67781995131448;66.34663239348048;67.11042896146677;8386514
2010-02-16;68.32157897949219;68.32157897949219;67.71054099329265;68.14699483179461;7089056
2010-02-17;68.92173767089844;69.03085336403973;68.31070372156391;68.46891755817158;6095460
2010-02-18;69.72914123535156;69.83279716537048;68.74166263488955;68.8125864882165;5780091
2010-02-19;69.39093017578125;69.86557605304989;69.21635028634357;69.4782201205001;6593043
2010-02-22;69.2054214477539;69.52185342084238;68.91081522187015;69.45092953854335;3983273
2010-02-23;68.99263763427734;69.64732285837839;68.74167859322921;69.00355268286962;4803127
2010-02-24;69.6091537475586;69.98014361333938;69.18361039018959;69.29818143018514;5001972
2010-02-25;69.32540893554688;69.41815415920195;68.50705489702207;68.76892888596234;5919000
2010-02-26;69.37454986572266;69.83282524665877;69.1454121752546;69.29271528725761;5004273
2010-03-01;70.14380645751953;70.28565423049174;69.54367891980574;69.56004496580336;4788274
2010-03-02;69.5163803100586;70.42747985045928;69.358166540855;70.2147082579284;6289912
2010-03-03;69.22177124023438;69.84371995074855;69.11265559818142;69.68550183438894;6683940
2010-03-04;69.13448333740234;69.32543355162616;68.45252575030918;69.32543355162616;6309786
2010-03-05;69.42362213134766;69.58729121702582;69.3090511590764;69.37997501004729;6422649
2010-03-08;68.96534729003906;69.56001486795114;68.93807055851204;69.31996656902972;6484468
2010-03-09;68.4961929321289;68.89991489330026;68.30524700370283;68.8890041949708;7875125
2010-03-10;68.53437042236328;68.93809229925064;68.31068809181625;68.73623136080695;7234345
2010-03-11;69.61458587646484;69.72915687824474;68.58345992193188;68.58345992193188;8286621
2010-03-12;69.80006408691406;70.03465702798937;69.56547114583876;69.78369804880296;5407297
2010-03-15;69.7400894165039;70.01832963326497;69.44002780355142;69.50549634595578;4704594
2010-03-16;70.19835662841797;70.31292329171396;69.53276062560428;69.83282218476279;6417105
2010-03-17;69.7018814086914;70.34019624343641;69.48365009584263;70.32383020112138;6640426
2010-03-18;70.04012298583984;70.24198388127701;69.5327452507293;69.53820059759289;5182302
2010-03-19;69.67460632324219;70.34020230637842;69.16722849094174;69.67460632324219;11238538
2010-03-22;69.8218994140625;70.04558606156023;69.05264757712209;69.34725373726342;5911887
2010-03-23;70.58023834228516;70.61297477784514;69.63640671925477;69.80007583556959;6253511
2010-03-24;70.12197875976562;70.89668609281034;70.08924231688323;70.17653224152068;6976088
2010-03-25;70.50932312011719;71.3222221620269;70.44930994242524;70.57479164543304;7952947
2010-03-26;70.52022552490234;70.80392098330972;70.22561937252982;70.34019036682065;5806137
2010-03-29;70.15470886230469;70.89668408528647;69.97466931612297;70.54206469477329;4856578
2010-03-30;70.2529067993164;70.44930801606465;69.96920696148592;70.32383067031682;3584224
2010-03-31;69.96919250488281;70.24197723757392;69.6418543087158;69.95828181218764;5130421
2010-04-01;69.96919250488281;70.54749840217846;69.587296491412;70.35109287218152;5209603
2010-04-05;70.56934356689453;70.81485165057506;69.90920725194287;70.04013996223254;4308160
2010-04-06;70.34017181396484;70.54203266056261;69.8600709293306;70.20377946771845;4106910
2010-04-07;70.09468841552734;70.52568698749486;69.83827402362634;70.12196950663427;5394222
2010-04-08;69.62004852294922;69.95830186258439;69.39636619710585;69.85464589844396;6283217
2010-04-09;70.24746704101562;70.30748023410409;69.35273755520215;69.76736585013789;5423615
2010-04-12;70.02924346923828;70.35658619592773;69.96377492390039;70.14381451203715;4175946
2010-04-13;70.39476776123047;70.61299476268881;69.74553775152508;69.97467544998189;7132779
2010-04-14;71.60591888427734;71.6986641493065;70.6293506892109;70.77665378524561;8938907
2010-04-15;71.40953063964844;71.54592307335716;71.02763443756204;71.21312501264828;6720864
2010-04-16;71.2676773071289;72.10785324012271;71.06036099818903;71.29495405021454;9985325
2010-04-19;72.14058685302734;72.16786359504194;71.13128209104428;71.13128209104428;11875970
2010-04-20;70.75482177734375;71.10398574802535;69.97465492483795;70.4874923639764;15916459
2010-04-21;70.37295532226562;71.07128360053129;70.10562577992744;70.85305655780208;7906923
2010-04-22;70.4493179321289;70.57479964936765;69.70734703284045;70.181992806753;6295351
2010-04-23;70.9184799194336;70.97849307986635;70.22015208611599;70.42201295163426;6482376
2010-04-26;71.32221984863281;71.4913443271462;70.67298996415654;70.79301631564726;5528528
2010-04-27;70.2801742553711;72.01508336894341;70.2201610872456;70.86938653546106;11418868
2010-04-28;70.978515625;71.18037655463601;70.39475858107225;70.59661515687922;7449926
2010-04-29;71.1749038696289;71.58408097701887;71.00577506791718;71.22400198775956;6053097
2010-04-30;70.37837982177734;71.27311335244637;70.29108991371486;71.15854670868576;6554968
2010-05-03;70.70571899414062;71.00032514072295;70.26926512114251;70.59114800210159;5221737
2010-05-04;69.89827728271484;70.34019086825228;69.05264624844708;70.31836512633801;8666110
2010-05-05;69.53823852539062;69.95832658598162;69.21635546956391;69.35274792320153;6352149
2010-05-06;67.95340728759766;70.15235400422189;63.61035569092685;69.2530345319991;13774565
2010-05-07;66.95541381835938;68.21117078054183;65.80384851519176;67.64635475071833;11071701
2010-05-10;69.24210357666016;69.46144915521968;68.57857915358234;69.24210357666016;8853239
2010-05-11;69.58209228515625;70.42109143907238;68.62793484010194;68.66083908448987;6797849
2010-05-12;72.75711059570312;72.85033124482683;69.64788117596996;69.73013520474329;17391737
2010-05-13;72.09907531738281;72.98742409587194;71.75360488925523;71.79747137146478;10980699
2010-05-14;71.94005584716797;72.20327228033769;70.96396522095198;71.86876842786334;10376425
2010-05-17;71.52880096435547;72.25264193449678;70.57464337777618;71.66040483298816;9333876
2010-05-18;71.26007080078125;72.37873602863117;71.23264987538298;71.97842815266465;9759180
2010-05-19;70.66234588623047;71.56166553109635;70.09204669098499;70.9420121743716;9068088
2010-05-20;67.88764953613281;70.16884728880765;67.82184541817898;69.76305595745016;13782619
2010-05-21;68.77596282958984;68.88015445227518;66.57153696388166;66.98829470233417;13220917
2010-05-24;68.24409484863281;69.1050274206915;68.01926153264282;68.68826941584516;7184556
2010-05-25;68.28244018554688;68.51823999577445;66.60992578079833;66.60992578079833;9931561
2010-05-26;67.57506561279297;69.06113472254717;67.44894071346843;68.48535208562173;9501027
2010-05-27;69.30791473388672;69.30791473388672;68.41956133068378;68.57310281367029;8081291
2010-05-28;68.68824768066406;69.24758038511706;68.15633152990158;69.07210131306032;7763307
2010-06-01;68.18374633789062;69.57659466322873;68.10697561830419;68.37567094878396;7463628
2010-06-02;69.86722564697266;69.91657543779756;68.18922773143802;68.46341074060214;8059744
2010-06-03;70.16881561279297;70.3113904079732;69.34626669776328;70.0536573643225;6950984
2010-06-04;68.6991958618164;69.69721941430177;68.36469211585099;69.29691595714117;10113983
2010-06-07;68.06856536865234;69.0172389908138;68.06856536865234;68.85820991828805;7271164
2010-06-08;67.8437728881836;68.24956418498576;67.35024423362988;68.13988920568657;8785563
2010-06-09;67.94245147705078;69.0062791236334;67.76697682712638;68.45243425121006;8154093
2010-06-10;70.0152816772461;70.31139791791858;68.98435376867482;69.08854540959007;7823766
2010-06-11;70.43753051757812;70.62945951451347;69.33531508301411;69.49434421677832;6087929
2010-06-14;70.46495819091797;71.27105747957667;70.45947487952408;70.46495819091797;7063638
2010-06-15;71.17232513427734;71.26006683929991;70.39364704118012;70.7007342564693;6958515
2010-06-16;71.47943878173828;71.66039681595537;70.37722313712936;70.37722313712936;6695446
2010-06-17;71.82489013671875;71.85230668727435;71.2107200189652;71.32587828358942;5827266
2010-06-18;71.3697509765625;71.97295452659716;71.35878435538572;71.84682963077269;10022144
2010-06-21;71.6439437866211;72.35133471050678;71.40814827070797;72.06618501641786;7173259
2010-06-22;70.90365600585938;72.09360901092589;70.77753108746845;71.49040535296517;6307589
2010-06-23;71.34780883789062;72.09358712252424;70.78847621845169;70.87621355307178;7171167
2010-06-24;70.29493713378906;71.13941924598778;70.026237484245;71.05168192454825;5821513
2010-06-25;69.70821380615234;70.79397504747229;69.70821380615234;70.37721714648578;10899738
2010-06-28;70.72816467285156;70.99686439786295;69.76304073751724;69.99884059880272;6626515
2010-06-29;68.59500122070312;70.41009017208022;68.06308527001507;69.83430337584306;9807505
2010-06-30;67.712158203125;68.66631555309516;67.44894177883724;68.45245330239784;8386828
2010-07-01;67.21311950683594;68.11243901409574;66.68668686799344;67.75051876296362;10190237
2010-07-02;66.82377624511719;67.6079418701981;66.13831892480226;67.6079418701981;6751407
2010-07-06;67.70120239257812;68.34278924712417;66.99381142145197;67.76700650915822;6640740
2010-07-07;69.64240264892578;69.70820675169304;67.70667149206221;67.70667149206221;7416454
2010-07-08;70.17431640625;70.27302475128805;69.49982980383712;69.84529588303285;5689508
2010-07-09;70.16881561279297;70.3004237892893;69.80141200615847;70.13591575674126;4077308
2010-07-12;70.55817413330078;70.64591148042933;69.7301417059015;69.84529560646216;4400417
2010-07-13;71.55072784423828;71.82491093376592;70.56915378409623;70.72269526395652;6995334
2010-07-14;71.68231201171875;72.16487391223316;70.81589216427791;70.91460049401105;6911131
2010-07-15;71.68231201171875;71.79198258502262;71.04072537303388;71.21620004077813;6471393
2010-07-16;70.20720672607422;71.3697383840269;70.1084984006079;71.26555112508461;7325033
2010-07-19;71.17232513427734;71.49586227820393;70.39364704118012;70.55815945598874;8774476
2010-07-20;69.39563751220703;69.40112082286493;67.41055652196914;67.4324897646007;17088920
2010-07-21;68.6937026977539;69.36819340218861;68.33726576585785;69.3352891751668;9011813
2010-07-22;69.90010833740234;70.07010403692226;69.12143035806145;69.26948844645813;7226814
2010-07-23;70.39913177490234;70.62944828506477;69.64239128082431;69.80689932281607;5311588
2010-07-26;70.41558837890625;70.42655499857774;69.71916426831575;70.28946350039394;5412945
2010-07-27;70.53626251220703;70.83238327914508;70.13047549112048;70.61852095511324;4862017
2010-07-28;70.42655944824219;70.93105461802116;70.12495550749492;70.55816764490547;4444245
2010-07-29;70.20171356201172;71.01329140957743;69.71915175009552;70.7720126916915;9407933
2010-07-30;70.41010284423828;70.72815230924203;69.66432459254621;69.87818679781788;6297966
2010-08-02;71.7042465209961;71.94552528745365;70.87621420404191;70.87621420404191;6733625
2010-08-03;71.49038696289062;71.8577906242676;70.92008769719614;71.30394128904997;5326023
2010-08-04;71.98392486572266;72.11004976806143;71.2052465843495;71.53975042824706;4777605
2010-08-05;72.2909927368164;72.37325113506604;71.57811871038317;71.687793657286;4728548
2010-08-06;71.71786499023438;71.90523448408692;70.95737045380788;71.86665673030039;6418465
2010-08-09;72.74291229248047;72.93027747134505;71.86117802325462;72.0761000092445;6413758
2010-08-10;72.65472412109375;73.01292735187884;72.06506311208618;72.29100601183836;5723398
2010-08-11;71.54705047607422;72.0209826180221;71.34314948939698;72.0209826180221;6606641
2010-08-12;70.70388793945312;70.96840859068563;70.27404408011509;70.36772664499763;5368281
2010-08-13;70.46691131591797;70.79205161090363;70.16932781756138;70.51651003158707;4884192
2010-08-16;70.41182708740234;70.66532242390227;69.96544731163956;70.24649945281861;4193623
2010-08-17;70.78655242919922;71.55806809485934;70.48345840270659;70.99596388699025;4496022
2010-08-18;71.3045654296875;71.75094512773899;70.42834627047489;71.01800285702706;5107827
2010-08-19;71.03456115722656;71.41480641492743;70.5496079429598;70.90781127204929;5650910
2010-08-20;70.26303100585938;71.07863502381213;69.9654474201097;70.93535371231559;6533630
2010-08-23;69.69539642333984;70.5550884456956;69.67886498390565;70.30158878305508;4219982
2010-08-24;68.8302001953125;69.44741353147577;68.64834556092092;69.00103826761004;5879775
2010-08-25;69.03409576416016;69.21595478219972;68.33422088531916;68.64834020778224;5476124
2010-08-26;67.66191101074219;69.31515622095108;67.66191101074219;69.31515622095108;8102944
2010-08-27;68.73654174804688;68.7751151213081;67.4635412694736;68.24056759273041;6500053
2010-08-30;68.00355529785156;69.03408071307207;68.00355529785156;68.92937722696482;3769784
2010-08-31;67.85477447509766;68.32870647236135;67.38635735487726;67.9539718966193;5882913
2010-09-01;69.30966186523438;69.60724545660692;68.62080770162724;69.05616212572122;5881763
2010-09-02;68.90737915039062;69.5631705090465;68.69245715157417;69.4529520696289;5338052
2010-09-03;70.30712890625;70.31814987051953;69.38131073580755;69.55765495978186;5379473
2010-09-07;69.40885925292969;70.18588556648366;69.37028588015013;69.98198894327328;4553552
2010-09-08;69.48046112060547;69.72293977687062;69.10021609778921;69.44739824811198;4683465
2010-09-09;69.63478088378906;70.3015885189244;69.5190520125264;70.1362653295455;3594788
2010-09-10;70.53304290771484;70.6983704973701;69.57967271803459;69.98196413568458;4621960
2010-09-13;71.42579650878906;71.64071841335287;70.82511903109626;70.88573430857944;5513780
2010-09-14;71.0069808959961;71.59663747424231;70.77552752852975;70.77552752852975;5073623
2010-09-15;71.32661437988281;71.61868744372615;70.83615082045823;70.8967705050383;4981575
2010-09-16;71.45885467529297;71.6131568848733;70.97941221151741;71.19984456775053;4900510
2010-09-17;71.74542236328125;71.97136521491214;71.47539127808605;71.59662622418752;10875680
2010-09-20;72.6271743774414;72.79250200621274;71.70135636807646;71.772997021195;7474193
2010-09-21;72.73188018798828;73.18376601818565;72.07057848790674;72.43980270505142;5510223
2010-09-22;73.05702209472656;73.06253257618911;72.41225618313536;72.52798508950956;5148830
2010-09-23;72.56103515625;73.17273807097381;72.31305034076495;72.42326434837065;4078145
2010-09-24;73.90567779541016;73.92771971791448;72.93026115497771;72.97434939781608;7450030
2010-09-27;74.20323944091797;74.39611939939526;73.57500965231655;73.57500965231655;6438548
2010-09-28;74.33552551269531;74.47330072895637;73.68524918474562;74.21428613699675;7825440
2010-09-29;74.66064453125;74.83698866564298;74.03241470437493;74.06547758038785;5388155
2010-09-30;73.92223358154297;75.00786452526239;73.66322333090957;74.67170312721646;6721387
2010-10-01;74.74883270263672;75.10152102665694;74.44573430257346;74.6771920622271;5879775
2010-10-04;74.53392791748047;74.90315216481373;74.0599913288136;74.52290695454968;4246655
2010-10-05;75.86201477050781;75.99427508169427;75.01334810525233;75.04641098413441;6487815
2010-10-06;75.9612045288086;76.02733908320742;75.40461527460478;75.43217207190915;5003018
2010-10-07;76.44618225097656;76.53434995272006;75.78488050959734;76.00531735527728;6737077
2010-10-08;76.51782989501953;76.650090255375;76.08247104308661;76.26984501772603;4749677
2010-10-11;76.96417236328125;77.1184833895017;76.40206823921203;76.4847298343112;4188498
2010-10-12;77.06888580322266;77.1460325218058;76.19817720526326;76.26981784177674;5896616
2010-10-13;77.35546112060547;77.96716407082573;77.0303207637504;77.1019614120917;9188378
2010-10-14;77.97817993164062;77.97817993164062;76.98071700308839;77.34443509964134;5913143
2010-10-15;77.73571014404297;78.30883535922106;77.44914753645392;78.30883535922106;7552538
2010-10-18;78.71111297607422;78.82133138008562;77.61446140552539;77.6475242880311;10797544
2010-10-19;76.06591033935547;76.78782272437101;75.33296819983424;75.66361455659509;14810419
2010-10-20;76.63903045654297;77.07989516910914;76.12101024134067;76.20367182521827;7264993
2010-10-21;77.0578842163086;77.42159357238471;76.26983701653978;77.04686325374026;6507375
2010-10-22;76.96971130371094;77.56487849275331;76.85398679352515;77.23423200898775;4294144
2010-10-25;77.06338500976562;77.92307280504582;77.04685796487784;77.38301049362778;5094020
2010-10-26;77.52079772949219;78.2537401797506;76.34148426749536;76.7602984726016;7664147
2010-10-27;77.9395980834961;78.0167448057241;76.60046784606692;76.8870304056597;6762704
2010-10-28;77.64754486083984;78.22618503846685;77.383024139391;78.16556533998227;5733754
2010-10-29;79.13545989990234;79.35588793774424;77.56487164926588;77.6475332629141;8827508
2010-11-01;78.98114776611328;79.49915930749587;78.43006454687558;79.15749193348482;5935632
2010-11-02;79.2677230834961;79.74716573724518;79.19608242938784;79.27322916691804;4839214
2010-11-03;79.44957733154297;79.60938567597695;78.60091049630702;79.48814630013469;5420477
2010-11-04;80.89341735839844;80.92097416288303;79.74716687629433;79.80778656876412;6927135
2010-11-05;80.96504211425781;80.97054819667716;80.27618370703934;80.42497986724408;5225607
2010-11-08;81.07020568847656;81.1366341336637;80.40043486016395;80.45578453553269;4664846
2010-11-09;80.89310455322266;81.6625138855248;80.61079902893849;81.20308050693843;5962828
2010-11-10;81.12004852294922;81.25289661740685;80.61079602173706;80.86542227234314;5409912
2010-11-11;80.50007629394531;80.53881665086307;79.34872348804358;80.0959927261678;4970801
2010-11-12;79.56460571289062;80.68827933650685;79.45943690124545;80.03510892466616;4949149
2010-11-15;79.50924682617188;80.12366797266534;79.30443977734072;79.64762543051329;4003774
2010-11-16;78.73435974121094;79.36538179382018;78.14760862322717;79.11629483895473;6633837
2010-11-17;78.57379913330078;78.87270511982307;78.26382320911075;78.87270511982307;5006051
2010-11-18;79.90779113769531;80.25651617636838;79.01660394611473;79.17713125541474;4431065
2010-11-19;80.28975677490234;80.45581469800747;79.70301465704854;79.9188917240348;5246631
2010-11-22;80.47793579101562;80.5000844990412;79.46497916262308;79.70852660344516;3902312
2010-11-23;79.25463104248047;80.00190034117152;78.78412782349922;79.84137301112628;4780534
2010-11-24;80.71041870117188;81.05914377737652;79.60889379171023;79.68085279418506;5098309
2010-11-26;79.65318298339844;80.4281316156504;79.47051576281793;80.4281316156504;2177040
2010-11-29;79.09410858154297;79.52586258407341;78.32469944861126;79.44836419835217;5272154
2010-11-30;78.30254364013672;79.02214241383197;78.20291422648972;78.73430643825166;8027841
2010-12-01;79.93548583984375;80.33402124556214;79.4373033305763;79.49265301616322;7136649
2010-12-02;80.36168670654297;80.73255162315854;79.87458305278149;79.89118353823388;5621204
2010-12-03;80.4723892211914;80.63844707247915;79.8468981691952;79.8468981691952;3881288
2010-12-06;80.25652313232422;80.74362681781443;79.99635755092737;80.00743632161033;3474603
2010-12-07;79.71958923339844;80.98164140737866;79.63656029883678;80.82665347388058;5050716
2010-12-08;80.2509765625;80.62184147007106;79.61995493156803;79.90225152482206;5189624
2010-12-09;79.87458801269531;80.78237576528937;79.44283400820615;80.78237576528937;4607944
2010-12-10;80.16243743896484;80.23439645176263;79.55908607481503;80.19564725223763;3664975
2010-12-13;79.86353302001953;80.4834848856197;79.82478381973277;80.33956685719488;4959086
2010-12-14;80.71595764160156;80.8211264520052;79.85244078191897;79.85244078191897;5021637
2010-12-15;80.10708618164062;80.66061845871664;79.88013918490412;80.33403317837713;4651980
2010-12-16;80.01298522949219;80.43920878248629;79.79156879045028;80.17351258953495;4370816
2010-12-17;80.26202392578125;80.53878989110085;79.92990830129455;80.09043556499223;10488242
2010-12-20;79.99081420898438;80.56094674020922;79.92438576923604;80.47791781658177;4178770
2010-12-21;80.67166137695312;80.81004881724382;79.89118236455771;80.25651672557031;3950847
2010-12-22;80.78791046142578;81.03699725692435;80.58310340697278;80.62738314801835;3544685
2010-12-23;80.75469207763672;80.99824832365134;80.44471621984258;80.75469207763672;2536027
2010-12-27;80.45024871826172;80.64951637128769;80.26204216484066;80.32847060567872;2421176
2010-12-28;80.65506744384766;80.8986148695629;80.29527243850599;80.43365105529338;2823782
2010-12-29;81.10342407226562;81.64588628723577;80.65506956749338;80.81558806041357;3829511
2010-12-30;81.18647766113281;81.43003400195431;80.95400009466529;81.01488917987066;3178899
2010-12-31;81.23628234863281;81.40787963410307;80.79345833897281;81.21968185955292;3106411
2011-01-03;81.63482666015625;82.0333709195301;81.44662888548528;81.48537808460775;4815575
2011-01-04;81.72339630126953;82.04444216752596;81.1698640713119;81.67910771524505;5292865
2011-01-05;81.39678955078125;81.63480640315538;81.21966175770568;81.55731685888554;4871640
2011-01-06;82.28797149658203;82.35993048619477;81.26947570781283;81.44106410514352;5260543
2011-01-07;81.8838882446289;82.3986799425354;81.33589557878523;82.35993075536867;4325942
2011-01-10;81.72339630126953;81.95587383022387;81.49644932385146;81.69017765306445;3800536
2011-01-11;81.52411651611328;82.11639792231026;81.23074992341971;82.03336897458593;4355126
2011-01-12;82.53153991699219;82.63671757072646;81.73999082952288;81.9171274912089;4279709
2011-01-13;82.37653350830078;82.63669905666275;82.0610271220232;82.60901980296069;3604307
2011-01-14;83.02969360351562;83.02969360351562;82.18278629018481;82.41527255623983;4753233
2011-01-18;83.38954162597656;83.83790512650553;82.68655183089103;82.93010818522764;9599037
2011-01-19;86.17932891845703;86.42287639752509;84.5962305481517;84.83424747540431;12699486
2011-01-20;86.24019622802734;86.32875571269877;85.4929269850144;85.53720672735011;7782135
2011-01-21;86.07415008544922;86.78267023306795;85.77523527972666;86.57232375882758;7331414
2011-01-24;88.36024475097656;88.44881309821324;85.98005766212589;86.02987680527478;7620215
2011-01-25;89.36211395263672;90.97289120716485;88.01149344088975;88.12774101862313;8640797
2011-01-26;89.14069366455078;89.61673622092259;88.79750800112701;89.48941871299107;5599343
2011-01-27;89.15730285644531;89.77172402040706;89.04106411871425;89.35657052609069;5102702
2011-01-28;88.12774658203125;89.6278157387828;87.8288317930569;89.14624258065186;7034978
2011-01-31;89.67208862304688;89.67208862304688;87.83436445766368;88.11113051777089;7528271
2011-02-01;90.53559875488281;90.7459452062247;89.67209074723208;89.73297981198273;6099540
2011-02-02;90.39166259765625;90.55772043735102;90.00972779940955;90.44701226597333;4083584
2011-02-03;90.51895904541016;90.88983269472358;90.12042381778376;90.31416088288283;4898836
2011-02-04;90.77914428710938;90.85663382916131;90.34739033430155;90.49130831857083;3927939
2011-02-07;91.23304748535156;91.32714635631469;90.79022355245462;90.82343335960422;5154793
2011-02-08;92.27779388427734;92.38894039221726;91.31639566050306;91.594257495491;5870780
2011-02-09;91.49981689453125;92.23336990251153;91.19416611215333;92.03886566551893;4846746
2011-02-10;91.18858337402344;91.69429067433774;90.68287607370912;91.08298931263184;6001739
2011-02-11;91.05522155761719;91.69985542773352;90.75513215329062;91.12746546735738;5423719
2011-02-14;90.70512390136719;91.34975782924205;90.49950591908924;91.23862016562622;4319771
2011-02-15;90.49396514892578;90.89964875727966;90.31613597703615;90.52175400600244;3942060
2011-02-16;90.8051528930664;90.91629943264364;90.44393329173502;90.76625914348168;3363936
2011-02-17;91.27195739746094;91.51091666817514;90.4995018862613;90.74957492284183;3379103
2011-02-18;91.6053695678711;91.6053695678711;91.19413370489323;91.39419918943574;4440270
2011-02-22;89.99935913085938;91.2830835246505;89.90488767333979;90.89963637602315;5448928
2011-02-23;89.01570892333984;90.40501816522759;88.9934813946255;89.92153837165617;6274013
2011-02-24;89.34358978271484;89.62145163929209;88.37663016703705;88.71006084703998;5970045
2011-02-25;90.18273162841797;90.2160729238888;89.39360995365092;89.50474760522039;4726246
2011-02-28;89.9604263305664;90.57727119596281;89.60475931988942;90.22716550142076;4992558
2011-03-01;88.89900207519531;90.6661968878814;88.84898570516366;90.6661968878814;4584409
2011-03-02;89.0046157836914;89.5325507570279;88.58781847968012;88.59893224661265;3569998
2011-03-03;90.84959411621094;91.13856972502538;89.62144777874957;89.70480544515958;4244459
2011-03-04;89.93264770507812;91.31084311470572;89.27689129169313;90.80512694761218;5136592
2011-03-07;88.8768081665039;90.57176876241951;88.27662917865375;89.80486550485311;5556352
2011-03-08;90.18273162841797;90.82181303870387;88.47666667499183;88.74896722592418;5632501
2011-03-09;92.17223358154297;93.20587598412473;90.73846896417037;90.84405418384783;9504584
2011-03-10;90.0382308959961;91.5108977001529;89.68257272254215;91.49422261994707;7365304
2011-03-11;90.2660903930664;90.71622893140058;89.38248839919743;90.24942417999192;4467466
2011-03-14;89.68815612792969;90.01603444051531;88.9657168983647;89.5603433679784;4498323
2011-03-15;88.37108612060547;88.71563950235561;87.18184210908102;87.44302893481331;6773687
2011-03-16;85.02564239501953;87.23741515219344;84.30875561465274;86.98178076269339;12756284
2011-03-17;85.68138885498047;85.85922687003891;84.85892573167249;85.58136494995233;7715714
2011-03-18;86.63170623779297;87.22077154121614;85.7592176180675;86.97068953573503;11976700
2011-03-21;87.62641906738281;88.71007785488003;87.28742700518224;87.60419153375099;6050064
2011-03-22;87.80424499511719;88.14323704492065;87.5374968618382;88.11545706375985;4509724
2011-03-23;88.65447998046875;88.96012177237715;87.54303270514278;87.80421944434957;5002495
2011-03-24;88.93792724609375;89.3102606249306;88.27106572924039;89.04352134002515;5382507
2011-03-25;90.1271743774414;90.4383775812525;89.33804373160349;89.46030403375626;5594113
2011-03-28;89.67703247070312;90.3494552379529;89.53810595867408;89.77150391803896;4155549
2011-03-29;90.51612854003906;90.63283633521635;89.55473055956628;89.66031572401305;3615708
2011-03-30;90.91629791259766;91.13302966977291;90.59398093596613;90.88851793046248;3550229
2011-03-31;90.62174224853516;91.17190458195086;90.62174224853516;90.80512377985812;4038397
2011-04-01;91.28862762451172;91.3719941767621;90.60509107991933;90.97187197880837;4583467
2011-04-04;91.27751159667969;91.54425972203994;90.90517825870096;91.37199191294415;3373455
2011-04-05;91.13302612304688;91.527595873107;90.92740814067318;91.03300222574603;3778152
2011-04-06;91.1607894897461;91.55535025978065;91.03297677739563;91.32750480836783;3948441
2011-04-07;91.34973907470703;91.44421937397186;90.73844657141815;91.19413750786484;3835368
2011-04-08;91.16639709472656;91.34977871648603;90.67180333450646;91.33311249799577;3477009
2011-04-11;91.11077117919922;91.13856002161859;90.64396652305845;90.82735691752474;4329394
2011-04-12;90.72179412841797;91.01076980605123;90.19385915885351;90.78292428097316;4038188
2011-04-13;91.11077117919922;91.65538104622497;90.94960831077918;91.12188494222235;4374267
2011-04-14;91.67760467529297;91.89433634961594;90.67175151125578;91.04963717742545;4915259
2011-04-15;92.36672973632812;92.43897364922663;91.62206307563982;91.69430698853832;5530620
2011-04-18;92.21665954589844;92.33891981208833;90.5050335586866;91.49422058179755;6444092
2011-04-19;91.9166030883789;92.46121316459745;91.38311564917895;92.0888797859961;6848267
2011-04-20;91.55538177490234;92.18891084740577;90.13273089069894;90.63843833712995;11392823
2011-04-21;93.51707458496094;93.6115460241989;91.61649655608167;92.04440756111372;6441686
2011-04-25;93.17811584472656;93.78940862905051;92.93359518310578;93.16700207553725;3748655
2011-04-26;93.63375854492188;94.02831932131807;93.02801852373614;93.3558967194978;7635800
2011-04-27;94.67854309082031;94.80080339542758;93.61711183776998;93.70046952368837;5543486
2011-04-28;94.90636444091797;95.23980396938568;94.30618570728949;94.46734858953508;5321734
2011-04-29;94.79522705078125;96.1400723229985;94.73964936102836;95.08420265437992;5844734
2011-05-02;95.66776275634766;96.44021859401082;95.30099058829877;95.64553521522095;5644425
2011-05-03;96.06781005859375;96.40680197028168;95.15642836598647;95.58433037272555;5238054
2011-05-04;94.81744384765625;95.92889108023766;94.24504515238213;95.78440329479099;7207254
2011-05-05;93.6170654296875;94.9563579284571;93.08357827821662;94.73407383277467;7669272
2011-05-06;94.2757797241211;94.97912261061116;93.91294481516908;94.35393289346001;5062012
2011-05-09;94.39302062988281;94.81167291683005;93.9520324994928;93.9966952769873;3760161
2011-05-10;95.10755157470703;95.39781961096043;94.46002577339152;94.47677543294205;5161801
2011-05-11;94.61629486083984;95.18566729253789;93.67851021415525;95.0628602510788;4877707
2011-05-12;96.14579772949219;96.44165189719894;94.14183499935166;94.70004402225342;5374871
2011-05-13;94.85072326660156;96.09552522544632;94.58278231332211;95.84433392276758;5405100
2011-05-16;94.2590103149414;95.25262082642402;93.95199282789207;94.78930595761882;4876661
2011-05-17;95.17452239990234;95.68249141000423;92.95843576135624;93.69526924451782;9176767
2011-05-18;95.14100646972656;95.55966761766966;94.59396101113123;94.95121864283453;4345398
2011-05-19;95.22474670410156;95.67689829572049;94.5158264647889;95.37546687110486;3701062
2011-05-20;94.9847183227539;95.53734111352892;94.54931638835156;95.11868883406163;5093915
2011-05-23;93.92411804199219;94.16414592095398;93.25984282475774;94.10274240431374;5380624
2011-05-24;93.77339935302734;94.15298392460122;93.50545835066815;94.05808109966506;4857206
2011-05-25;93.63941192626953;94.00224677859124;93.50544144930547;93.57243114248182;4060677
2011-05-26;93.32124328613281;93.49987655199618;92.60673695084884;93.47754071172089;6036780
2011-05-27;93.49989318847656;94.04135254165558;93.22078868396741;93.72875763485926;3428370
2011-05-31;94.29812622070312;94.83399936336255;93.67851371169364;94.02459900649812;9543076
2011-06-01;92.97515869140625;94.6609488977726;92.94166829484291;94.28136434188518;5370792
2011-06-02;92.71278381347656;93.27656988308675;92.50066019572454;92.90814887249067;4031389
2011-06-03;92.13227081298828;92.60117206187634;91.6187246057461;91.71361852940004;5471103
2011-06-06;91.96481323242188;92.42812830993714;91.69687219745862;91.97039942078797;3786206
2011-06-07;91.37313842773438;92.23836529065426;91.32848454634802;92.16579827870456;4379602
2011-06-08;91.7359390258789;92.02062968625411;91.13307621606018;91.13865349444143;4027937
2011-06-09;92.0150375366211;92.64023614762803;91.97038367490268;92.10993144746764;4497591
2011-06-10;91.08842468261719;92.01504585336556;90.91537758873281;91.86433460174901;4898732
2011-06-13;91.0827865600586;91.80287873640681;90.83717261967494;91.7917152763335;5333763
2011-06-14;91.61310577392578;91.8643059639619;91.350751030319;91.47355803225047;7374300
2011-06-15;90.61395263671875;91.21681550494921;90.16180103085028;90.84839435803546;5465978
2011-06-16;90.80371856689453;91.3396005023429;90.30691321202865;90.46321062496958;5084711
2011-06-17;91.79175567626953;92.16016783960723;91.31169104428663;91.68011211701378;7478586
2011-06-20;92.11550903320312;92.44485350609706;91.31727232788114;91.37867583670506;4138081
2011-06-21;92.78543853759766;93.08128395375525;91.54621277646443;92.21606574321163;5635116
2011-06-22;92.48390197753906;93.1146776767185;92.16014375874387;92.43367085291904;4142683
2011-06-23;92.72955322265625;93.07006122607328;91.43451091771134;91.57964489232248;5513989
2011-06-24;92.14347076416016;92.62911295104732;91.86437507085398;92.57888178464049;4605120
2011-06-27;93.56687927246094;93.9129646010719;92.22159673213552;92.51745090917721;4651248
2011-06-28;94.90098571777344;95.28614758803933;93.784567785288;93.96319215985628;5073100
2011-06-29;95.19686889648438;95.37550225165592;94.7949661208341;95.2359454997653;3992687
2011-06-30;95.76063537597656;96.26301814862302;95.31406994160473;95.51502126878499;5340039
2011-07-01;97.42969512939453;97.49109866809188;95.72716352407956;95.7941443429894;5420058
2011-07-05;97.92646789550781;97.92646789550781;96.86029006477854;96.86029006477854;4797479
2011-07-06;99.19921875;99.23270916022703;97.73671507615133;97.7925324265297;6156651
2011-07-07;98.51262664794922;98.95360599568856;98.31166636494436;98.68008761085751;6177258
2011-07-08;98.51815795898438;98.51815795898439;97.69201700016144;97.9599490701592;4602295
2011-07-11;97.68086242675781;98.32838806317801;97.46874764323175;97.63063127968456;4985759
2011-07-12;97.1561508178711;97.89298417614032;97.06683417377536;97.64737008692026;5268493
2011-07-13;97.306884765625;98.4233029848971;97.12826034517151;97.63065210760116;4262241
2011-07-14;97.25662231445312;98.30047328741405;97.03892134636337;97.35152514695126;4825303
2011-07-15;97.98787689208984;98.21116404488356;97.1673130879459;97.73109933919429;5593067
2011-07-18;97.84274291992188;98.5014320022408;96.89378588459276;97.53572531216462;9288166
2011-07-19;103.38570404052734;103.38570404052734;99.7238657546484;99.7741057885505;13854898
2011-07-20;102.51493835449219;102.94476298466073;102.15210343069622;102.62100464713286;6172551
2011-07-21;103.21270751953125;103.54762933467157;102.09628958987592;102.48145145916543;5186486
2011-07-22;103.36900329589844;103.62019465320849;102.85544820552226;103.06757188524827;4723841
2011-07-25;102.54285430908203;103.24619724378837;102.30840369438303;102.64891169526393;5216402
2011-07-26;102.1130599975586;102.73824988871988;101.95675361537577;102.11863727726941;4556585
2011-07-27;101.23104858398438;102.10185230666758;100.99660691057855;101.59946965560701;6073913
2011-07-28;101.4822769165039;102.30284081939432;100.9687217489117;101.06920187069971;4684825
2011-07-29;101.5101318359375;102.39210774884722;100.32673352282615;100.62258755579778;6972218
2011-08-01;100.8961410522461;102.53727754458522;99.64017533799856;101.9288285265382;6111464
2011-08-02;99.38896942138672;101.75577565055733;99.28291204069819;100.44956995644243;6035838
2011-08-03;99.82440185546875;100.04768906043303;97.91533278153508;99.17688499797957;7031212
2011-08-04;95.72151947021484;99.31637731342853;95.55405861477806;98.5237268885243;11529326
2011-08-05;96.5588607788086;97.25104023767543;92.95283842229884;96.06764153250434;12417903
2011-08-08;93.18948364257812;96.77196445313157;93.06614174484491;94.65274591541035;16531925
2011-08-09;95.6506118774414;95.8972954862961;90.82351260304107;93.88459776529821;13093410
2011-08-10;91.12627410888672;94.87695199393971;90.73943497861575;94.28827752739636;14637306
2011-08-11;93.475341796875;94.61904541067788;91.35052313282876;92.00085949069226;9597678
2011-08-12;94.29948425292969;94.96104167596536;92.97077678946128;94.46767439148104;5425602
2011-08-15;96.98490905761719;97.55115013458207;95.52724095270797;96.04864268016793;7997088
2011-08-16;96.00384521484375;96.53645040018948;94.74801156390804;96.53645040018948;5842328
2011-08-17;96.13834381103516;96.98491363304517;95.24692568922053;96.1888026224075;5365666
2011-08-18;91.84947204589844;93.32394508430572;89.791926300073;93.24546055035498;15776400
2011-08-19;88.32306671142578;91.91115530808955;88.09319674631563;90.91881931249665;14715756
2011-08-22;89.13037109375;90.64409985597254;88.36790514846419;90.45908717087204;7582559
2011-08-23;92.12420654296875;92.27558303642685;89.43874799803156;90.06666023418117;7241772
2011-08-24;93.49215698242188;93.53139478070077;91.58037691348592;92.01767479305016;6722642
2011-08-25;92.83059692382812;94.48448125794528;92.42133372492798;93.91824002597987;7062174
2011-08-26;94.82647705078125;94.93299626672493;91.54113236226026;92.4213386555005;6734357
2011-08-29;96.77750396728516;96.83356435776413;95.51045860877892;95.6338004160195;5536896
2011-08-30;96.71582794189453;97.27646760974184;95.80198546226717;96.4635338276328;4683674
2011-08-31;96.37947845458984;97.39423899772919;95.70671773472644;97.15316580989881;6353613
2011-09-01;95.49363708496094;97.37178098752241;95.37590578954568;96.82795492695682;5715239
2011-09-02;93.615478515625;94.70873203049283;93.06605992430686;94.01353854876486;5208139
2011-09-06;92.56710815429688;92.81378282987407;90.93564782581498;91.4177940466388;6026215
2011-09-07;93.80052185058594;94.13130058484107;93.15578697636228;93.78370820448775;7109244
2011-09-08;92.64559936523438;95.07317113214287;92.56150429621131;93.62672341748318;6304451
2011-09-09;90.47032928466797;92.61197083662596;90.15637314108861;92.26437845227493;7054119
2011-09-12;91.05899047851562;91.07020255713688;89.00704586801663;89.7246636407134;5488571
2011-09-13;91.62522888183594;91.8999471698727;90.5656203740947;91.74296017774485;4941095
2011-09-14;93.76128387451172;95.11802610127278;90.81792046011657;91.95041213652966;7301812
2011-09-15;95.35910034179688;95.39834709672004;93.755674437856;94.5461753095896;5715762
2011-09-16;96.98490905761719;96.9849090576172;95.16282616352663;96.05424424328709;11556313
2011-09-19;97.06341552734375;97.47828921933157;94.98905601559059;95.02829381084912;4974358
2011-09-20;97.9548568725586;99.47418761399412;96.82236524770687;97.31012202885621;6495242
2011-09-21;97.00175476074219;99.60872846708602;96.7775042499844;98.11182208096311;7367083
2011-09-22;94.53495788574219;95.29182247398334;93.34640586231289;94.37236930921567;8572598
2011-09-23;94.93861389160156;95.05074362908292;92.93152648861667;93.62110960961759;5843584
2011-09-26;97.83714294433594;97.9436621935303;95.2301684332863;95.84686871346324;7056002
2011-09-27;99.63118743896484;100.70200838583547;98.91356944703557;99.1322184692283;7990185
2011-09-28;99.54147338867188;101.33552269037152;99.2779760606497;99.77694498805054;8087881
2011-09-29;100.44969940185547;101.42521294692179;98.40896672833948;100.74123136261665;7263738
2011-09-30;98.03895568847656;99.94512561930682;97.97167426013354;98.67808004269911;8166540
2011-10-03;97.15314483642578;99.74889787978559;97.01298041791965;97.75302241892275;9458560
2011-10-04;97.96605682373047;98.15106953646625;94.68071210007166;96.17200798379353;9623200
2011-10-05;99.14903259277344;99.40131783954467;96.81116604073472;97.87077481500096;6120878
2011-10-06;101.86251831054688;102.03070846198196;98.48186584286076;99.12660072215425;7511221
2011-10-07;102.25495147705078;103.00060397151697;101.83447612945727;102.21571367327981;7157360
2011-10-10;104.62642669677734;104.6320372091068;102.54085519813032;102.59691558049724;6050901
2011-10-11;103.71822357177734;104.27886334364004;103.21925471171083;103.48836251805997;5575703
2011-10-12;104.3461685180664;105.40016687599605;104.08266221744147;104.32373540560829;5583757
2011-10-13;104.73858642578125;105.11982397968835;103.43790464844818;103.70141089155243;4601563
2011-10-14;106.81855773925781;106.8185577392578;105.24876814156599;105.50666387262308;5615137
2011-10-17;104.60961151123047;106.61108793267549;104.22277250814791;106.35880279347191;9194654
2011-10-18;100.29832458496094;100.5674323914235;98.81263008371747;99.79375415898468;16452952
2011-10-19;99.45175170898438;100.8084937137352;99.23870432541791;100.73561073086533;7016882
2011-10-20;99.37325286865234;100.4889306564335;98.76776488170957;99.866620078892;7859435
2011-10-21;101.8288803100586;101.8513134202636;100.21424221483662;100.41607756935758;8424693
2011-10-24;102.17646026611328;102.81558454246395;101.26261769213232;101.7615865111434;6161568
2011-10-25;101.11685943603516;102.58012976872894;100.92063462223902;101.84568934545628;5620263
2011-10-26;102.01946258544922;102.19325424532575;100.37117996140258;101.89051028339586;5635534
2011-10-27;104.21157836914062;104.83949054319763;102.69784937699946;103.71260956891022;7382459
2011-10-28;105.09178924560547;105.43939056025191;103.87520254071914;104.03779111836229;5240251
2011-10-31;103.51078033447266;104.78903786221021;103.51078033447266;104.0489959141911;4926660
2011-11-01;101.67186737060547;102.74268785116124;101.32987664663887;101.78399709043137;6151735
2011-11-02;103.11267852783203;103.85833062322617;102.61370994336822;103.15752682138915;4326884
2011-11-03;105.00767517089844;105.27678293089645;103.16877810970307;103.79108868617514;5181361
2011-11-04;104.4919204711914;104.91800637951108;103.5724672226127;104.43024955365902;3386530
2011-11-07;105.0188980102539;105.2487590479348;103.57806087667494;104.40219788350487;3693217
2011-11-08;105.4016342163086;105.75625682587278;104.42220847079636;105.53110488986022;4529808
2011-11-09;102.58159637451172;104.27027719284285;101.97367415484393;103.68486927995377;5747561
2011-11-10;103.20639038085938;104.00570203368862;102.37330727389457;103.33586109795097;4060154
2011-11-11;105.474853515625;105.72816190095806;104.21398059378846;104.28715657529362;3833904
2011-11-14;105.45800018310547;106.85960135478015;105.17655333483452;106.48246419524628;6316376
2011-11-15;106.24601745605469;106.93274865964709;104.49542697470261;105.5367719481084;4796224
2011-11-16;105.0470199584961;106.89330910453745;104.86689659853414;105.72249378854947;4829173
2011-11-17;104.54607391357422;106.29104919904022;103.22890632392611;105.15400501846963;6109163
2011-11-18;104.27027130126953;105.24407341147034;103.94379590310375;105.09772144151738;4645181
2011-11-21;102.15380096435547;103.54977787230993;101.32072666524815;103.21766937596257;5381775
2011-11-22;102.05811309814453;102.9981438566296;101.4839623060111;102.57034505103682;4370816
2011-11-23;100.16674041748047;102.15938138447652;99.92469826011967;101.69781136567362;5021741
2011-11-25;99.66580200195312;101.07303584833834;99.66580200195312;100.20054816833161;2335509
2011-11-28;102.56468200683594;102.96996635042281;101.69782757089646;102.84612871898034;4732313
2011-11-29;101.84982299804688;103.18388084757672;101.7935372385526;102.45774513722316;3830034
2011-11-30;105.82383728027344;106.02085089259847;103.69047696491567;103.89311466047823;8197293
2011-12-01;106.6400146484375;106.94397563977817;105.13146684073514;105.26656161290401;5082305
2011-12-02;106.75823211669922;107.69826256899246;106.64002754581438;106.90458405556932;5190461
2011-12-05;107.42243194580078;108.98164135844706;107.1634995600359;107.61381245589978;5961572
2011-12-06;108.60453796386719;108.93664641008633;107.12976120218865;107.3155176874461;4335565
2011-12-07;109.22933959960938;109.70779995977875;107.67012985858948;108.06978117791076;5315458
2011-12-08;107.83898162841797;109.08860607414336;107.5519018571967;108.3455803058801;4569974
2011-12-09;109.51640319824219;109.69089350430474;108.30055021758298;108.58762998485324;5070903
2011-12-12;108.1767349243164;109.14491285217677;107.63635571023998;108.99856089704436;3970721
2011-12-13;107.59698486328125;109.3700989512683;107.30990497086364;108.89726253836417;5238786
2011-12-14;106.22907257080078;107.10718381942478;105.82378838278484;106.85950865161153;5290354
2011-12-15;105.5311279296875;107.62508361729584;105.1990195428022;107.21980824716124;4680327
2011-12-16;103.33023071289062;105.82947111451234;102.39583321925993;105.82947111451234;12394472
2011-12-19;102.94744110107422;103.96064744861624;102.58719434753635;103.8593331027724;5271735
2011-12-20;105.39604187011719;105.44670354161755;104.00006530670723;104.41660684553374;4958145
2011-12-21;102.14815521240234;103.2908234579583;100.78032597106755;103.13321435457677;9709495
2011-12-22;102.4689712524414;102.89676980999315;101.8835546615468;102.84610815415522;5284392
2011-12-23;103.99441528320312;104.05070102407554;102.3845352843735;103.0712662437997;3192706
2011-12-27;104.10700225830078;104.61360993817279;103.79178409419096;104.11826839230847;2902859
2011-12-28;103.56665802001953;104.360336695835;103.20077809798262;104.24212311660452;3004112
2011-12-29;104.79934692382812;104.82748530114785;103.5778700266341;103.6116414699115;3076914
2011-12-30;103.50469207763672;104.96821109965688;103.4878018642457;104.88377800101388;3693321
2012-01-03;104.86690521240234;106.22347706610472;104.69803898705737;105.10894740100731;5905716
2012-01-04;104.43914031982422;104.88382930981962;104.1014077600346;104.45603054147789;4546648
2012-01-05;103.94378662109375;104.15205740467167;103.06567487978994;104.02821975128379;4668403
2012-01-06;102.75041961669922;103.84243491129969;102.62095791487369;103.79177325018975;5122367
2012-01-09;102.21570587158203;102.5984759997676;101.47268890382402;102.55907147489441;5440455
2012-01-10;102.05811309814453;103.4146855081932;101.99619425890339;103.13887175823628;5398406
2012-01-11;102.62662506103516;102.90243877136608;101.60215231827476;101.73162304725126;4299897
2012-01-12;101.63027954101562;102.39581965819832;100.40880238115128;102.36767229066947;7197526
2012-01-13;100.84786224365234;101.10117059327597;99.8290317143965;101.0279946220866;5522043
2012-01-17;101.3207015991211;102.44647958582168;100.93793151346443;101.5233393008459;6279556
2012-01-18;101.92296600341797;102.2213028926187;101.039230452386;101.22497789070397;4812228
2012-01-19;101.6134033203125;102.6491240770622;101.51770406282529;102.32827282071216;8961291
2012-01-20;106.11656188964844;106.3698613046107;103.99445831047699;104.56860904155427;13440786
2012-01-23;106.9383544921875;107.24231549187013;105.63806839739648;105.77316317327292;6016278
2012-01-24;108.03597259521484;108.24424329255338;106.11650773082107;106.17842653187607;5591602
2012-01-25;107.92344665527344;108.21052651138683;106.7301165880481;107.69828563149194;4560246
2012-01-26;107.50127410888672;108.520104766903;107.21419427108478;107.95721122751381;4188916
2012-01-27;107.20854187011719;107.94592556367355;106.84265308041282;106.95523355538668;3514978
2012-01-30;108.35687255859375;108.48633430048731;105.94768926612753;106.60627309607258;4559514
2012-01-31;108.41314697265625;108.6945937154618;107.51252098934197;108.68896064789264;5048833
2012-02-01;108.42440032958984;109.6571346840604;108.30619575636179;108.75650873226132;5322885
2012-02-02;107.81085205078125;108.82405855703524;107.69827155360657;108.48069298193995;4087036
2012-02-03;108.99858093261719;109.27439467408111;108.3794015434331;108.59892951648428;4729698
2012-02-06;108.5369644165039;109.06607736653825;108.07539435977546;108.34557491715623;3807231
2012-02-07;108.83535766601562;109.28004675841841;108.05856900594875;108.32875870966659;3590918
2012-02-08;109.03309631347656;109.38909995591317;108.34369100286224;108.93703341330449;3978775
2012-02-09;109.134765625;109.88633060187806;108.8070190788009;109.07826070984171;4054714
2012-02-10;108.7336196899414;108.73927469422651;108.08942721615632;108.36066900063813;3547091
2012-02-13;108.84659576416016;109.45123904656013;108.3493253677532;109.23650229371614;2571905
2012-02-14;108.62053680419922;108.83527351508823;107.8350779156318;108.36060518137504;3554413
2012-02-15;108.63755798339844;109.31000744782699;108.07812743362364;108.67146095205085;4205861
2012-02-16;109.07264709472656;109.2026129477277;108.49626071250985;108.84095432597252;3687673
2012-02-17;109.29866790771484;109.54730762842662;108.66577663951304;109.46254572711896;3918839
2012-02-21;109.28173065185547;109.76204512890816;108.75619419023906;109.47385644267655;3445106
2012-02-22;109.55297088623047;110.04459540282097;108.92007951823274;109.07830236023217;3426487
2012-02-23;111.6664047241211;112.58183892816692;109.21959184271545;109.552984539713;8402204
2012-02-24;111.7511215209961;112.20318794608376;111.10127434384354;112.1014790883595;3507447
2012-02-27;111.62118530273438;112.2879796234827;110.81311511340319;111.19736671612952;3931286
2012-02-28;111.87545013427734;112.42923447963253;111.56465049679684;111.74548429631757;3313100
2012-02-29;111.16910552978516;112.54790697512037;111.01087368967421;111.80765181615172;5352487
2012-03-01;111.62118530273438;112.1523587580664;111.28212862962174;111.45166147574996;3724074
2012-03-02;112.3445053100586;112.38970926353647;111.35560118414425;111.37821218002794;3898860
2012-03-05;113.38988494873047;113.68937459150935;112.0562784758082;112.09018143211748;7257148
2012-03-06;111.46854400634766;112.81345089582278;111.21425841287501;112.5309083411403;5454576
2012-03-07;111.75680541992188;112.20887196190162;111.49686467801901;111.93763023288503;3500857
2012-03-08;112.90957641601562;113.01128529837916;112.25407407839919;112.58747574067205;3290507
2012-03-09;113.36727905273438;113.63852075368132;112.85870762781599;113.00562946423368;3324397
2012-03-12;113.58203125;113.90413194101315;113.14691166505227;113.54247328425129;3263206
2012-03-13;115.1529312133789;115.22073711675681;113.92669779792845;113.98885771892878;5089836
2012-03-14;115.68416595458984;115.92715978526932;115.07387642349501;115.15299237192943;4814006
2012-03-15;116.40742492675781;116.50914281175544;115.69542678920088;115.80843664015141;3787671
2012-03-16;116.41307067871094;117.26634459086823;116.41307067871094;116.98945694932766;10080302
2012-03-19;116.24925994873047;116.70698163978803;115.55986343839815;116.24361396294522;3936307
2012-03-20;115.4185562133789;115.84237481730567;115.10775650510888;115.69545295869514;3865075
2012-03-21;115.66717529296875;116.27746459356337;115.44679254446832;115.45809353009841;3483075
2012-03-22;116.11925506591797;116.40179777729327;115.25467094183497;115.27728193482562;3459959
2012-03-23;116.11363220214844;116.38487400167763;115.59375960233922;116.34532504607027;3175865
2012-03-26;117.40764617919922;117.49240808884328;116.58827503987766;116.66173596284541;3575437
2012-03-27;117.07425689697266;117.9105841142647;116.97253898699272;117.79756521641413;2828907
2012-03-28;117.1364517211914;117.92756620343782;116.56006509157363;117.22121366503397;3415922
2012-03-29;117.690185546875;117.82015139953869;116.41874791912672;116.45829686180058;3560270
2012-03-30;117.90489959716797;118.17049529350535;117.54325003754641;117.9557585394271;3363099
2012-04-02;118.36831665039062;118.49262752847807;117.58849430024374;118.08011888514314;3543743
2012-04-03;118.3852310180664;119.05768025957501;117.84274762288064;118.27786714335251;4279709
2012-04-04;116.43573760986328;116.96126523522902;115.94976796082855;116.53180053870537;4606584
2012-04-05;116.10796356201172;116.22662844397237;115.53722308961282;115.92713873732302;3984214
2012-04-09;115.8084716796875;116.50353207861569;114.92129447601569;115.50332695151081;3479937
2012-04-10;114.33360290527344;116.26053411732282;114.24318598124948;115.8084675354921;4323013
2012-04-11;114.4748306274414;115.45807939084554;114.40702472196458;115.27159962207209;3521045
2012-04-12;116.02320861816406;116.15882949961932;114.5087769451044;114.5991938724562;3064362
2012-04-13;114.59917449951172;115.64458340501493;114.59917449951172;115.45810359714517;3940282
2012-04-16;114.55403900146484;116.3905631631268;114.55403900146484;115.69551148482445;4002624
2012-04-17;117.22684478759766;117.33420869203874;115.3620643646786;115.5993941514278;6344513
2012-04-18;113.09038543701172;115.31681483839353;113.01692452265576;114.39007992471599;10620561
2012-04-19;112.74005889892578;113.72895393498423;111.6155339738424;113.03390261381017;6027993
2012-04-20;112.7908935546875;113.08473722976774;112.50270488219398;112.92086842275323;4977077
2012-04-23;112.23712921142578;112.50836192195635;111.20302124443533;111.82461161377184;3785265
2012-04-24;113.01693725585938;114.41834978876155;112.37839092541607;112.48575480792285;5885110
2012-04-25;115.03429412841797;115.10210907261643;114.03409810942922;114.15841799117301;4187556
2012-04-26;116.17015838623047;116.5261621581512;114.9382691687709;114.9382691687709;3454624
2012-04-27;116.8651351928711;117.63364720141176;116.35656385489517;116.67300944552125;3657757
2012-04-30;117.01773834228516;117.51500880816674;116.58827379573789;116.80865656228939;2900767
2012-05-01;117.53758239746094;118.06310971239536;116.80862835450517;117.07421500314379;2840831
2012-05-02;117.57151794433594;117.69018280788212;116.92166163871214;116.95557361613355;2468874
2012-05-03;117.108154296875;118.05750036691497;116.71824768600185;117.69019573070925;2956624
2012-05-04;115.83671569824219;117.0346924998649;115.50331402651538;116.67304286958569;4208686
2012-05-07;115.13599395751953;115.71238030655911;114.65567049679609;115.25465881730506;3528576
2012-05-08;114.3302230834961;115.22679542990053;113.33150671758776;114.87497911161459;4060049
2012-05-09;114.18838500976562;115.19278032931682;112.95701399089367;113.48474313370606;3914655
2012-05-10;113.83088684082031;115.33463590393252;113.50176710435566;114.05787159095865;4006703
2012-05-11;114.15431213378906;114.69338947706355;113.46201875892613;113.46769745206358;2501509
2012-05-14;113.1726303100586;113.89329002780877;112.67326755779175;113.44500834639916;3168543
2012-05-15;112.9456558227539;114.32456409602548;112.78677012998743;113.17264055923646;3124820
2012-05-16;113.33719635009766;114.25647457397001;112.45765087073887;113.16129268838289;5231046
2012-05-17;112.29307556152344;113.93869210534022;112.15121690713838;113.30314033657544;5885110
2012-05-18;111.15247344970703;112.79808053667831;110.74390649556187;112.79808053667831;6001007
2012-05-21;112.21926879882812;112.31573410017671;110.44314253354149;111.20920436660577;4007958
2012-05-22;111.68590545654297;112.50303960958173;111.25465077552178;112.37819891479015;3731187
2012-05-23;111.28866577148438;111.49862341851059;109.63170125058691;110.9538674633155;4288600
2012-05-24;111.2717056274414;111.37951933343477;110.0857276907217;111.21496395505832;3733488
2012-05-25;110.25592803955078;111.22059043733483;110.08568497459838;110.71555804983275;3035387
2012-05-29;111.48160552978516;112.40087448677811;110.77796387284529;110.77796387284529;3784951
2012-05-30;110.386474609375;110.9198825256688;109.95521075420629;110.53969070106263;3768215
2012-05-31;109.46150970458984;110.61344239202455;108.95080759134748;110.14245491250865;9714725
2012-06-01;107.29381561279297;108.79188563887973;107.0214375976996;107.88396495985302;5445894
2012-06-04;106.98741912841797;107.46407624451432;106.11354322044349;106.87392675117722;4837227
2012-06-05;107.36190795898438;107.7307512779269;106.4312816225497;106.63556964961091;3720099
2012-06-06;110.08000946044922;110.08567909671936;107.82722567883415;108.25848936937017;3808800
2012-06-07;110.3353500366211;111.12410867318674;110.05162371288684;110.81200700000123;3871351
2012-06-08;110.7325668334961;110.73256683349611;109.34798022336466;109.92111155382679;2593243
2012-06-11;109.24017333984375;111.61779768502716;109.16073503749877;111.56105604049503;3423872
2012-06-12;110.39781951904297;110.46591857665764;109.03025929779211;109.03025929779211;3162790
2012-06-13;109.5749740600586;110.76095144036269;109.14938001759965;110.2899640812941;3397094
2012-06-14;110.70988464355469;111.12412131943908;109.37069117124624;109.5182285141012;3749910
2012-06-15;112.97969818115234;113.07617257891077;110.88013017383363;111.26600059408311;6682894
2012-06-18;112.52006530761719;113.28612743494392;111.88451351043692;112.11149823591441;3534329
2012-06-19;112.88322448730469;113.4847222064391;112.80945581366623;112.82648283717026;3449290
2012-06-20;112.79811096191406;113.34286704771233;112.07177253315895;112.75271764040677;3533597
2012-06-21;109.73956298828125;113.1783158006955;109.62607061442006;112.96268844159509;4515164
2012-06-22;109.91544342041016;110.58504013339369;109.64306540349912;110.01190874787306;9228858
2012-06-25;109.43879699707031;109.73955039474919;108.76920021936701;109.22316060578727;3359334
2012-06-26;108.92239379882812;109.90408304519144;108.24144883118481;109.82464474883979;3593951
2012-06-27;109.51822662353516;109.91544532649597;108.32657957157967;109.0302212846475;2889784
2012-06-28;108.61031341552734;108.99618381561778;107.19168156203207;108.51384807973663;4149796
2012-06-29;110.98228454589844;111.11279489148494;109.18346072438771;110.39780469565011;5501542
2012-07-02;111.12415313720703;111.90156375644212;110.56804859562014;111.4249066023375;2957042
2012-07-03;111.18086242675781;111.41351675064237;110.60205237806525;110.91415405982569;1517118
2012-07-05;110.8177261352539;111.70295041470241;109.87575113619188;110.58507173285496;2813949
2012-07-06;108.6159896850586;110.05163947346016;107.66834525832006;110.04029114343967;5180733
2012-07-09;107.62862396240234;108.38333773860771;106.7093548687858;108.2471487184133;4171553
2012-07-10;105.69361877441406;108.46278363613212;105.31910573538262;107.98612656057927;4906054
2012-07-11;105.12052154541016;106.31783868672744;104.13315310758439;105.67094743324907;5707081
2012-07-12;103.89481353759766;104.63250047251486;103.1911716019236;104.55306214094753;5158140
2012-07-13;105.55171203613281;105.73329430741744;103.86070279431125;104.10470538649436;4113918
2012-07-16;104.85945129394531;105.60280762623536;104.74028024978779;105.30773294781524;3289042
2012-07-17;104.21256256103516;105.71064183171646;103.95721153624426;105.39286140301395;5395896
2012-07-18;106.82284545898438;107.01578520062995;104.15582463836787;104.4962926836169;8388397
2012-07-19;110.84609985351562;111.7029487604681;109.5012364269893;109.74523915831158;10873588
2012-07-20;109.20613861083984;110.59639507326528;109.04725293429927;110.13675601013848;5010026
2012-07-23;108.2868881225586;108.55358750806356;106.79448737737204;107.69105994059726;4084107
2012-07-24;108.0087890625;108.56489333656194;106.99872451859218;108.33790867317633;3762567
2012-07-25;108.42872619628906;109.38771893130806;107.43000977863518;107.99178380115985;4010155
2012-07-26;110.05732727050781;110.62478004617942;109.2742380927555;109.79629754459037;3433913
2012-07-27;111.44190216064453;112.02070325169804;110.05732430853435;110.70989407730127;4369456
2012-07-30;111.6064453125;112.26468459292997;111.17518165890147;111.40215728573291;2915202
2012-07-31;111.20922088623047;112.11714146039854;111.1524792466921;111.50429552568137;3668322
2012-08-01;110.7552719116211;112.27036893976643;110.49424222923179;111.76533659705132;2677028
2012-08-02;110.34105682373047;111.56107942073076;109.5296013237658;110.17649243470923;2941980
2012-08-03;112.65055847167969;112.89456112738293;111.31137415483002;111.49295647338516;3428893
2012-08-06;112.78675079345703;113.45634750004726;112.65056178630184;112.78675079345703;2445339
2012-08-07;113.4506607055664;113.98973800263585;112.80943939619291;113.16693438233101;3357032
2012-08-08;113.42221069335938;113.79832280829602;112.92641868656192;112.98910555498453;2163442
2012-08-09;113.07453918457031;113.66720817114407;112.7725017530609;113.18851608866417;2259465
2012-08-10;113.57035064697266;113.61593777826396;112.40210309505993;112.76112449297104;2720123
2012-08-13;113.41078186035156;113.96355763878569;112.71553265918087;113.33669822729554;2529542
2012-08-14;113.0004653930664;113.59313443120644;112.67563437159473;113.33669319637954;2680166
2012-08-15;113.06315612792969;113.59313833636364;112.78961516313866;113.34809387495396;2208943
2012-08-16;114.45367431640625;114.72721535025705;112.90362058538325;113.27403884047315;2855057
2012-08-17;114.67022705078125;115.11472893993428;114.35109888866086;114.590440462452;2669183
2012-08-20;114.25992584228516;114.61894733101796;113.99208773479846;114.36819985429051;2443456
2012-08-21;113.20562744140625;114.54483584464434;113.04606338469492;114.53913290537751;3254420
2012-08-22;112.40782165527344;113.2056420417263;112.20836428476069;113.19994819732204;3447721
2012-08-23;111.52445220947266;112.47614232078985;111.37628499568187;112.28808183507235;2884240
2012-08-24;112.70415496826172;112.89790939658401;110.66969708848559;111.10280217783979;2760917
2012-08-27;111.518798828125;113.0061653470275;111.47320260269748;112.81241094964935;2613745
2012-08-28;111.05152130126953;111.75816746303406;110.84066713126238;111.44474222602791;2656003
2012-08-29;111.1711654663086;111.71823826797245;111.06858533667345;111.1996528724105;2239904
2012-08-30;110.19672393798828;111.39346842156709;110.08844991475785;110.9945535937075;2866981
2012-08-31;111.04010009765625;111.66696862501382;110.24797367311992;110.73236877313377;3340192
2012-09-04;110.86344909667969;112.36221248172339;110.12830656132766;112.043084363895;4722062
2012-09-05;111.14836883544922;111.60997034824535;110.49302202562706;110.78935655344772;3464875
2012-09-06;113.46208190917969;113.66724221711794;111.75815806241549;111.84363849219044;4112558
2012-09-07;113.69000244140625;113.69000244140625;112.88077642245123;113.47345450831403;3570730
2012-09-10;114.5163345336914;115.01212640522247;113.25120982043306;113.62733092835198;4401568
2012-09-11;115.83843231201172;115.94670628302651;114.26557642846561;114.2883790868438;4090488
2012-09-12;116.1233901977539;116.62488504841473;115.66179773228332;115.9809258578326;3435064
2012-09-13;117.5993881225586;117.85582943315204;115.94674512011487;116.47103362210918;4058062
2012-09-14;117.85581970214844;118.33451192818511;117.42271461318252;117.5309886115245;4243727
2012-09-17;118.04956817626953;118.52826947376008;117.13777090725495;117.13777090725495;3425755
2012-09-18;118.00397491455078;118.46557646473622;117.66774707407484;117.89570092729153;2590001
2012-09-19;117.63923645019531;118.28888934115092;117.39988586110888;118.27749256029873;2725458
2012-09-20;117.496826171875;117.95842787896963;116.99534025816739;117.3087655433846;3911099
2012-09-21;117.38282012939453;118.49977774107792;117.3486297769384;118.16925280947288;13358989
2012-09-24;116.98960876464844;117.4284167906982;116.76735782947463;116.83574763023468;3672611
2012-09-25;116.81295776367188;118.14647261640567;116.79586713330794;117.16628539917873;3499079
2012-09-26;116.25445556640625;117.38280067968296;116.19746255949158;116.85281846983558;3580772
2012-09-27;117.34293365478516;117.90710629395214;116.33425005992582;116.46532671852668;2899407
2012-09-28;118.22058868408203;118.7163808213562;117.00105044698871;117.20050789031524;5136801
2012-10-01;119.94156646728516;120.67101528208539;118.49978675420945;118.53968004957486;5707917
2012-10-02;119.58253479003906;120.51142264490817;118.81889574346629;120.2207910304491;3473766
2012-10-03;119.96435546875;120.41455116471433;119.27480002785686;119.63952439371415;3339146
2012-10-04;119.89598083496094;120.22650579586232;118.83601614568481;119.83329396876945;3093545
2012-10-05;120.00995635986328;120.69380893948438;119.70791881764771;120.32908453182027;2989886
2012-10-08;119.57112121582031;120.03842567847089;119.22350570783856;119.6850981358716;2073800
2012-10-09;118.52820587158203;120.09535829219213;118.3629389533213;119.64515374331206;3745098
2012-10-10;117.29161071777344;118.66500920482979;116.85280282478591;118.43136155631258;4209627
2012-10-11;117.25749206542969;118.11799956300965;117.18340839754266;117.71908470651;3043860
2012-10-12;118.41996765136719;118.51114189948355;117.14344631737961;117.1890334414378;2836752
2012-10-15;119.06397247314453;119.33181968938801;118.43141900079831;119.03548505528002;3201701
2012-10-16;120.24360656738281;120.24360656738281;119.3717024690966;119.63954056613639;5891177
2012-10-17;114.33399963378906;115.91825276182513;113.14866125784226;114.66452458194384;13256899
2012-10-18;111.1027603149414;114.0547082426;110.59557177108766;113.92364072499066;9723511
2012-10-19;110.19097900390625;111.74104135353117;110.08839887387927;111.29083664560903;6924834
2012-10-22;110.78364562988281;110.94320966447064;109.66668829217237;110.39043393409153;4605015
2012-10-23;108.98858642578125;110.55574004985507;108.81192259427777;110.28790192771726;4631060
2012-10-24;108.6865234375;110.15109642401963;108.59534008021606;109.6667013242178;3909948
2012-10-25;109.18804931640625;109.66674165308866;108.68086046466888;109.07977529303761;3399082
2012-10-26;110.13971710205078;110.48163882877701;109.11394282627391;109.12533961079158;4190799
2012-10-31;110.85778045654297;111.92914206804343;110.34488867623325;111.01165071931584;6330706
2012-11-01;112.35083770751953;112.77254605140197;110.86916465906712;110.94324831148974;3931705
2012-11-02;110.23088073730469;112.83520470626283;110.15109416436842;112.56736667465603;4456065
2012-11-05;110.63550567626953;111.1085040538662;109.42167084971318;109.62112821606354;2862065
2012-11-06;111.16545104980469;112.12284427115745;110.94320018894001;111.2737250112425;3431926
2012-11-07;109.41400146484375;110.85637175170969;109.41400146484375;110.67321608515255;4964525
2012-11-08;108.80731964111328;109.78606854537594;108.80160087826472;109.55139828969916;3705141
2012-11-09;108.54402923583984;109.68876844046677;108.10902870349776;108.6642328816923;3840494
2012-11-12;108.32078552246094;109.19078642557443;107.2676289385347;108.76723263310585;3208500
2012-11-13;107.78850555419922;109.25376956585752;107.74843767164043;107.828573436758;3563408
2012-11-14;106.18012237548828;108.33222197697194;106.04847210527213;108.25781413220678;4607002
2012-11-15;106.37476348876953;107.14746343092722;105.762325952595;106.36331682658536;3568638
2012-11-16;106.99861907958984;107.35348378323071;105.94546249238863;106.64947313780966;4875197
2012-11-19;108.95036315917969;108.97325647015074;107.77700332101799;107.96015894418586;3753989
2012-11-20;108.29217529296875;108.8130302642883;107.7484178676792;108.68137997942141;3316029
2012-11-21;108.91607666015625;109.25950392831564;108.14910462478824;108.34943491403006;5428322
2012-11-23;110.7476577758789;110.7476577758789;109.20798585610844;109.32246160846631;4055970
2012-11-26;110.39849853515625;110.67895541621344;109.76316777782715;110.1523816350728;5449974
2012-11-27;109.45407104492188;110.49578090494238;109.32242990589798;109.94058599980438;3442281
2012-11-28;109.88336181640625;109.91770179438052;108.3322344207732;109.3109923085585;3769366
2012-11-29;109.62581634521484;110.40996294824939;108.86457220191524;110.32410841430887;4265483
2012-11-30;108.79014587402344;109.89481710108376;108.46389321915497;109.75172014518928;5163474
2012-12-03;108.45244598388672;109.49415600649455;107.81138733777202;109.18507791130126;3503682
2012-12-04;108.38375091552734;109.17934399769966;108.18914856808468;108.58408116043724;4174272
2012-12-05;107.97735595703125;108.44097757453768;106.99860732931884;108.18340493403338;4395397
2012-12-06;108.5783462524414;108.8530751757534;107.83998657772425;108.27498698145342;3364564
2012-12-07;109.86616516113281;110.00925294161269;108.81300876727073;108.83017418510394;4279500
2012-12-10;110.24969482421875;110.77627779811948;109.6944997640917;109.99213123575622;3596671
2012-12-11;111.15399169921875;111.49741881600563;110.55301023179284;110.57017564962176;4334624
2012-12-12;110.43859100341797;111.4688546098441;110.15812492451101;111.38300007059237;4437027
2012-12-13;109.88905334472656;110.49576268018872;109.53418872279973;109.99780114906218;3789867
2012-12-14;109.7574691772461;110.69615030871243;109.47128434575428;109.71740129104815;4002937
2012-12-17;110.8220443725586;110.98803463838628;109.75744109140867;109.75744109140867;3966850
2012-12-18;112.00687408447266;112.13851526320332;110.94798934979735;110.95370811300938;4315691
2012-12-19;111.65770721435547;112.44184451253808;111.61191144018653;111.87520288389739;4466943
2012-12-20;111.48027801513672;111.58330709490649;110.55876246595999;111.30856897245606;4376987
2012-12-21;110.70757293701172;111.32572911550542;109.64868837683073;110.52441724253265;8603664
2012-12-24;110.123779296875;110.94226589512722;109.90628357801582;110.49581865971692;1706235
2012-12-26;109.86616516113281;110.77050587830351;109.29379576841198;110.0149808378242;2904219
2012-12-27;110.30115509033203;110.62740762307986;109.15069765301047;109.6257567129593;4150110
2012-12-28;108.65278625488281;110.02073992131693;108.65278625488283;109.38541824982757;3699284
2012-12-31;109.63726043701172;109.71166830704271;108.08614182825751;108.30936543835051;4900405
2013-01-02;112.38459777832031;112.38459777832031;110.9250620558131;111.09104316919843;4428869
2013-01-03;111.7664794921875;112.35029580574611;111.29141103718275;111.99542187149012;3812356
2013-01-04;111.03382873535156;111.30283895473436;110.34126467987461;111.14830447342626;3535689
2013-01-07;110.54730987548828;110.91363039757313;110.08941607443442;110.69612558921585;2993966
2013-01-08;110.39274597167969;110.63887195217325;109.66584209416975;110.4213671837978;3166137
2013-01-09;110.07799530029297;110.74766616954557;109.69450926592306;110.74193827056159;3359752
2013-01-10;110.39849853515625;110.44428517645458;109.48271089676996;110.26685737372192;3774073
2013-01-11;111.297119140625;111.61191599810178;110.40994359818325;111.12541010283708;4058898
2013-01-14;110.24969482421875;110.62746206228722;109.75173307194862;110.36417057533686;4364121
2013-01-15;110.18102264404297;110.31266382912239;108.97332211194725;109.49989598766986;4364017
2013-01-16;110.2325210571289;110.57022041442468;109.52279149298055;109.8948308352375;3099193
2013-01-17;110.83927917480469;111.3028919749788;110.60459968902816;110.95374583200349;4060154
2013-01-18;111.30859375;111.61194402348804;110.92510769987409;111.05674889245864;4769342
2013-01-22;112.2300796508789;112.2300796508789;111.0452726911572;111.24560294405815;7502226
2013-01-23;117.17536926269531;119.38472139194455;116.39695050034258;116.47708627688448;13106903
2013-01-24;117.00361633300781;117.3699368185634;116.2366445211096;116.7117128322981;4651771
2013-01-25;117.31844329833984;117.43863780422929;116.83765613937841;117.02081184725843;3513409
2013-01-28;117.2955551147461;118.0339058767003;116.92923454753624;117.24975933421733;2953590
2013-01-29;116.70604705810547;117.75348540493934;116.55723128000275;116.95789195501989;3783487
2013-01-30;116.48846435546875;117.26688265951535;116.29958082374714;116.58576550154957;3136326
2013-01-31;116.2309341430664;117.03225518733556;116.16798207826571;116.37403110185879;3233604
2013-02-01;117.43870544433594;117.53600668470754;116.67173305332673;117.13535505584849;3525752
2013-02-04;116.64303588867188;117.34705571855608;116.51711349413318;116.87198735790639;3335485
2013-02-05;116.0706787109375;117.19252458592264;115.91041631956877;116.94067977002722;3804197
2013-02-06;115.54185485839844;115.69704894443355;114.70267657501125;115.17974449817041;3790913
2013-02-07;114.80615234375;115.4786417786052;114.19688911699825;115.31195283472253;3218228
2013-02-08;115.92122650146484;116.15689368170973;114.77167815956956;114.93835794460867;3026392
2013-02-11;115.04756164550781;116.07640946852653;114.81189448790167;115.51887761301036;3080156
2013-02-12;114.97860717773438;115.38095418746613;114.39233351384344;114.96136032702763;2575043
2013-02-13;115.00733947753906;115.50164518704875;114.70845524874602;115.32921338949217;2269611
2013-02-14;114.7544174194336;115.13951748929874;114.53025428142905;114.80039677886387;3445733
2013-02-15;115.51890563964844;115.67409060618128;114.85215888021122;114.94412679753752;3794679
2013-02-19;115.1395034790039;116.04190792807267;115.08202928670957;115.30044039128153;3136222
2013-02-20;114.55902099609375;115.94423665318254;114.30036410815222;115.31197445361065;3886308
2013-02-21;113.99576568603516;114.42110248219437;113.8693132143274;114.16819753877884;4103353
2013-02-22;115.58208465576172;115.58208465576172;114.28882820228564;114.512991308723;3250863
2013-02-25;113.5243911743164;116.38678047628402;113.5243911743164;115.91546454127463;4021661
2013-02-26;114.46131134033203;114.89814287608446;113.71409153609045;114.16816992248897;3547614
2013-02-27;116.29480743408203;116.5362082045955;114.15087796425621;114.31756687511087;4377615
2013-02-28;115.43270874023438;116.74894645068139;115.40971905058112;116.20865204839546;4904903
2013-03-01;116.62816619873047;116.6454038672475;114.58769961709515;115.3291670573398;3460482
2013-03-04;117.93873596191406;117.93873596191408;116.42131559547757;116.4443144580327;3863296
2013-03-05;118.70892333984375;119.38141294258973;118.2261124087624;118.3238231619013;3982959
2013-03-06;119.7723159790039;119.83554222973517;118.78369483709227;118.9963632852136;3760161
2013-03-07;120.37006378173828;120.47352656923428;119.69182200082372;119.7205637026525;4063082
2013-03-08;120.92178344726562;121.12869972923997;120.3757372962713;120.61714727011989;3870723
2013-03-11;120.7493896484375;120.81836788525996;120.15162107397923;120.7263999607826;3189986
2013-03-12;121.01956176757812;121.1230153794252;120.18038298388457;120.35856685396578;3756814
2013-03-13;121.88737487792969;122.05980659927803;120.57113812096554;120.81829086648831;3510271
2013-03-14;124.03710174560547;124.07158627034971;121.93916013608589;121.93916013608589;5758753
2013-03-15;123.53128051757812;124.09456439803925;122.66336960279195;123.79568019704215;8295094
2013-03-18;122.54840087890625;123.28986848063981;122.22077501949927;122.37022628026143;3144276
2013-03-19;122.68062591552734;123.6462476360844;121.75523155293494;123.07722087839385;3345736
2013-03-20;123.61177825927734;124.04860980749368;123.17494671106098;123.43934644332349;3157874
2013-03-21;122.00236511230469;122.42770169833801;120.76659187966287;122.40471201917747;6098598
2013-03-22;121.89892578125;122.52543594098103;121.63453524629841;121.973646839792;3170949
2013-03-25;121.12865447998047;122.31844788496853;120.73205973626806;122.16325385107196;3391655
2013-03-26;122.05989837646484;122.14037146632307;121.56559251374931;121.72078668396495;2406114
2013-03-27;121.21489715576172;121.9448697989091;120.76082813632972;121.25513367425268;3371676
2013-03-28;122.60018157958984;122.68065466208733;120.55397089731665;120.60570228265675;3922395
2013-04-01;122.07133483886719;122.71509172826848;121.42184429042504;122.31274481912448;2243147
2013-04-02;123.20940399169922;123.41057745710815;121.60577744934231;122.38172962338966;3260173
2013-04-03;122.23231506347656;123.51406801948369;122.21506821226703;123.18644206350176;3272725
2013-04-04;121.45635223388672;122.38748946785405;120.7263793194342;122.29552155910103;3880137
2013-04-05;120.36424255371094;120.61140453435537;118.59967921427751;120.18606795687046;4338808
2013-04-08;120.3125228881836;120.31252288818361;119.16871745780976;120.1688327954193;2459355
2013-04-09;120.25499725341797;120.70332336144725;119.90438183449491;120.45041863163037;2695856
2013-04-10;121.85293579101562;122.14606799180704;120.97352084093062;121.77246273166776;3686313
2013-04-11;122.38170623779297;122.47941694829632;121.1919125200179;121.56551769185614;3823758
2013-04-12;121.49657440185547;121.55980061154939;120.57692294463146;121.15745367237984;3311008
2013-04-15;120.27806091308594;121.67477144325817;120.27806091308594;120.95630249704836;4412133
2013-04-16;121.85293579101562;121.85293579101562;120.2435571687567;121.18618915622955;2991037
2013-04-17;120.51370239257812;121.32989114973704;120.41599165678814;121.00801725283274;3420211
2013-04-18;119.06523895263672;120.8470582491729;118.49046948383777;120.76658520270578;6801092
2013-04-19;109.20783233642578;112.94388529224192;109.06988506006824;112.50705377941908;19713962
2013-04-22;107.9605484008789;110.00100638565866;107.87433251235686;109.86881113628618;10298288
2013-04-23;110.13322448730469;110.67350956596492;108.40888815499352;108.7882362768341;6585721
2013-04-24;110.19068908691406;110.6447674006049;109.83432150557307;110.44933676204992;3863819
2013-04-25;111.47821044921875;112.17944170211689;110.5413211672716;110.75398951161192;4864841
2013-04-26;111.68509674072266;111.91501187367265;111.07583356441555;111.59888085932994;3650854
2013-04-29;114.46705627441406;114.77169254032381;111.88055153988834;111.9552726042975;6205290
2013-04-30;116.41553497314453;116.44427666161558;113.43243576890515;114.45554080083757;7886735
2013-05-01;114.74295043945312;116.20288719438703;114.49579756172409;116.03045538080198;5124459
2013-05-02;116.32933044433594;116.35232012781624;114.81191042221806;115.02457875519512;4126575
2013-05-03;117.54784393310547;118.01341708008776;117.11101247419204;117.22021804545662;4699364
2013-05-06;116.55345916748047;117.24893816953855;115.82923848263957;117.13398061226071;5048519
2013-05-07;117.04205322265625;117.09952742974691;115.9039905314139;116.57072802908921;3609746
2013-05-08;118.2778091430664;118.29512760973174;116.94384480089404;117.19215603582275;3767378
2013-05-09;117.36540985107422;118.38176148119763;117.06512477059593;118.20274253957302;3705246
2013-05-10;118.07571411132812;118.11036026777231;117.1228848995582;117.44049770909972;3430043
2013-05-13;116.92076873779297;118.07571435650065;116.77640514388183;117.90824410805747;3816226
2013-05-14;117.34812927246094;117.61376830802078;116.69558501380918;116.70136398314737;3869886
2013-05-15;117.41163635253906;117.61952253470398;116.67247216938323;116.79373834090812;4213393
2013-05-16;118.20276641845703;119.29995929051596;117.80431255299794;117.80431255299794;4714322
2013-05-17;120.36830139160156;120.98042047689857;118.37602257568508;118.52616516673635;5966489
2013-05-20;119.88323211669922;120.77830872883678;119.7792844059737;120.12576448591639;3780767
2013-05-21;120.48953247070312;120.96883651538495;119.5367033486301;119.67529717821456;3120113
2013-05-22;119.531005859375;121.35581496574306;119.02860407551647;120.40298526764713;5425393
2013-05-23;119.05169677734375;120.46650305796611;118.45690521953081;118.65901250231205;5417339
2013-05-24;118.79756927490234;119.20758111656981;118.0468563491113;118.20277790301684;3447407
2013-05-28;119.98717498779297;120.4549304862651;119.62914617324813;119.79083749757713;4196029
2013-05-29;120.06791687011719;120.35665309223906;118.98227346770037;119.08621187153311;3597612
2013-05-30;120.89958953857422;121.8408702958393;119.51942969254925;119.51942969254925;4602086
2013-05-31;120.1257553100586;122.41254947020158;120.1257553100586;120.45491689097507;5176654
2013-06-03;120.66277313232422;121.2979894298076;119.72726254461165;120.25854038990158;3474812
2013-06-04;119.06896209716797;120.69165378106878;118.42796676129059;120.46067020023848;3763822
2013-06-05;117.07667541503906;119.126697176381;116.88032878598037;118.47415316893006;4409308
2013-06-06;117.68878936767578;117.91977292231505;116.34327628996695;117.22681304154415;3848652
2013-06-07;119.16138458251953;119.16138458251953;117.86785405402068;118.29517517849193;3089256
2013-06-10;118.393310546875;119.52514935216527;118.32400902671655;119.51937960198318;2774306
2013-06-11;117.79273986816406;118.93035763550647;116.94384924684823;117.32498456391683;2943862
2013-06-12;116.18739318847656;118.51460308746364;115.78893009672024;118.14501640361057;3566651
2013-06-13;117.6714859008789;118.03529359989702;115.69075611920866;116.07766125675887;3032877
2013-06-14;116.76487731933594;118.23165704286836;116.53966343639871;117.78699902901839;2933507
2013-06-17;117.24996948242188;118.47998679340178;116.96700273409556;117.48095315330578;3368015
2013-06-18;118.30672454833984;119.01123336842431;117.15177875995016;117.2383987723938;3428579
2013-06-19;116.61473846435547;118.39912189519775;116.60895949528967;118.05841157544302;2977021
2013-06-20;113.964111328125;116.4761189473584;113.92368620413463;115.88131845679865;4722481
2013-06-21;112.8726806640625;114.63974511310744;111.76393922260402;114.62819639515452;9324881
2013-06-24;111.76397705078125;112.55510597416877;110.49353469427389;112.0238371179565;4556585
2013-06-25;112.59554290771484;112.94780200355358;111.53877483705665;112.78611066368862;4023125
2013-06-26;112.52622985839844;113.31736793593234;112.31833444765172;113.16722534677363;3472929
2013-06-27;112.98243713378906;113.70428294797527;112.77455092194798;113.21343000637435;3675853
2013-06-28;110.36071014404297;111.25578670285532;108.8015314434771;110.71873892419666;10518367
2013-07-01;110.4588623046875;111.91409308235428;110.36646333487276;110.96126384539889;4646750
2013-07-02;110.58592224121094;111.58494648843273;109.86985547560393;110.1701406466466;3825954
2013-07-03;111.5964584350586;112.15660346180006;110.01418283972569;110.2856007280905;1958740
2013-07-05;112.5666275024414;112.69944236932032;111.07674147876027;112.31253726995574;2516048
2013-07-08;112.59554290771484;113.05751948116587;112.38187770559722;112.95358097351854;3083085
2013-07-09;110.47042846679688;111.33663783869713;110.17014328855329;110.80535980787096;5443593
2013-07-10;111.01896667480469;111.70038693694043;110.45304277831336;110.59163657371637;4071032
2013-07-11;111.33661651611328;112.0930990688884;111.22688986287983;111.90254060138724;4369665
2013-07-12;110.91508483886719;111.85636556960172;110.63789708358341;111.4925577928989;4701456
2013-07-15;112.02955627441406;112.54350642414624;110.68982219180182;111.11715235826257;5935736
2013-07-16;111.94298553466797;112.36454613667593;111.26734383782525;112.05271221635289;3917584
2013-07-17;112.34722900390625;112.54356650856126;111.4694707690779;112.44539775623375;7184346
2013-07-18;114.33372497558594;116.037267384685;113.17877909480215;114.49541629287286;8779496
2013-07-19;111.76397705078125;114.3337289600219;111.59072778914073;114.2875248557178;7319490
2013-07-22;112.08154296875;113.06324851427799;111.6137968487823;111.6830891566094;3554308
2013-07-23;112.59554290771484;113.43287602314845;112.08737144197612;112.15089402730071;2995535
2013-07-24;113.53677368164062;113.93522749406193;113.10367371528137;113.15564755461527;3093963
2013-07-25;113.88904571533203;114.24130469633332;112.98819030825533;113.35776775978962;3152958
2013-07-26;113.964111328125;113.97566004685733;112.60704931695962;113.52523236573333;2599415
2013-07-29;113.30582427978516;113.87173928202122;112.91314009948762;113.66385307883824;2210930
2013-07-30;113.19031524658203;114.24131330066304;113.07481882795808;113.75623940266928;2785707
2013-07-31;112.63014221191406;113.7100164962421;112.31253863430287;112.31253863430287;3985260
2013-08-01;113.0748062133789;113.8601651820672;112.84381340190048;113.55988005725804;3010074
2013-08-02;112.69950103759766;112.89583856480596;111.57920106132124;112.89583856480596;4052204
2013-08-05;112.89579010009766;113.11523419823668;112.23169727137271;112.6994526571745;2605481
2013-08-06;110.29137420654297;111.16913201876602;109.87559273493416;111.02476844469741;6211671
2013-08-07;109.4324951171875;110.2275881732006;109.1365166417368;110.03606778518011;4081178
2013-08-08;109.06681823730469;110.19271787372615;108.40521360434674;109.9489639232006;4756790
2013-08-09;109.00297546386719;109.78065382861624;108.52708328621047;109.10744276337692;3399082
2013-08-12;109.74002075195312;110.01278614868154;108.46322822573151;108.50965401336363;3165719
2013-08-13;109.35120391845703;110.2623611326057;108.85208954794311;110.00120212953851;3705873
2013-08-14;108.83470153808594;109.64719942909339;108.7012134561466;109.44407264060906;3025346
2013-08-15;107.82485961914062;108.52709149020107;107.62753145371344;108.08021076857176;3862250
2013-08-16;107.56373596191406;108.2137343928782;107.56373596191406;107.67980049392085;3584014
2013-08-19;106.91947174072266;108.23688212059223;106.77437726869069;107.54044903327579;3398349
2013-08-20;107.11102294921875;107.73200973784563;106.30432368855755;107.00075703734801;3261219
2013-08-21;107.28520202636719;108.27761434916006;106.94858697092194;107.17492678599636;3714346
2013-08-22;107.47665405273438;108.09184227474879;106.93112306307383;107.7436209534884;2462598
2013-08-23;107.6101303100586;107.7958427698996;107.11682377300971;107.56370451083053;2398164
2013-08-26;107.21548461914062;108.52709683071278;107.18066526926775;107.52307870034005;2270238
2013-08-27;106.05477142333984;107.07620391697012;105.9561119617438;106.57129089545681;3337472
2013-08-28;105.71815490722656;106.47842828932872;105.10297603707352;106.01994111760082;4162243
2013-08-29;105.99675750732422;106.61193654746067;105.30032403597585;105.60211032973831;3118021
2013-08-30;105.7820053100586;106.1998653180921;105.34093240095591;106.0605786487476;2856626
2013-09-03;106.7628173828125;106.9717427686589;105.92129871939531;106.57129704241079;3647611
2013-09-04;106.28108215332031;106.89626091945736;105.80519001941495;106.54225037808405;2717403
2013-09-05;106.87310028076172;107.36640695849864;106.24631476071238;106.40881436728327;2999510
2013-09-06;106.22309112548828;107.36059751952287;106.00255001267602;107.16326931060023;3037061
2013-09-09;107.35482025146484;107.65080801772146;106.38562102886473;106.60035434542483;3155991
2013-09-10;108.29496765136719;108.9043480605546;108.16148882277808;108.64318899787307;3294482
2013-09-11;110.6744155883789;110.77307503251258;108.42261636295343;108.42842421869204;5191193
2013-09-12;110.69188690185547;111.03430049638757;110.18117507113189;110.82536577155214;3509121
2013-09-13;111.527587890625;112.06732039774954;110.8485686787975;110.97044107181318;3881078
2013-09-16;112.09632873535156;113.05971984505315;111.78292673731644;112.4155200650877;4081910
2013-09-17;111.52179718017578;112.67671821403093;111.33027677389428;112.2530501765719;3065721
2013-09-18;112.83333587646484;113.10610129043799;111.4288723454622;111.77708430057064;4018523
2013-09-19;112.23558807373047;113.1061180908069;112.13691935972857;112.69406598100026;3324293
2013-09-20;110.27980041503906;112.83918516096712;110.27980041503908;112.56641038391689;8918091
2013-09-23;110.84272766113281;111.66684118932967;109.87933673283065;110.30299531547337;3494477
2013-09-24;110.25077819824219;111.17355132140794;110.07086430172292;110.80792493395965;3227224
2013-09-25;109.96063232421875;110.62804518906044;109.39768682030645;110.3494717352042;2776607
2013-09-26;110.3958511352539;111.2896033226741;109.95477826628309;110.32620317545401;2189906
2013-09-27;108.48070526123047;109.65303118030164;108.20793044383169;109.61240396116584;4085153
2013-09-30;107.4708251953125;108.37618370237055;106.98332659834136;107.69135696670638;4161197
2013-10-01;108.16727447509766;108.32396617536793;107.16324711782076;107.56370204724169;2804535
2013-10-02;107.34320068359375;108.1266872635225;107.02400004582557;107.67980637064706;3783487
2013-10-03;106.70480346679688;107.3431954482656;106.20568892454466;107.19230229284946;3359543
2013-10-04;106.8440933227539;107.44185810396344;106.54230700301352;106.88471127892522;2995326
2013-10-07;105.63114166259766;106.38560747249858;105.53828076948216;105.53828076948216;4148854
2013-10-08;103.72174835205078;105.6195190400557;103.71594049458741;105.56147751714433;5834902
2013-10-09;105.23066711425781;105.43379389421341;103.9422677309032;104.09896870844474;4626981
2013-10-10;107.23291778564453;107.23291778564453;105.83425232192873;106.30433678521327;3827209
2013-10-11;108.03960418701172;108.08022213267094;106.85567212167793;107.51147826414719;3381300
2013-10-14;108.50969696044922;108.52130341195098;107.02978639613963;107.60433816573179;2785603
2013-10-15;107.1690444946289;107.91190350726788;106.91368410383585;107.7958297602776;3519895
2013-10-16;108.37043762207031;108.37043762207031;107.36062050905365;107.61017317370028;7027028
2013-10-17;101.46415710449219;102.72353597086301;100.15254456894563;100.88959600649024;23397869
2013-10-18;100.85475158691406;101.56279134792435;100.54716676909952;101.44671758559122;11033208
2013-10-21;100.32083892822266;101.41770878594622;100.18735084377681;101.22619770788656;7425240
2013-10-22;101.54537963867188;101.89360093457738;100.3730540612746;100.60520159187827;7298256
2013-10-23;102.00969696044922;102.13737721544464;101.2146131903148;101.615059004571;5658232
2013-10-24;103.18782806396484;103.24006173627463;102.28826770704102;102.39273505166061;5787832
2013-10-25;102.63646697998047;103.94227145455507;102.2940535175866;103.553432188084;5065569
2013-10-28;102.92666625976562;103.24005902245462;102.25925351666667;102.74675234052381;3883484
2013-10-29;105.6949234008789;105.81099713741779;103.01366732775789;103.08330601192509;9314212
2013-10-30;104.55165100097656;105.72977524222226;104.38334356811446;105.44540330007217;5516290
2013-10-31;104.00611114501953;105.43379724390411;103.9074516802905;104.26147159226859;4516733
2013-11-01;104.0177230834961;104.66192282962506;103.814596286371;104.3543287053087;3812147
2013-11-04;104.62129211425781;104.92888622827402;104.0815597133936;104.40655887273873;3643532
2013-11-05;103.21680450439453;104.34850270867744;103.13555010171011;104.19760961477306;6377253
2013-11-06;104.5529556274414;104.87970002736107;103.73025558247468;103.80610729362289;4770492
2013-11-07;105.02558898925781;105.83661106182261;104.79219477670708;104.79219477670708;5459597
2013-11-08;105.01978302001953;105.07229720001683;103.47941053258644;104.3429470405862;6563650
2013-11-11;106.70600891113281;107.00357679079099;105.04893959674177;105.1364601091515;5462526
2013-11-12;106.81685638427734;107.38866383790035;106.34423821402982;106.50178070833675;4454391
2013-11-13;107.096923828125;107.096923828125;105.9533089410945;106.3500753802562;4920802
2013-11-14;106.3150863647461;106.89272363576683;104.82721895996363;105.30566693320047;6612289
2013-11-15;106.88688659667969;106.93939145281408;105.70242621320672;106.41426839007802;5414201
2013-11-18;107.63375854492188;107.93716553059477;106.93358499618596;107.07944944113974;5590765
2013-11-19;108.08882141113281;108.64312095807419;107.44699206056413;107.7270613566901;4787542
2013-11-20;108.05384063720703;108.66649358429025;107.7387649055478;108.07134846611724;3813507
2013-11-21;107.43536376953125;108.38060032833594;107.01525966702644;108.25806414468322;4664637
2013-11-22;105.78409576416016;107.93712037725672;104.97889419178483;107.06773586840208;7960269
2013-11-25;104.4070816040039;105.46317582420801;103.75359280625284;105.17143775821091;7491347
2013-11-26;103.4560317993164;104.40709785625867;103.4560317993164;104.24956467744784;6020776
2013-11-27;104.42461395263672;105.13061707185787;103.75361717451582;103.75945622103615;4807939
2013-11-29;104.83888244628906;105.46903385788048;104.44212527519218;104.56465212948102;3002543
2013-12-02;103.55524444580078;104.78637068909813;103.34518776198459;104.71051895609216;4769760
2013-12-03;102.73837280273438;103.99284590738526;102.48164099755112;103.27517397490404;6133744
2013-12-04;102.54002380371094;103.56694200809744;102.201610434564;102.32413732572408;5509700
2013-12-05;102.73837280273438;103.19348319591872;102.27159362864847;102.77921819222705;4586605
2013-12-06;103.66607666015625;103.85862546806085;102.69750288791182;103.10010832722948;4957831
2013-12-09;103.54354095458984;103.94613704671215;103.1759511938105;103.8527775171263;3971244
2013-12-10;103.34520721435547;103.66612203466039;102.72672445286646;103.2168412862335;4317679
2013-12-11;102.22489929199219;103.71859609339825;102.16654608577744;103.27515456445981;4278558
2013-12-12;101.15716552734375;102.57501102193676;101.11632013368411;102.14323814650696;5932494
2013-12-13;100.8245849609375;101.74648396240796;100.78374887873608;101.24468906679577;4376882
2013-12-16;103.7711181640625;104.06285627935691;100.78372433353093;101.06962340268974;7862782
2013-12-17;102.55167388916016;103.5610840767537;102.17824492261946;103.48523233649898;5723607
2013-12-18;104.26705932617188;104.29040619686486;102.0206843329727;102.95424252981722;5959794
2013-12-19;105.1539535522461;105.34067266154359;103.78862244929813;103.78862244929813;6199642
2013-12-20;105.03728485107422;106.19255949432056;105.03728485107422;105.09562876291857;8005561
2013-12-23;106.32674407958984;106.73517932223676;105.3815077001685;105.63823948842355;4267575
2013-12-24;106.90435791015625;107.06773010895024;106.14001107163288;106.16917835924747;1687826
2013-12-26;108.1471939086914;108.26972076590616;107.07360086466247;107.10277747358957;3478682
2013-12-27;107.98963165283203;108.81817083095639;107.68622477601772;108.43307318915083;3537154
2013-12-30;108.76568603515625;108.93489734393901;107.7504368078101;108.12969550622387;3157456
2013-12-31;109.4425048828125;109.57087077804466;108.70148611833793;108.81234418688432;3786206
2014-01-02;108.2522201538086;109.34332100459368;108.05967130143341;109.23245361788801;4755639
2014-01-03;108.89988708496094;109.31415211464929;108.11802283944472;108.42726883442855;4250107
2014-01-06;108.52647399902344;109.31999782949572;108.1180386441096;109.19747094809208;4254919
2014-01-07;110.69115447998047;111.06458343810944;108.74818588881479;108.75401562341636;6205186
2014-01-08;109.67585754394531;110.52189508168945;109.26159268584155;110.46939024242164;4815470
2014-01-09;109.33161926269531;110.56859357505847;108.84734168214685;110.28852427085067;4520080
2014-01-10;109.26164245605469;110.02599890436875;108.68983488166803;109.87429542418506;4207430
2014-01-13;107.45282745361328;109.08071970525849;107.27778647765207;108.67812359801339;6050796
2014-01-14;108.4797592163086;108.77732705172104;107.28946924931309;107.97796446540792;4831683
2014-01-15;109.54170989990234;110.07267207108227;108.22889277750642;108.42143233532707;5038059
2014-01-16;110.1368408203125;110.27103645128166;108.99322583944691;109.41916891850776;4989734
2014-01-17;110.9128646850586;111.33295940016606;109.61170721442902;109.71673554954278;7996252
2014-01-21;109.94432067871094;111.08793595814946;108.98742455981332;110.99457637787901;11585810
2014-01-22;106.33840942382812;107.06775006555448;104.83304370868147;105.77244101134708;14430721
2014-01-23;106.61849975585938;107.19613706182898;105.43987826713966;105.85998235906084;7294699
2014-01-24;104.81554412841797;106.66516227353175;104.81554412841795;105.75494150498477;7207568
2014-01-27;103.80030822753906;104.82139651140369;103.66027352897122;104.79805894708826;5448196
2014-01-28;103.1876449584961;104.12120322973685;102.78503945620892;103.8878090055899;5578632
2014-01-29;102.92509460449219;104.16789907307512;102.62752668781269;102.6800408643268;5199561
2014-01-30;103.4852066040039;103.77694471033848;102.90173039133475;103.37434854489173;5076970
2014-01-31;103.08847045898438;103.76529704327763;102.30660621481822;102.75588690130716;5432296
2014-02-03;100.8829116821289;102.70335301657785;100.7778833550882;102.70335301657785;7517393
2014-02-04;100.8479232788086;101.37889479082251;100.5678631854875;101.25052887035106;4549891
2014-02-05;101.66481018066406;102.09074409266105;100.4686806227393;100.4686806227393;4929066
2014-02-06;102.47443389892578;102.58003806655302;101.95816454424173;102.06375934813711;4489641
2014-02-07;103.98802185058594;104.16989355942145;102.70907692182625;103.04347441273569;4908773
2014-02-10;103.9234390258789;104.22264748490544;103.40129900922251;103.82370599411162;3703258
2014-02-11;105.42534637451172;105.83015900551024;103.723994695156;103.7298657517723;4861076
2014-02-12;105.7421875;106.33472428446414;105.16724516272309;105.31978031156824;4166218
2014-02-13;106.6808853149414;106.98595567387538;104.3459172389791;104.55712555746021;4688172
2014-02-14;107.76619720458984;108.20032771533604;106.18217283211845;106.34056965112893;4874255
2014-02-18;107.47286224365234;107.94806207563798;106.96245479440792;107.46699118619988;4639219
2014-02-19;107.33206939697266;108.9160845837999;107.01525699587837;107.20886145308194;4886389
2014-02-20;108.10061645507812;108.45262714425559;107.23820758949321;107.33794067412144;5196737
2014-02-21;107.2381591796875;108.9512433842649;107.1384261400811;108.09470596383892;5961468
2014-02-24;107.62541961669922;108.62863091390236;107.25581446891596;107.25581446891596;4806684
2014-02-25;107.49634552001953;108.30009060903865;107.29100829487973;107.66647512207913;4081806
2014-02-26;107.98326110839844;108.69900575399609;107.68993296313047;107.91286460082885;3912772
2014-02-27;108.69308471679688;109.09201676934134;107.83653815998287;107.8482709048387;4003879
2014-02-28;108.63447570800781;109.19182355417111;107.74273039062071;108.75768364725408;4882623
2014-03-03;108.10061645507812;108.32355749459681;107.25581140125746;107.55501065514217;4131805
2014-03-04;109.37952423095703;109.80193125975576;108.93365170562376;109.00991925122385;4950718
2014-03-05;109.79021453857422;110.26541432208212;109.35607469813284;109.45580775482642;3645519
2014-03-06;110.08357238769531;110.52358340384647;109.64944179371314;109.92517553831536;3992896
2014-03-07;110.10700988769531;110.8344871546941;109.81367243106234;110.50008039411273;4307219
2014-03-10;109.3502197265625;110.511837055272;109.03341670304688;110.03076614414564;4802395
2014-03-11;109.5672607421875;110.55873886372144;109.14485370114754;109.94859848123903;4424057
2014-03-12;109.25048065185547;109.97208697889253;109.05687621375442;109.12728208384931;5055318
2014-03-13;107.88939666748047;109.70808543678821;107.77793085114268;109.36194587304975;5139207
2014-03-14;106.89791107177734;108.11819200229897;106.89791107177734;107.88351827086302;5742854
2014-03-17;109.00994110107422;109.32674409524154;107.16191583199183;107.16191583199183;5165253
2014-03-18;109.59664154052734;110.2361093708228;108.85156020267753;109.1155611985094;4143520
2014-03-19;108.36458587646484;109.53206461339896;107.65470307151102;108.8867259726216;4522799
2014-03-20;110.2361068725586;110.44731515542128;108.04781264943709;108.22382267306584;5295480
2014-03-21;109.51448822021484;110.70544211664388;109.3560913894447;110.58810523520732;13111819
2014-03-24;110.4414291381836;111.13957935227427;109.92515998149038;109.96035823595687;6002471
2014-03-25;114.42493438720703;114.6361426192752;110.70542782650104;110.74062607726998;11414684
2014-03-26;113.00519561767578;114.77108234358144;112.61798673964722;114.3897445229751;7166878
2014-03-27;111.36841583251953;113.03457005032712;111.06920716947687;112.58869726732334;7079014
2014-03-28;111.73212432861328;113.00520755087773;110.94598310215213;111.4329250979554;5433342
2014-03-31;112.92894744873047;113.67989046779861;112.28947026627698;112.43027266758536;8930016
2014-04-01;114.1081314086914;114.47773645110244;113.09905870423297;113.29852482232783;5642229
2014-04-02;113.55077362060547;114.1081119357427;112.92890050820463;113.95557684470617;5150609
2014-04-03;113.04627990722656;113.45108328370289;112.84680438435929;113.3454791459337;4279291
2014-04-04;112.5064926147461;113.79717918636746;112.21902623912833;113.29850461633816;6370035
2014-04-07;114.11988067626953;114.58335715154516;112.38919208001681;112.47719240154419;7050563
2014-04-08;113.39826202392578;113.91454050899934;113.0462607759048;113.75027263567438;5360750
2014-04-09;115.36361694335938;115.574815806189;113.58012658621307;113.74439444924212;5732185
2014-04-10;114.8003921508789;116.87134865066702;114.78865940249653;115.02333309759568;8805123
2014-04-11;114.5129623413086;115.57483727325682;113.97321828844085;114.4249526547449;5057410
2014-04-14;116.02657318115234;116.30230688319746;114.91775795171047;115.1289568395302;5680931
2014-04-15;115.58655548095703;115.81535816428301;114.64787924634699;114.97641499208774;5597460
2014-04-16;115.22282409667969;116.5780364195304;114.40147534997081;116.19083691174211;8919556
2014-04-17;111.47400665283203;111.87881946059915;109.71399045740472;109.85478351295585;11767082
2014-04-21;112.79988861083984;113.11669170321244;111.31560624201803;111.350804504786;5669006
2014-04-22;112.72952270507812;113.2281883057321;112.17217458974385;112.64738403924511;4057016
2014-04-23;112.48307800292969;112.88201971216944;111.53266878931336;112.5182762633459;4954274
2014-04-24;111.59717559814453;112.77051619688588;111.48570042255167;112.77051619688588;4609827
2014-04-25;111.25102996826172;111.86117041720404;110.94595974379057;111.78490286108625;4049066
2014-04-28;113.31024169921875;113.808916288325;111.80835623945637;112.13689192808079;5897662
2014-04-29;114.46600341796875;114.95294532547285;113.46866346623193;113.57425821828322;4839110
2014-04-30;115.26386260986328;115.49266523724596;114.02010707119494;114.0377108747341;4400313
2014-05-01;113.53909301757812;115.42231702393588;113.31616133462741;115.17004877501218;3843004
2014-05-02;112.31289672851562;113.7209202521195;112.20143093065049;113.66811819951857;3190195
2014-05-05;112.20732116699219;112.34225248602723;111.35077415736473;112.08411323528759;2324317
2014-05-06;111.4857177734375;112.02546183656807;111.02811234050333;112.01372908421558;3335380
2014-05-07;111.70402526855469;112.29411596282765;110.30551013476287;111.72762738940648;3996766
2014-05-08;111.47393035888672;112.45348465252582;111.07266590606193;111.62144837612868;2543767
2014-05-09;112.16432189941406;112.46527255838245;111.15526977133761;111.51522574664939;2365634
2014-05-12;113.63369750976562;113.89924510455843;112.67184917971383;112.77806821763096;3951160
2014-05-13;113.40941619873047;113.90508911979998;113.15567920645371;113.76346693974484;2329024
2014-05-14;111.36177825927734;113.29136941166476;111.03722554443597;113.24416516886775;5493069
2014-05-15;110.02816772460938;111.57420077559593;109.86294346545202;111.56830495468544;4395501
2014-05-16;110.38219451904297;110.58872715293695;109.71539238729687;109.91602920155395;4131177
2014-05-19;110.34681701660156;110.42352861742242;109.78032845108001;110.11668221413898;3421152
2014-05-20;109.10175323486328;110.16982010073832;108.98963842435063;109.90428204902516;3165719
2014-05-21;109.98688507080078;110.44125895360838;109.13715203758073;109.66823753790487;3125448
2014-05-22;109.56791687011719;110.02228130596282;109.18435880677508;110.02228130596282;2320028
2014-05-23;109.72132873535156;109.83934876221733;109.34957177258357;109.66231401279623;2680793
2014-05-27;109.03684997558594;109.55022922754085;108.53527178772502;109.04865103967994;5014315
2014-05-28;108.03364562988281;109.09580676184721;107.95102880686402;108.85976676885846;3892794
2014-05-29;108.4349136352539;108.44671469451596;107.59108609767638;108.36410727968152;2886855
2014-05-30;108.78895568847656;108.91287149937068;107.68548619301495;108.21066620723386;4833043
2014-06-02;109.5738525390625;109.92200754276098;108.97196048091827;109.02506998873237;3347723
2014-06-03;108.794921875;109.61514768900636;108.6474038540699;109.49123179796523;2632887
2014-06-04;108.87751007080078;109.43218823184019;108.69457948497086;108.99553010740867;2486133
2014-06-05;109.74495697021484;109.80986752952384;108.52937206621975;108.96603967675404;2983401
2014-06-06;109.97505950927734;110.73037445335459;109.69772046719046;110.03406481028168;3448348
2014-06-09;109.88654327392578;110.72446561215061;109.73312007806119;109.8865432739258;2853906
2014-06-10;108.74769592285156;109.88656909967932;108.47035682460603;109.87476803708884;4346025
2014-06-11;107.54390716552734;108.69458135115747;107.4022850028155;108.34642647539727;4248538
2014-06-12;106.93609619140625;107.72091851534826;106.75317504445316;107.67961009445771;4628864
2014-06-13;107.7268295288086;107.98646229208403;107.11313667666556;107.39637156221647;2901186
2014-06-16;107.60291290283203;107.81535085686595;106.94791157497055;107.63242026716915;3719785
2014-06-17;107.5498046875;107.87435744431285;107.13674867311981;107.33737614919721;2574101
2014-06-18;108.34050750732422;108.34640332796111;107.27244098415073;107.41996835548674;4112663
2014-06-19;107.88027954101562;108.85392854534241;107.60883623092653;108.64739579675826;3714451
2014-06-20;107.13087463378906;107.79177198387457;107.04236193219721;107.74456772122524;11178393
2014-06-23;107.4789810180664;107.54389155898325;106.80627348824558;107.34915993623277;3380358
2014-06-24;106.73550415039062;107.98649232487219;106.59978720043897;107.10135598390015;4053668
2014-06-25;106.64105224609375;106.78857963171785;106.2515984078058;106.36371319320348;2889889
2014-06-26;106.43452453613281;107.02460579928332;105.78541913565188;106.7295604585859;3408391
2014-06-27;107.2252426147461;107.66780591648892;106.01555389290849;106.08046443293001;4785973
2014-06-30;106.96564483642578;107.35510823814957;106.3696580870284;107.0010480316057;4418095
2014-07-01;109.96330261230469;110.50618927255496;107.21938077607454;107.21938077607454;6948683
2014-07-02;111.16703796386719;111.52108859373277;109.8570355641741;109.95734928141975;5327278
2014-07-03;111.2496566772461;111.41489036741947;110.55335640660041;111.1670492504044;2533830
2014-07-07;110.96047973632812;111.09619660165612;110.60642918799988;110.70674288214342;3094800
2014-07-08;110.4766616821289;110.98413563643423;109.97508355009066;110.73039865928156;3279315
2014-07-09;111.18472290039062;111.46795769891789;110.28188078215763;110.74805551772452;3461842
2014-07-10;110.75993347167969;110.96646624888878;109.88069285804686;110.01641924102647;3323979
2014-07-11;110.93692779541016;111.14346051475704;110.17570747033871;110.77759932565819;2513015
2014-07-14;112.03450012207031;112.37674979132986;111.24967761899102;111.26148810043662;4708151
2014-07-15;111.22607421875;112.16431995091534;111.06084991761192;111.84567241170284;5088476
2014-07-16;113.50971984863281;114.0998106433217;112.56557834442907;113.4389134740283;8171980
2014-07-17;113.5864028930664;115.62811803605449;113.2972628087898;113.50969129741712;9280426
2014-07-18;113.59235382080078;114.14703209352402;112.11712661178112;113.27369683232457;8542054
2014-07-21;112.61868286132812;113.12025153824314;111.67453198057139;112.88422088173826;4345502
2014-07-22;114.53059387207031;114.90235095221301;113.03766972832938;113.0553666160875;5076238
2014-07-23;114.25910949707031;115.00852862950948;114.2237063160265;114.54235378190997;3749073
2014-07-24;115.20915222167969;115.43339119728225;114.32992145480999;114.44794147258796;3778884
2014-07-25;114.71349334716797;115.59862946037627;114.35353742936854;115.24457878239107;3531714
2014-07-28;115.52780151367188;115.89366263277594;114.27091797182267;114.65447597201607;3391550
2014-07-29;114.81382751464844;115.59274479580854;114.79613062854635;115.24459929566848;3414249
2014-07-30;114.47746276855469;115.65174852856418;113.82836666571632;115.18557360144408;4125215
2014-07-31;113.10256958007812;114.64860307715522;113.0258579583978;113.7929741752012;4401045
2014-08-01;111.61554718017578;113.0022616830892;111.44441762362452;112.41217080603019;5419431
2014-08-04;111.9046630859375;112.08759366686064;111.29097021393254;111.73354298477945;2223691
2014-08-05;110.40584564208984;111.64504199552019;110.01639173470161;111.37949453793003;3460063
2014-08-06;110.3880386352539;110.92820512964265;109.47986618976306;110.02596337422982;4023962
2014-08-07;109.39676666259766;110.80949311669234;108.96939694389212;110.78575140720274;2833196
2014-08-08;110.77980041503906;110.80354212220811;108.96938629302716;109.45611971182882;2909449
2014-08-11;111.2784194946289;111.8067057082452;110.57206097960425;111.48024298031213;2643451
2014-08-12;111.20121765136719;112.0025522182824;110.88662588199288;111.26651207028327;1944096
2014-08-13;111.56332397460938;111.87792527904897;111.21905027322022;111.59300584550435;1877570
2014-08-14;111.52177429199219;111.69391588435477;110.95787557327932;111.33777131968256;2018257
2014-08-15;111.22499084472656;112.11536178517142;110.874786422412;111.50397961324595;2944281
2014-08-18;112.40028381347656;112.66739225953219;111.45055857820336;111.65237258536364;2531634
2014-08-19;112.82171630859375;112.92855398748497;112.40026786082609;112.803905291806;2133945
2014-08-20;112.83953857421875;113.01168018829686;112.33499406132144;112.69707883558955;2277770
2014-08-21;113.5102767944336;114.00888110865453;113.07696691737867;113.31439348293551;2611339
2014-08-22;113.0235595703125;113.89611961402653;112.95232495865046;113.23724445740352;2029554
2014-08-25;113.46871185302734;113.85453827023105;113.20160344279675;113.60524087692723;1802886
2014-08-26;114.55496215820312;114.87549413456176;113.38561209235047;113.38561209235047;3321468
2014-08-27;114.11573791503906;115.23166465751295;113.7061697125423;114.57872970463485;2290949
2014-08-28;113.96731567382812;114.14538793182518;113.17191172805992;113.65271440380747;1572766
2014-08-29;114.14533996582031;114.41244824057202;113.45678345377242;114.13346911853849;3043232
2014-09-02;113.70612335205078;114.54307043615118;113.33216786877429;114.37092888945647;2802966
2014-09-03;113.93765258789062;114.53123319502406;113.88422900689619;114.19883032877635;1906649
2014-09-04;113.18379974365234;114.37690110625573;112.81578431958178;113.78332050695806;2996790
2014-09-05;113.49243927001953;113.8189113796038;112.83357383586291;113.09474204958634;2364169
2014-09-08;112.8633041381836;113.49249750262877;112.48934842949132;113.22538898897682;2640313
2014-09-09;112.77422332763672;113.21941348145289;112.64957463206183;112.98197746955826;2514166
2014-09-10;113.69424438476562;114.05632899144973;112.83948634859898;112.85135719849498;2891144
2014-09-11;113.8011245727539;114.43032722215042;112.85139938241144;113.42123828619532;2404231
2014-09-12;113.53993225097656;113.72987535401798;113.11849332655669;113.65271008022515;3034446
2014-09-15;113.85450744628906;114.25814477114241;113.12440753307469;113.62301165863992;2569394
2014-09-16;114.53715515136719;114.8992398625453;113.2668980543722;113.52213561170886;2679329
2014-09-17;114.44217681884766;114.94078103006981;114.14538656775119;114.69147418748662;3358497
2014-09-18;115.0060806274414;115.23163630197062;114.3887583932208;114.43624180387017;3099612
2014-09-19;115.15447998046875;115.74806055553881;114.67368672538157;115.47502144912072;9259192
2014-09-22;114.6261978149414;115.23758942857984;114.34128784505037;114.98828254673623;3470628
2014-09-23;113.74176025390625;114.60244922374827;113.68240598748257;114.41250609724727;3453683
2014-09-24;114.15132904052734;114.23443448794868;112.7089303555694;113.37374551310444;3224400
2014-09-25;112.19252014160156;114.26412151757052;112.16877843382211;113.99700362018758;4342364
2014-09-26;112.81580352783203;112.97607429598766;111.95511435449143;112.14505752590199;2608619
2014-09-29;112.56646728515625;112.75641988104287;111.66422561350213;111.89572145791556;2443770
2014-09-30;112.67926025390625;113.28471168305764;112.27562280982352;112.56647293383102;3067500
2014-10-01;111.10035705566406;113.01761875919789;110.87480131357654;112.7267685709382;3894467
2014-10-02;110.94603729248047;111.46245274723904;110.54833988544941;111.39122760297158;2388123
2014-10-03;111.99073028564453;112.40623868316433;111.3318551200211;111.65832735720777;3212789
2014-10-06;112.21033477783203;113.30845985263498;112.01445147141648;112.59616122655389;2196077
2014-10-07;110.23371887207031;111.66424693416113;110.13281186533285;111.45649275607965;3128900
2014-10-08;112.40028381347656;112.54274354616219;110.1743611484534;110.38804601050862;3122101
2014-10-09;110.65510559082031;112.48332996811895;110.459222377408;112.25776489614499;2746168
2014-10-10;110.36431121826172;111.43869470819284;109.87164702437614;110.32275848655173;5324349
2014-10-13;108.93377685546875;110.7916840806132;108.87442258068239;110.10313659730537;3762148
2014-10-14;109.0999755859375;110.23965342506847;108.97532687501241;109.74697979777972;4105236
2014-10-15;107.88314819335938;109.09405123078126;106.10240620328089;108.3045872432027;7213007
2014-10-16;106.74939727783203;107.72286414018745;106.06678054661091;106.72565557005932;5835216
2014-10-17;108.0611801147461;108.5301118847006;106.97492620142458;107.58037749387631;4550309
2014-10-20;100.37434387207031;101.1044439681891;98.94381607551742;99.03878290002035;24493659
2014-10-21;96.89000701904297;98.93785667241717;95.9699639788862;98.7716552879118;21913491
2014-10-22;96.0352783203125;98.18403538789306;95.62570072550439;96.40329371794206;11594701
2014-10-23;96.26677703857422;96.65260346450347;95.8868813024579;96.23115500391506;7948972
2014-10-24;96.20741271972656;96.4211070306182;95.83345714961152;96.20741271972656;6958097
2014-10-27;96.08277893066406;96.70010130424131;96.04716636463772;96.15994422736122;5218599
2014-10-28;97.10966491699219;97.10966491699219;96.04122166898091;96.15993969074802;8258484
2014-10-29;97.02657318115234;97.71512068444142;96.61106482375048;97.54298854559254;4957308
2014-10-30;97.55485534667969;97.71511662356663;96.7653913952143;97.05031085850928;4075216
2014-10-31;97.58451843261719;98.29088633300319;97.12152671744043;98.22559190081579;6085628
2014-11-03;97.5607681274414;97.6676152750492;96.97905845283009;97.49547370100827;4903857
2014-11-04;96.54573822021484;97.56075759103453;96.30237155668168;97.54888673968732;4442257
2014-11-05;96.0531005859375;97.0740605005143;95.89876998687049;96.83069374613534;4293516
2014-11-06;96.49536895751953;96.53720608888176;95.65269320311876;96.38779048795656;4254710
2014-11-07;96.85987854003906;96.94354321783236;96.13075293963274;96.47141154618068;3655561
2014-11-10;97.70854949951172;98.29424054540718;96.58498534575232;96.75830510119474;5186277
2014-11-11;97.594970703125;97.95355266819345;97.17661871802252;97.83403170569325;3696982
2014-11-12;96.770263671875;97.41571525998671;96.67463732820431;96.98541102164977;3533597
2014-11-13;97.29017639160156;97.29614767023955;96.69850471211801;96.81803521149907;3388726
2014-11-14;98.10897064208984;98.30619460107854;96.63279566756398;96.87782802674863;5207406
2014-11-17;98.10897064208984;98.59306407982812;97.84601490222519;98.10897064208984;5019649
2014-11-18;96.7523193359375;98.4615744482156;96.75231933593749;98.4496223490154;5658965
2014-11-19;96.4774169921875;96.87783622467992;96.19652830908672;96.84796074142282;3977520
2014-11-20;96.0052719116211;96.51924080269096;95.50324558117667;96.19053422189835;4375523
2014-11-21;96.1726303100586;96.78819694012957;96.07103267509841;96.7164843291418;4264437
2014-11-24;96.90772247314453;97.92968912886177;96.25629003256418;96.54315953921953;6923474
2014-11-25;96.67465209960938;97.7145517831183;96.55512153645421;97.20655404380047;4249270
2014-11-26;96.78820037841797;96.87784591473142;96.22642295602553;96.7762482761621;4148436
2014-11-28;96.91967010498047;97.63684383854691;96.48339458390407;97.26630010170949;2516153
2014-12-01;96.54315948486328;97.6069632636163;96.42960975402261;96.60292952967576;4360146
2014-12-02;97.21846008300781;97.25431637332859;96.60289371342276;97.09892957648758;3625122
2014-12-03;98.32415771484375;98.32415771484375;96.81809725830688;97.09898600389643;6724839
2014-12-04;98.04322814941406;98.31216467931378;97.42167132084076;98.01931441314186;4036932
2014-12-05;97.57703399658203;98.31214035069658;97.36188673366041;97.78023870250173;3152121
2014-12-08;96.73442077636719;97.58905817484697;96.54317758245094;97.58905817484697;2982146
2014-12-09;97.40972900390625;97.42766192321474;96.10089298041889;96.12479718030563;4038815
2014-12-10;95.92757415771484;97.61292502521958;95.64070470723071;97.42167236570616;4260149
2014-12-11;96.26226043701172;97.37387250093413;95.93355384228764;96.11284487985101;4173122
2014-12-12;92.86167907714844;95.92160761948662;92.83179405612786;95.77220159195865;9007838
2014-12-15;91.47515106201172;93.6744711610631;91.34366841389654;93.19038722975164;6799314
2014-12-16;90.48904418945312;92.56884335930856;89.9451901943821;90.85957840744022;7094600
2014-12-17;90.7998046875;91.62454725136858;90.30973998900457;90.55477233825229;5367026
2014-12-18;94.23628997802734;94.23628997802736;91.61861684621395;91.78595585355806;7638310
2014-12-19;94.7322998046875;95.86781611094044;94.12270453088743;94.12270453088743;9272685
2014-12-22;96.48339080810547;96.76427947081574;94.62471999329424;94.62471999329424;4897895
2014-12-23;96.96149444580078;97.35594233196542;96.58497947765679;96.95551362686518;4229292
2014-12-24;96.71049499511719;97.40973581523933;96.5849931675427;97.34399449156042;1954033
2014-12-26;97.0212631225586;97.46950026179664;96.82404870163232;96.97943554162696;2000161
2014-12-29;95.92757415771484;97.02125320655131;95.2940747623899;96.81805798695257;3485063
2014-12-30;95.65266418457031;96.11284387357924;95.49727734847066;95.63473126548698;2960075
2014-12-31;95.8857421875;96.51924161681852;95.84988588896195;95.86780926883772;4196447
2015-01-02;96.85393524169922;97.60099404613624;96.22043570929189;96.40570759006745;5779673
2015-01-05;95.32994842529297;96.38180008908894;95.13870526972673;96.38180008908894;5104898
2015-01-06;93.27401733398438;95.59884793768231;92.7361443789971;95.42552823150157;6429448
2015-01-07;92.66445922851562;93.94939118529734;92.05486391307274;93.94939118529734;4918083
2015-01-08;94.67851257324219;95.0490467699401;92.96327643866552;93.37564775691621;4431693
2015-01-09;95.09087371826172;95.82597075209898;93.97926170830559;94.67850244412828;4694762
2015-01-12;93.49520111083984;95.1745813532653;93.08881051314879;95.02516575092203;4380230
2015-01-13;93.71630859375;95.60486453822038;93.0409719690597;93.98524517190108;4578865
2015-01-14;93.11270141601562;93.52507277594715;91.88155861773933;92.55091447508973;4906054
2015-01-15;92.37759399414062;93.8119415902062;92.13256160039366;93.64460262712993;4443826
2015-01-16;93.91352844238281;94.20636920944892;91.92935577794663;91.92935577794663;6020776
2015-01-20;93.79998016357422;94.02707961274821;92.0548590183128;93.65056459855987;8778869
2015-01-21;90.8954086303711;92.33572689151207;90.2858135476223;91.4571857878563;12444367
2015-01-22;92.86766815185547;93.06488259951675;90.69822337848682;90.80580183269353;6401625
2015-01-23;93.15452575683594;94.18845406957696;92.56884417145787;92.652508881317;5057201
2015-01-26;93.44734954833984;95.30003920592351;93.09473880996549;94.58286563116086;8250953
2015-01-27;91.83971405029297;92.68836090504105;91.19426244889266;92.59871537922366;5919942
2015-01-28;90.57270812988281;92.3536759481045;90.57270812988281;92.03693099142417;4702711
2015-01-29;92.92145538330078;92.98122543550686;89.35950939149876;90.47112171257852;8703557
2015-01-30;91.6245346069336;92.77798359660737;91.46317651569031;91.98312616073527;6865526
2015-02-02;92.43135070800781;92.43135070800781;90.5487761121224;92.03691241192726;4928961
2015-02-03;94.70838165283203;94.78607506315804;92.48514823049767;92.48514823049767;5794212
2015-02-04;93.80596923828125;94.85184977541019;93.65058236291229;93.95538483163789;3847711
2015-02-05;94.37367248535156;94.78007236044742;93.91946422687393;94.00313843657563;5495266
2015-02-06;94.3195571899414;95.13805903441944;94.02466214680707;94.69270027937449;3406299
2015-02-09;93.7357406616211;94.78894777711879;93.525097317382;93.88619470425033;3198354
2015-02-10;95.42692565917969;95.42692565917969;93.33253721129212;94.33157806015446;4644868
2015-02-11;95.21026611328125;95.74589920488461;94.59038141939581;94.94545615185014;3793528
2015-02-12;95.4028549194336;95.99265458361747;95.14406772129712;95.52322396215094;3486423
2015-02-13;96.53429412841797;96.77502256739278;95.47506402210973;95.55931561375604;3877417
2015-02-17;96.87134552001953;97.14216868817068;96.1310916847922;96.14312762966321;3027647
2015-02-18;97.61156463623047;97.78007741018934;96.6787264091617;97.41295720794719;4558886
2015-02-19;98.63468933105469;98.99578676932234;97.16019531719643;97.5273155287614;3665602
2015-02-20;98.49024963378906;98.90551361399277;97.55138859830274;98.48422686041839;3507238
2015-02-23;98.0448989868164;98.94162949887097;97.79814776679737;98.83931918882648;2839262
2015-02-24;99.20040130615234;99.2966888181079;97.20231055900697;97.79210038682727;4917874
2015-02-25;97.98472595214844;99.27867145621117;97.84629820090464;99.26662590766772;4188812
2015-02-26;96.817138671875;98.78513491052247;96.15512355667792;98.54440650758637;7437897
2015-02-27;97.46112060546875;97.67176399601877;96.3898545428256;96.81715449199007;4612860
2015-03-02;96.5824203491211;97.4611015651449;96.17919236238977;97.4611015651449;6190123
2015-03-03;96.91344451904297;97.34675760446741;96.2935503347206;96.45604994602908;3383182
2015-03-04;95.94451141357422;96.63059863169553;95.52322456425864;96.61856268791806;3800746
2015-03-05;97.0036849975586;97.19626959111457;96.11296804453058;96.20926514415643;3966118
2015-03-06;95.39080047607422;97.16019912547671;95.12600016029174;96.40789995866669;4749049
2015-03-09;96.75696563720703;96.98565811603363;95.21024639858392;95.21024639858392;5432819
2015-03-10;94.97554779052734;96.43199292635335;94.97554779052734;96.05283671389664;4812646
2015-03-11;94.36770629882812;95.77599816579364;93.85012229591085;95.43294975541959;5972555
2015-03-12;95.07786560058594;95.52322433639408;94.04872997300824;94.04872997300824;4777396
2015-03-13;92.85106658935547;94.80100443136446;92.32144672680998;94.7648966059272;6343049
2015-03-16;94.53620147705078;94.5422146449399;93.16401769729309;93.31447176861457;3922082
2015-03-17;94.46400451660156;94.66261201902095;93.50709405115765;94.00660978634887;3464038
2015-03-18;96.17924499511719;96.71487821491343;93.76588892094404;94.39780970924996;6002785
2015-03-19;96.17924499511719;96.8472832273174;95.57740926911897;96.1130424889152;4057016
2015-03-20;98.02684020996094;98.09906546775326;96.50420229086369;96.8652997627255;9420694
2015-03-23;99.08004760742188;99.51337029521484;97.93655638082664;97.96063786823098;6202885
2015-03-24;98.0990982055664;99.23656714836928;98.03891847540612;99.17637781250586;4546021
2015-03-25;95.81208801269531;98.14720474227127;95.81208801269531;98.14720474227127;5678629
2015-03-26;96.64864349365234;97.04585839846409;95.63755712139516;95.85422328972882;4598216
2015-03-27;96.53429412841797;96.83521188141123;95.83014831543971;96.76900939941073;3637883
2015-03-30;97.90045166015625;98.46015654748545;97.04585180404477;97.08195962774681;4328348
2015-03-31;96.594482421875;97.69584322474313;96.53430270820755;96.94354397254722;4451148
2015-04-01;95.80007934570312;96.6667250120689;95.32462590255062;96.43200967814094;3871037
2015-04-02;96.56439208984375;97.8222298103193;95.62553088035227;96.00468710770082;4886494
2015-04-06;97.52129364013672;97.9786882154179;95.51116661824025;96.10697931792663;3625122
2015-04-07;97.53935241699219;98.60459563364715;97.268519729962;97.29861438534293;3292808
2015-04-08;97.4069595336914;98.43008188646746;96.90142113140575;97.32872110456266;2640418
2015-04-09;97.70185852050781;97.78009695282923;96.72688950366424;97.31668913324889;2367621
2015-04-10;98.01481628417969;98.29768497046997;97.04587000180146;97.70186254201256;2631422
2015-04-13;97.7259521484375;98.70093098789377;97.71391620276421;97.71993897845228;4046869
2015-04-14;97.67781829833984;97.9426283414857;96.76905147623087;97.75004358542682;2844388
2015-04-15;98.77913665771484;99.27866185734858;97.79814497381594;97.87638339758028;3659745
2015-04-16;98.1772689819336;98.68882995562706;97.8221848044972;98.28560202724896;3281197
2015-04-17;96.69678497314453;97.4129667339296;96.31161562520118;97.34676425136125;4512862
2015-04-20;100.0008773803711;100.28975925157776;97.43706758338986;97.5574270249746;10051223
2015-04-21;98.85738372802734;100.73510606260614;98.73100152649238;99.94669898231545;10129046
2015-04-22;99.5194091796875;99.90458820360425;98.03287884610722;98.93563227753243;4209941
2015-04-23;102.45632934570312;103.46139278318876;99.38697249983404;99.44113903324622;8614438
2015-04-24;102.17948913574219;102.82344552728802;101.55357224513345;102.45031218655205;4067266
2015-04-27;102.75125885009766;103.20865350304258;102.49246206030321;102.84754639448559;3314356
2015-04-28;104.67113494873047;105.13454287266863;102.32397184481461;102.81146126586765;6084268
2015-04-29;104.95997619628906;105.39931205861946;103.99703367292648;104.35814072132463;4726246
2015-04-30;103.08824920654297;104.8877325423556;102.49242700378436;104.5808016910506;5295793
2015-05-01;104.5206527709961;104.71926024864524;103.76836307148704;104.23779368827532;3464457
2015-05-04;104.70116424560547;106.10344242766898;104.5386742622663;105.00208193939044;4213288
2015-05-05;104.16554260253906;104.85765241259298;103.49149150623217;104.42433933965215;3758906
2015-05-06;103.11650085449219;105.54206118259538;102.39489917326387;104.84471355610508;3778780
2015-05-07;103.68647766113281;104.28679920388535;102.504020271838;102.86178198573432;2585712
2015-05-08;104.71129608154297;105.10544862751485;104.44448214937961;104.86895709993172;3234860
2015-05-11;103.76533508300781;104.8992846721711;103.60767405685219;104.69310586061843;2783406
2015-05-12;103.41973114013672;103.98974033431011;102.3828070371509;103.41973114013672;3098670
2015-05-13;104.46876525878906;104.74770629469104;103.54099426883162;103.83812100982571;2570545
2015-05-14;105.54206848144531;105.75430599267118;105.03876293644652;105.20855100974832;2551299
2015-05-15;105.0630111694336;105.76035880549699;104.66279990397452;105.45716376032186;3050764
2015-05-18;104.9417495727539;105.2025049063647;104.48089341060762;105.17218249302483;2061248
2015-05-19;105.19644927978516;105.36017871755493;104.25654145809254;104.8871954685268;2639058
2015-05-20;105.36620330810547;105.7785512681194;104.57789814807415;105.10545770569414;2406114
2015-05-21;105.11153411865234;105.59665400213424;104.92961900154425;105.09940708940482;2401198
2015-05-22;104.43236541748047;105.14184007016517;104.41417003726019;104.92960257396815;2980786
2015-05-26;103.16503143310547;104.37175318549102;102.5586412190091;104.36568483128795;4031493
2015-05-27;104.2989501953125;104.59001818547085;103.38330647166708;103.78958605173185;2891562
2015-05-28;104.12312316894531;104.20195369459141;103.48641061023692;103.96546211765312;1811044
2015-05-29;102.87394714355469;103.90480250536021;102.87394714355467;103.90480250536021;4280232
2015-06-01;103.19535064697266;103.71684195642855;102.49800289022798;103.21354603062169;3122833
2015-06-02;102.87394714355469;103.359057257062;102.13415010713881;102.88000581783706;2689684
2015-06-03;103.03768920898438;104.03216370574644;102.8618327623345;103.38939242388858;2229026
2015-06-04;102.10383605957031;103.45002326767818;101.8309634130817;102.80118371952622;3220948
2015-06-05;101.50958251953125;102.425236125476;101.38830255022533;102.02501513028503;3243123
2015-06-08;100.26041412353516;101.43681329071995;100.06637199317713;101.37010979616025;3931600
2015-06-09;100.46659088134766;100.67276973394306;99.06583674643092;100.26042170714744;3552111
2015-06-10;102.43128967285156;102.71628935981678;100.69701813730299;100.95776376730028;4895803
2015-06-11;102.34638214111328;103.35298339534745;102.20084814697915;102.6374404509886;3623344
2015-06-12;101.26094055175781;102.05531400519028;101.07902547895159;102.01286457396407;3206095
2015-06-15;100.81832122802734;101.26098206522418;99.59947231943292;101.26098206522418;4441002
2015-06-16;101.16998291015625;101.50955900282716;100.60604231368619;100.86071954399293;3399291
2015-06-17;101.37012481689453;101.78246319520515;100.72128515672308;101.26704022231687;2994698
2015-06-18;102.02505493164062;102.31005474405596;101.2973845103262;101.2973845103262;3484121
2015-06-19;101.26094055175781;102.12807616295562;101.12753358412847;101.64296607600805;7399404
2015-06-22;101.70973205566406;102.07963078090542;101.38834146540555;101.6612239206812;2443247
2015-06-23;102.24937438964844;103.06800204206534;101.61266184256979;102.10384036969887;3871874
2015-06-24;101.24883270263672;102.3827824638705;101.16393382410388;102.30395193883061;3711313
2015-06-25;100.70912170410156;101.95222410046364;100.70912170410156;101.75211365950489;2519709
2015-06-26;100.33313751220703;101.15175507632496;100.19366223713074;100.80005207021868;9357516
2015-06-29;98.82323455810547;100.26644719570007;98.77472646218331;99.39931174994078;3467176
2015-06-30;98.63532257080078;99.44788207793214;98.30786368323727;99.44181372294892;3762776
2015-07-01;99.74497985839844;100.42414182073448;99.20529323613943;99.42965777251202;3362367
2015-07-02;100.10881042480469;100.24827607351722;99.70253082718813;100.08454669258246;2983924
2015-07-06;99.89051055908203;100.19370560686667;99.15678183409715;99.34476528010605;3221471
2015-07-07;100.05426788330078;100.26650544384263;98.37456278470262;100.0178771118275;3713195
2015-07-08;98.93849182128906;100.01785541883717;98.647423783013;99.4478560490749;2904010
2015-07-09;99.35689544677734;100.36349684305227;99.26593789740768;100.26041226565961;4392886
2015-07-10;101.2366943359375;101.50956696627;100.3695586576144;100.45444784824527;4747062
2015-07-13;102.7102279663086;103.01948170205664;101.58234659838901;101.83096519332206;4423534
2015-07-14;102.24329376220703;102.80724407080758;102.01892924498556;102.74054058307183;3164464
2015-07-15;102.1948013305664;102.64353043384311;101.87342054798928;102.16447891920056;2089908
2015-07-16;103.69258880615234;103.74716527918231;102.57683432125903;102.76481779982987;3692275
2015-07-17;104.60823822021484;104.61429689564164;103.14683925097533;103.28630492653457;4556794
2015-07-20;105.03876495361328;105.37834110673812;104.38386670424471;104.77801932454936;7717179
2015-07-21;98.8839111328125;100.87286952385766;98.24719861646649;99.65402095581176;14384906
2015-07-22;97.23454284667969;98.88392533729521;96.84039018805409;98.67774647697105;7512163
2015-07-23;98.07133483886719;98.68985192780826;96.91919952815438;97.18601347823696;5265773
2015-07-24;96.87073516845703;98.19265913211439;96.66455626010112;97.8045747370876;3951997
2015-07-27;96.45836639404297;97.13146010351501;96.17336667496748;96.41591695036908;3876685
2015-07-28;97.05259704589844;97.13748622640232;96.11268963791147;96.96769818700207;2846166
2015-07-29;97.68325805664062;97.93187664600417;96.65239293711834;97.02229148378935;3533806
2015-07-30;97.60445404052734;97.871268083378;96.87072510108482;97.32551296649227;2086456
2015-07-31;98.22900390625;98.27145334330845;97.40431761297289;97.8712420638274;3744889
2015-08-03;96.24006652832031;98.1441262833513;95.74888796362694;98.0531687237259;4828022
2015-08-04;95.56696319580078;96.30676030589864;95.12429279336148;96.0520733576239;5502588
2015-08-05;95.7489013671875;96.74337598678234;95.49421435754644;96.47657162445002;3632549
2015-08-06;95.57767486572266;96.32361327792839;95.49207121633533;96.07292105846749;3143021
2015-08-07;94.84398651123047;95.53489556295709;94.36707687468363;95.31478717637404;3969465
2015-08-10;95.84059143066406;96.28081788821174;95.45539450015217;95.8528191301455;4825616
2015-08-11;95.08243560791016;95.37591994485396;94.68501093470285;95.3575735142676;3312787
2015-08-12;95.47987365722656;95.69998206140033;94.12862957902122;94.31817360625541;3724074
2015-08-13;94.8133773803711;95.43702896401709;94.35481434477994;95.41869229783543;2649936
2015-08-14;95.22918701171875;95.51044367512783;94.51382253056947;94.77062378998484;3374814
2015-08-17;95.57156372070312;95.80390953123559;94.58717046832624;94.89288247666553;2353082
2015-08-18;95.38812255859375;95.69994348537537;94.9234407737673;95.08241060124116;2111142
2015-08-19;94.12248992919922;95.18025915299211;93.79844124622201;94.86231944054865;4399894
2015-08-20;93.33988189697266;94.10416691887727;93.24206028432202;93.38880246203826;4196029
2015-08-21;91.01036834716797;93.66394563769367;90.9186557007953;92.63064136431966;7700757
2015-08-24;87.72089385986328;90.3438964877678;87.43352827627824;87.72089385986328;10658426
2015-08-25;86.18623352050781;89.94648092101936;85.97834308533014;89.84254058280044;7398567
2015-08-26;89.69578552246094;89.86698307117484;86.90769442842578;88.09996829915033;6508003
2015-08-27;90.82081604003906;91.08372625290971;89.0599197280604;90.79636063773575;5205524
2015-08-28;90.47838592529297;90.61290034471862;89.9892487920318;90.33776253702224;4263810
2015-08-31;90.4233627319336;90.73519340943976;89.42674197174726;90.1115418131643;4281383
2015-09-01;87.23786163330078;88.64413487648682;86.73038771729455;88.60134280845699;5514512
2015-09-02;88.68694305419922;88.70528948376754;87.54357990126637;88.49739906403667;4447592
2015-09-03;89.7447280883789;90.50901323723762;89.12719490035343;89.29839250966965;3769261
2015-09-04;87.86148834228516;88.90091079467336;87.62915236374323;88.39342726425853;4394351
2015-09-08;90.01982879638672;90.08708601049564;89.05989113239185;89.18217786338415;4114232
2015-09-09;88.68694305419922;91.12652049109079;88.56465629413502;90.94309523036407;3564559
2015-09-10;89.39009857177734;89.97706733684164;88.35679426093022;89.17609913623343;3620938
2015-09-11;90.1054458618164;90.18493079360299;89.06602301903527;89.2127651822366;3258395
2015-09-14;89.05377197265625;90.10542224011247;88.90702984792429;90.10542224011247;3375128
2015-09-15;90.20328521728516;90.44784900513424;89.12106044792691;89.63466294401633;2842087
2015-09-16;90.74132537841797;91.03480970502216;90.2093862562903;90.39281152073309;2927963
2015-09-17;90.57624053955078;91.5178319588457;90.06263812267086;90.55178514041148;4187138
2015-09-18;88.35675048828125;89.50622228479021;88.03269213014362;89.29834168295784;8342687
2015-09-21;89.56126403808594;89.86697601365339;88.60744501641256;88.89481056512564;4000950
2015-09-22;88.307861328125;88.69305826386028;87.90431796354947;88.42402935414326;3728049
2015-09-23;87.8370590209961;88.39345349966736;87.28066454232481;88.17334515157597;2797213
2015-09-24;88.2956314086914;88.69916500438319;86.7915268025058;87.18895142789692;3431194
2015-09-25;88.91314697265625;89.43285824843016;88.36898030299078;88.99263188217215;3634222
2015-09-28;87.14007568359375;88.88874473873611;87.1095015435761;88.30177589935498;4515896
2015-09-29;87.10946655273438;87.2256345758987;86.30238960214982;86.81598225093299;4982621
2015-09-30;88.63801574707031;89.09046984393227;87.83704786448602;87.85539429063779;4127725
2015-10-01;87.79425048828125;89.06600919954029;86.57141232965836;88.84590086825999;4059421
2015-10-02;88.39958190917969;88.40569088018364;85.94165791909445;86.2412512255181;3194902
2015-10-05;91.12651824951172;91.64622964794606;89.15774147173762;89.15774147173762;5367863
2015-10-06;90.96753692626953;91.80518793221839;90.79023042169004;91.13873446107264;3156933
2015-10-07;91.7685317993164;92.15983777705151;91.01648421918328;91.7379576652388;3117917
2015-10-08;93.1075210571289;93.55997517158166;91.27936793119054;91.52393165654426;5014942
2015-10-09;93.1748046875;93.63948663199659;92.49000459318162;93.21760652315874;3693531
2015-10-12;92.41049194335938;93.29094476116677;92.23318544110114;93.18088571925647;3376070
2015-10-13;91.48114013671875;92.19039551347856;91.21212098440327;92.19039551347856;4095822
2015-10-14;91.71958923339844;92.11090487601402;91.11428397978821;91.46890676681551;3507238
2015-10-15;91.7685317993164;92.47166857191777;90.84527687534109;92.2698968527385;3636105
2015-10-16;91.95194244384766;92.44719844683382;91.26103348314976;91.98862554365503;3643950
2015-10-19;91.23655700683594;91.69512004534369;90.72296445195994;91.62175386267712;8320616
2015-10-20;85.99058532714844;87.36017590399958;85.7643581815247;87.12172105526712;16762778
2015-10-21;86.16175079345703;87.22562887830978;85.17124865863094;85.75209849524985;7312168
2015-10-22;88.09996032714844;88.69915657279616;86.58974689422041;86.66312284202297;5840027
2015-10-23;88.46070098876953;88.95595691588473;87.86150474875377;88.4178991661818;5617438
2015-10-26;87.8370590209961;88.65636367505775;87.56192114619721;88.50351255308233;3649912
2015-10-27;84.29080200195312;87.94099961702052;83.96675332851918;87.74534666714167;15698891
2015-10-28;86.10675048828125;86.35132405970815;84.07071600492829;84.3275172790524;8902924
2015-10-29;85.93551635742188;86.10060491176097;85.00004382571143;85.81934835181494;3881078
2015-10-30;85.64816284179688;86.41243795699074;85.53810379013304;85.86827118638614;4167264
2015-11-02;85.82548522949219;85.91719785949607;85.33634794989172;85.9049701594115;3998021
2015-11-03;86.74874877929688;87.31126213823725;85.53812814255029;85.6115041174622;4549472
2015-11-04;86.59589385986328;87.21954570522637;86.39412213603448;87.15839743566208;3678677
2015-11-05;85.53202056884766;87.05446228732046;85.37305067247104;86.58367132900881;5331357
2015-11-06;85.3221664428711;86.12447162389964;85.08765101316051;85.5381731993447;4963165
2015-11-09;83.5077133178711;85.21723874752524;83.24233700427848;85.11849957052912;8447078
2015-11-10;83.60647583007812;83.77311301318434;82.77331946538636;83.53859755208646;4728757
2015-11-11;83.32872772216797;84.05697835092087;83.00780571972288;83.98909024653624;3310381
2015-11-12;82.10678100585938;83.13126422375599;82.08826740602055;83.13126422375599;4917664
2015-11-13;81.3106460571289;82.08209529323004;81.2489291332129;82.05123436870225;4826035
2015-11-16;82.52027130126953;82.7547916612137;81.3353271023631;81.3353271023631;4383577
2015-11-17;82.58815002441406;83.20530438944422;82.27339918043901;82.83501275545389;2944595
2015-11-18;83.82245635986328;83.87800207016684;82.85969031533938;83.18678845367072;4340063
2015-11-19;84.3902587890625;85.00741811879858;83.939736615472;84.06316060119667;4972266
2015-11-20;85.47645568847656;85.73565589929446;84.7050016293888;84.77906586839237;5414514
2015-11-23;85.45179748535156;85.7048315009936;84.62479745221316;85.49500081735896;5374243
2015-11-24;85.53816986083984;85.99486815379734;84.74204083548173;84.95187145916779;3564454
2015-11-25;85.16788482666016;85.43326118907187;84.78524089457724;85.39623399088674;3387157
2015-11-27;85.45179748535156;85.66780429510764;84.68034318618254;85.1679025396641;1480927
2015-11-30;86.04422760009766;86.34046482817604;85.48879018515838;85.5443358967077;4754698
2015-12-01;87.19216918945312;87.26622358820862;86.14299625512955;86.14299625512955;4388075
2015-12-02;86.21707153320312;87.14897701328941;86.09363766920826;86.97617354380878;3896768
2015-12-03;85.73564910888672;86.8527099274438;85.28512698745939;86.46389979173355;6181442
2015-12-04;86.66756439208984;87.03168973465635;85.16169343309517;85.22341526928305;4781894
2015-12-07;86.12445068359375;86.65521310910964;85.66776233412929;86.50091838473868;3430252
2015-12-08;85.19873809814453;85.8220636875861;84.87781604213937;85.34068060357836;4084839
2015-12-09;84.31004333496094;86.30346418901082;84.0755180196304;84.78525039059082;4827290
2015-12-10;84.41493225097656;85.07529481218194;83.7607458133672;84.569226987831;4416526
2015-12-11;83.051025390625;83.58795420821214;82.64369668408362;83.45835409716638;5579155
2015-12-14;83.89033508300781;84.01994500931036;82.71156245261565;83.50770112745055;5380415
2015-12-15;85.03828430175781;85.76652526370296;84.72352849299024;84.79759273928565;4433471
2015-12-16;85.9639892578125;86.1861720837548;85.03826031730637;85.85907396790688;4545393
2015-12-17;84.39640808105469;86.09359077309881;84.1248556982396;86.00101788809823;4277617
2015-12-18;83.25469207763672;84.52603797725122;82.86588188332227;84.18659737895177;10487301
2015-12-21;83.6249771118164;83.82864145463326;82.711580556355;83.82864145463326;5875905
2015-12-22;85.12467193603516;85.28513296041453;83.71754991064425;83.85950226315077;4459935
2015-12-23;85.50112915039062;85.97634589102341;85.23575285055254;85.35301054229645;5402485
2015-12-24;85.3221664428711;85.7109766344679;85.23576965044874;85.43325788340688;1563979
2015-12-28;84.92718505859375;85.19256139536861;84.26682242849883;85.00741557205023;3287996
2015-12-29;86.26641082763672;86.43921423640016;85.29130236022976;85.32215342767816;4125110
2015-12-30;85.99485778808594;86.67372902133498;85.92080340639778;86.14297640173915;3126912
2015-12-31;84.93336486816406;85.84676158239678;84.9025137928796;85.828252907282;3621357
2016-01-04;83.90269470214844;83.91503710000491;82.84735565861622;83.68668796424389;5469952
2016-01-05;83.84097290039062;84.4828169149179;83.22381367868724;84.40258641310199;4105341
2016-01-06;83.42132568359375;83.67435965768021;82.464735512095;82.93377626046293;4509201
2016-01-07;81.99568176269531;83.32874455175389;81.7303054148112;82.51409698488332;7348987
2016-01-08;81.23656463623047;82.58814076916372;81.04524271664646;82.19315945873588;4981784
2016-01-11;82.22401428222656;82.5881395964891;81.31679398333316;81.34764997389009;5203222
2016-01-12;82.0203628540039;82.56346281647849;80.92799173034446;82.4832323081063;5312320
2016-01-13;80.95269012451172;82.87205144916977;80.90949172628285;82.39067324320798;4916305
2016-01-14;82.02653503417969;82.5696350031526;80.98353841286139;81.42171815222696;5972242
2016-01-15;80.24913024902344;80.7737167114807;79.53322674121775;80.23678784934154;9422891
2016-01-19;79.06416320800781;81.52662883907388;79.03330721769896;80.29848162257173;10438662
2016-01-20;75.20692443847656;76.52147337659312;72.82469418970089;73.10858900619401;16901059
2016-01-21;75.85494995117188;77.20652617415463;74.41696709736961;74.8613229481332;9258774
2016-01-22;75.6019287109375;76.98436617399977;75.15140648180159;76.94116284853045;9663366
2016-01-25;75.34271240234375;76.66960394380644;75.07116486497145;75.35505480061445;5696516
2016-01-26;75.65745544433594;76.28695709223373;75.44144872149258;75.44761991999052;4830219
2016-01-27;74.6514892578125;76.13884173711317;74.46017224591009;75.74386039064547;5257614
2016-01-28;75.4291000366211;75.805567739305;74.68234075437483;74.8366305542385;4123855
2016-01-29;77.01519775390625;77.01519775390625;75.88579955144809;76.08328774061386;8627513
2016-02-01;77.03990173339844;77.32379167352153;76.34868309308033;76.7745204658345;3739345
2016-02-02;75.87348175048828;76.6140700876369;75.68833097234632;76.32400890795205;3438516
2016-02-03;76.97200012207031;77.4225222127705;75.47230539379753;76.52147310623194;6509781
2016-02-04;78.7802963256836;79.30487786494113;77.14482493385461;77.1941994579043;5508759
2016-02-05;79.34807586669922;79.3912791879872;77.66940618842392;78.51490976444178;7507874
2016-02-08;79.16724395751953;79.49768319524712;77.39037803087845;78.55625427413672;7702744
2016-02-09;77.35298919677734;79.13608973848773;77.16594723387618;78.6310868870924;6231231
2016-02-10;74.9339599609375;78.11361894019785;74.71575177739983;77.93281616797049;6766679
2016-02-11;73.47505187988281;74.6035179957591;72.88275979087206;74.05487052427985;7643750
2016-02-12;75.46390533447266;75.47013956973663;73.78679156407381;74.35414180122538;5163579
2016-02-16;76.5237808227539;76.74199395713583;75.6509332606727;75.9564306537181;4248224
2016-02-17;78.61861419677734;78.9116381313302;76.84174300957666;77.12853768535851;5042766
2016-02-18;82.57759094238281;83.54395688379087;80.89424333714497;81.05010913256214;10409374
2016-02-19;82.97037506103516;83.32575127454706;81.57382206920525;82.52148533797552;5361064
2016-02-22;83.40057373046875;83.73724229356168;82.55266311282126;82.97038169945311;4662440
2016-02-23;82.54644012451172;83.1761376952073;82.30329002076812;83.00780339072689;3597926
2016-02-24;82.79580688476562;83.22599390760838;80.85060646781245;82.01647788100703;4312240
2016-02-25;83.85569763183594;83.86193684174424;81.59876544416194;83.10131048293951;4558782
2016-02-26;82.31575775146484;84.11756617745587;82.26587889392202;83.86194760537404;4587965
2016-02-29;81.69227600097656;83.14494204750176;81.61122598539981;82.29703648859704;4631688
2016-03-01;83.77462768554688;83.94296690232146;82.31572761039632;82.44665645385034;3962771
2016-03-02;84.97795104980469;85.68870371323034;83.05768693769;83.35695016956443;5457191
2016-03-03;85.91314697265625;86.01290470118788;84.83455944614526;85.55154137693444;5393594
2016-03-04;85.91314697265625;86.92315292659467;85.42684670399379;85.75104688310209;4150946
2016-03-07;87.37825775146484;87.60270012693805;85.33329963257233;85.58891815357237;5408866
2016-03-08;86.70491790771484;87.50294959077947;85.67620464707495;87.10392877380117;5835739
2016-03-09;87.54035949707031;88.63765436159441;86.80467011433146;86.85455393832743;4609199
2016-03-10;87.40320587158203;88.20123768222452;86.09393695352193;88.05784530605885;4205548
2016-03-11;88.7560806274414;89.10521752625205;87.60267305914803;88.36329912855713;4625307
2016-03-14;89.01799011230469;89.2736087031699;87.93316344074817;88.53791913372709;4235045
2016-03-15;89.13018798828125;89.36086958872983;88.24487694399218;88.36957158359279;3878045
2016-03-16;90.27113342285156;90.3272465118847;88.60025897601125;88.9182198793409;4416107
2016-03-17;91.67391204833984;91.8484805580843;90.05915084548053;90.2648855510022;6089394
2016-03-18;91.70508575439453;91.96694348748852;90.72001706459127;91.89836193717564;12645826
2016-03-21;92.66523742675781;92.71511131010878;91.47442383004429;91.83602938612792;3892794
2016-03-22;92.33478546142578;93.07046486466925;92.17267547835726;92.30983857495148;4269667
2016-03-23;90.65142822265625;92.29113613785704;90.48308898973083;92.27242846167924;4983353
2016-03-24;92.24124908447266;92.40958831149631;90.08407498075219;90.38956734166878;5276547
2016-03-28;92.52184295654297;92.67770381395788;91.79239264990952;92.11659278619105;3415295
2016-03-29;93.1016845703125;93.36977167959283;91.96074460190914;92.01685770866955;3282871
2016-03-30;92.52802276611328;93.7749487626082;92.47190970314655;93.48815419127213;3484435
2016-03-31;94.42337036132812;95.45208354946467;93.12033100278416;93.38842791525936;7092508
2016-04-01;95.09049224853516;95.36481845972568;93.67522652789627;93.83732657071018;4106073
2016-04-04;94.80994415283203;95.71396292723267;94.71018644530554;94.97827346759692;4112035
2016-04-05;93.51937103271484;94.51690828375415;93.3011578932575;94.41092131907905;3490502
2016-04-06;93.53184509277344;93.6128951236512;92.15399456785143;93.45703427237576;4387552
2016-04-07;92.42830657958984;93.26997295849193;92.27243580142046;92.93954362627204;3831498
2016-04-08;93.11412811279297;93.51313906374858;92.34727241115093;92.93332036729785;3445315
2016-04-11;93.05178833007812;94.73514150507418;93.03309059757977;93.68149094329193;4023021
2016-04-12;93.28865051269531;93.5879135533614;92.63401136737708;93.27618204857498;3761207
2016-04-13;94.28619384765625;94.28619384765625;93.28865694392614;93.98693078635924;3314146
2016-04-14;94.24259185791016;95.24013916358533;93.75629165113745;94.45457576019949;3322619
2016-04-15;94.59174346923828;94.8286543733429;94.11791171013421;94.16778559502048;3825850
2016-04-18;95.09671783447266;95.47703098959994;94.4483176882602;94.59171999806787;6884458
2016-04-19;89.77859497070312;91.61781865455936;88.91198158865825;91.31855547721644;13796949
2016-04-20;91.09407806396484;91.77365426098109;89.77857027772693;89.92820182524326;7064998
2016-04-21;93.08294677734375;93.59418388329826;91.31231463544428;91.3871354038901;6294514
2016-04-22;92.58415985107422;94.14281775110406;91.96069669106228;93.17021760969942;5430727
2016-04-25;92.77743530273438;92.83354837982773;91.71754594870593;92.37218524693965;2979949
2016-04-26;92.94579315185547;93.38845869570213;92.21011356722859;92.67770610191116;3116871
2016-04-27;93.81239318847656;94.00566938558427;92.87719830198225;93.11411911632284;3254315
2016-04-28;91.69259643554688;93.63156717928806;91.48062257417799;93.36347029763373;3965909
2016-04-29;90.9881362915039;91.86098907712235;89.89708026037677;91.33104416455343;4420187
2016-05-02;90.57038116455078;91.6489682894019;90.04667567429985;91.37464210126916;3663510
2016-05-03;89.85966491699219;90.33973593939633;89.0928090743889;90.18386510582245;3749178
2016-05-04;89.93445587158203;90.40204831540876;89.34839805121227;89.37957419776492;2695647
2016-05-05;91.31855773925781;91.8360241266249;90.68262595937493;90.99435761425454;6800255
2016-05-06;92.71600341796875;93.14404263665216;90.94087241351242;91.18636904078988;5121007
2016-05-09;92.74746704101562;93.288815408544;92.53973683710679;92.974075415419;4500310
2016-05-10;94.40299987792969;94.44706569229486;92.9992635688841;93.31400359775276;4176364
2016-05-11;93.76092529296875;95.10801695485162;93.62873790487662;94.23932970573632;3235278
2016-05-12;93.69168853759766;94.03790558684511;92.60269224668122;93.92459636219587;3398663
2016-05-13;92.98665618896484;94.33373761704283;92.79781421876703;93.66020192646549;2508308
2016-05-16;94.08197021484375;94.4155884154325;92.8104213054686;92.94260870127496;3210279
2016-05-17;93.16292572021484;94.1071457838971;92.71599830602644;93.92459315563067;3651168
2016-05-18;92.74746704101562;93.49024619100523;92.1305758507367;93.15662802738571;2605691
2016-05-19;91.23043060302734;92.48938065172806;90.61982872755522;92.20611764428978;3855138
2016-05-20;92.69083404541016;92.85449847811454;91.62071580991544;91.72143624808987;3840389
2016-05-23;92.38864135742188;93.1314203475729;92.31939797101941;92.91740081519545;2200575
2016-05-24;93.35806274414062;93.63503636102463;92.45790853619216;92.45790853619216;3064048
2016-05-25;95.48568725585938;95.73748324623165;93.4776488945257;93.74832305367578;4555644
2016-05-26;95.95782470703125;96.001880475783;95.08284800353717;95.39758804177804;3203793
2016-05-27;96.20960235595703;96.26625696449086;95.77526375309724;95.90116176684747;2570127
2016-05-31;96.77613067626953;96.82018643768255;95.85078888888935;96.03334149661445;6105084
2016-06-01;96.0018539428711;96.48025826689921;95.39126225527035;96.31030452043765;2785916
2016-06-02;96.62506866455078;96.62506866455078;95.7563813590679;96.05224321641566;2764160
2016-06-03;96.24107360839844;96.33549460132618;95.49199503947881;95.93262299083358;2435402
2016-06-06;96.1404037475586;96.90837093765366;95.89490702747209;96.36702228728733;2488120
2016-06-07;96.51807403564453;96.89575811231623;96.09631409058704;96.50547518929035;4670390
2016-06-08;96.93980407714844;96.99645868642975;96.33550164071424;96.64394223389323;3070010
2016-06-09;96.57469940185547;96.78872904340439;96.14036079068327;96.25995938491876;2114803
2016-06-10;95.91373443603516;96.51803676288554;95.59269505729976;96.17810916883992;3264148
2016-06-13;95.22759246826172;95.99555911128722;94.59811260154464;95.44791142630493;3776478
2016-06-14;95.08912658691406;95.54864277088464;94.67367621361963;95.22761339365368;2997627
2016-06-15;94.84993743896484;95.54865085959962;94.79957220238936;95.34093067882999;2364378
2016-06-16;95.08912658691406;95.23390276836487;93.79240018779453;94.5414787815912;2561759
2016-06-17;95.6745376586914;96.1340638745886;94.79956108305906;95.0261795037547;4878439
2016-06-20;96.69429779052734;97.36154414442314;96.0081632197866;96.05851840214135;3736417
2016-06-21;96.97126770019531;97.2985965008165;96.74465931781316;97.0405111039363;2887274
2016-06-22;96.25995635986328;97.38672900104137;95.85079535539629;96.78242658000562;2964050
2016-06-23;97.78961181640625;97.87144403506751;96.05854642525847;96.5936055581037;4151992
2016-06-24;92.27533721923828;94.80584555410563;92.0172518728635;94.40297400691306;9500609
2016-06-27;90.33028411865234;92.28166841603525;89.7008040166674;92.01728355818526;5248723
2016-06-28;91.7151107788086;91.73399899526673;90.78347964278215;91.13598600589387;4181594
2016-06-29;93.45248413085938;93.46507292741342;92.18723472524246;92.21870169316529;3522614
2016-06-30;95.54232788085938;95.62416005872211;93.5846449851853;93.70425358892452;4149587
2016-07-01;95.901123046875;96.29139568031135;95.30311023473963;95.54231736897792;2780582
2016-07-05;95.47941589355469;95.68084669569733;94.9002910346038;95.17096524481504;2578599
2016-07-06;95.91373443603516;95.93891202516676;94.37151165595624;95.58640568347838;2687592
2016-07-07;96.05854034423828;96.74467507170883;95.61161288144123;96.15296135618341;2236766
2016-07-08;97.22933197021484;97.31746357288954;96.36065497175855;96.93977966867763;3180468
2016-07-11;97.7770004272461;98.22393786200469;97.25454026129539;97.3174842430592;2964050
2016-07-12;98.85344696044922;98.90380216068007;97.89663787449855;98.19877912281108;4020615
2016-07-13;99.47026824951172;99.67170902267135;98.86597607079685;99.30031452787738;2872734
2016-07-14;100.89292907714844;101.59795194691968;99.82282104582292;99.96759723543151;4850930
2016-07-15;100.57818603515625;100.70408404886065;99.77245281314273;100.65372886214878;4682733
2016-07-18;100.62854766845703;101.1887842648187;99.9172354704403;100.27603123331228;7039266
2016-07-19;100.45226287841797;102.06373896601994;99.388444520391;101.83712058868929;7447520
2016-07-20;101.57276153564453;101.79308054850638;100.46488714336601;100.6977949529407;4577610
2016-07-21;100.99995422363281;101.88123043303514;100.6474477586425;101.1888063020237;3680769
2016-07-22;102.01968383789062;102.0826278121105;101.01880934279335;101.20765131237624;2636025
2016-07-25;102.384765625;102.52954177027972;101.81822974323885;101.97560472864215;2933612
2016-07-26;102.0511474609375;102.98277853043473;101.57904255243442;102.38477563068983;3027752
2016-07-27;101.86863708496094;102.33445276679875;101.45947601941775;102.05117968532569;2262184
2016-07-28;101.5790786743164;101.85605234415661;101.1636181695561;101.58537809723391;2448058
2016-07-29;101.1069564819336;101.76790347698396;100.73556185968825;101.57276205654703;3710685
2016-08-01;101.62940979003906;101.75530779622058;100.61594641301024;101.12582781223712;2953486
2016-08-02;101.0817642211914;101.62941202021318;100.94328746296952;101.51611285439527;3222621
2016-08-03;101.13843536376953;101.25804401763105;100.59078747520692;100.79851771689032;2993338
2016-08-04;101.6923828125;101.78680382304273;100.79222847758015;101.25804415461819;2603599
2016-08-05;102.91987609863281;102.92616547492581;101.70498159367995;101.97565585359902;3987770
2016-08-08;102.88177490234375;103.66271823420593;102.58971158136897;103.31986481695672;3179108
2016-08-09;102.71034240722656;103.34525907835926;102.63414713716803;102.99605186912709;2863425
2016-08-10;102.90713500976562;103.27539348381329;102.8309498912216;102.97697643527846;2580168
2016-08-11;103.82776641845703;104.72935117107835;102.97063818787991;103.01507444253316;9171956
2016-08-12;102.82462310791016;103.7833519707571;102.55161116078138;103.61192020840316;2660083
2016-08-15;102.78015899658203;103.47220928579756;102.71666126460428;103.1103147750428;3107038
2016-08-16;102.03096008300781;102.8119031849578;102.0246062559949;102.29127445032447;2311869
2016-08-17;101.86587524414062;102.32301634597346;101.48491925909926;102.2023747105116;3374291
2016-08-18;102.45001983642578;102.85637097262828;101.86590337861269;102.15161284603315;3819992
2016-08-19;101.61189270019531;102.16427020024392;101.28173696533348;102.11982382046787;2944699
2016-08-22;101.58650970458984;101.94841434414202;101.0341321390717;101.58650970458984;2133108
2016-08-23;101.7515869140625;102.43729349645203;101.73254570180951;101.79603329881053;2968653
2016-08-24;100.98334503173828;101.70080050535813;100.51986022267387;101.51667126687069;3813507
2016-08-25;100.7166748046875;101.29444741445354;100.5833457820322;100.95159411784363;2693450
2016-08-26;100.51988220214844;101.86590067100292;100.22146508599026;100.87543310331408;2613849
2016-08-29;101.40874481201172;101.71984927218502;100.6341453746591;100.8436696684227;2589791
2016-08-30;101.20555877685547;101.68174106788824;100.83095663660612;101.43412424981236;1896712
2016-08-31;100.8753890991211;101.3706226669331;100.48173566807495;101.3706226669331;2430486
2016-09-01;101.29447937011719;101.3452795982411;100.38020700196084;100.5198898953301;2466886
2016-09-02;101.30081939697266;101.94843354746037;101.04684869204952;101.51034370847975;2421908
2016-09-06;101.8087387084961;102.13255081253367;101.02144177619394;101.5103317789225;3131829
2016-09-07;102.6277847290039;102.70396985147315;101.58651711938924;101.70714863014662;2999196
2016-09-08;100.95160675048828;102.35476897836286;100.79922636251622;101.93573051171178;4145507
2016-09-09;98.85005187988281;100.57067260606502;98.82465683453431;100.33575323604549;5424556
2016-09-12;100.50080108642578;100.65318144660935;98.31034227576943;98.57701043951424;4568405
2016-09-13;98.92622375488281;100.27225218119383;98.72940711296654;100.08176909921977;3803988
2016-09-14;97.80878448486328;98.96432998882842;97.38974596750414;98.85639597880709;4038188
2016-09-15;98.83099365234375;99.25638596657542;97.27545096285901;97.96751150208965;3813298
2016-09-16;97.67544555664062;98.66591303135434;97.44052620940498;98.43734751168822;6760926
2016-09-19;98.32938385009766;99.16747068098086;98.12620330091313;98.32938385009766;2562805
2016-09-20;98.062744140625;99.40876246728533;98.062744140625;98.96431882093094;2258419
2016-09-21;98.74845123291016;98.84368770985122;97.69449615903729;98.3548078038001;2587699
2016-09-22;99.11670684814453;99.82146493586517;98.85004874673997;99.14211202638505;2814891
2016-09-23;98.39922332763672;99.07224248562737;98.22780175874206;98.80557432616516;2826501
2016-09-26;97.76432800292969;98.06907861902839;97.43417221293547;98.06907861902839;2649832
2016-09-27;99.53575134277344;99.53575134277344;97.65639652038027;97.98020865908029;3124611
2016-09-28;100.50080108642578;100.71666904097991;99.19287557283845;99.67541169113738;3462260
2016-09-29;100.38652038574219;104.76109462398924;99.97382565889765;100.71667616721781;3530041
2016-09-30;100.85636138916016;101.48492410060774;100.35478401211775;100.88811025618524;3762357
2016-10-03;100.0690689086914;100.55160509384812;99.69446671576654;100.35478845718235;2330279
2016-10-04;99.33891296386719;100.65319244738131;98.9325720480966;100.10716867503481;3016769
2016-10-05;99.73255157470703;100.20873384753646;99.50397597679384;99.72619774867886;1761987
2016-10-06;99.60558319091797;99.95479033948936;98.977020457185;99.5801881498756;2039805
2016-10-07;98.83733367919922;100.12620796371645;98.32304865054651;99.77065713582861;2794807
2016-10-10;99.69446563720703;100.62779926268735;99.46590013458267;99.49764900267054;2595440
2016-10-11;98.27861785888672;99.65004144168525;97.70719896632656;99.51035856562919;3034760
2016-10-12;97.96113586425781;98.39288191010911;97.19289036532498;98.39288191010911;3100344
2016-10-13;97.59925842285156;97.91671671979132;96.678622268139;97.58655076797358;3043755
2016-10-14;98.062744140625;98.74845082524848;97.83417862364924;98.07544166191832;4558677
2016-10-17;98.26589965820312;98.97701141087282;97.99288779140716;98.06272921473806;6161358
2016-10-18;95.69448852539062;95.87226391826341;93.83418552578878;95.25004497636169;13358048
2016-10-19;96.0373764038086;96.79292462923561;95.76436445685147;96.04372009850422;4846013
2016-10-20;96.20243835449219;97.07861797054294;95.88498006261804;96.05005796904476;4208163
2016-10-21;95.0024185180664;95.96749062920539;94.9579721409379;95.60558605410503;4617253
2016-10-24;95.59925842285156;96.20242606022133;95.49132444147313;95.49132444147313;2789368
2016-10-25;95.79608154296875;95.97385695972432;95.1294262635592;95.59926491273295;2769285
2016-10-26;96.3865737915039;97.10401924078683;95.40244998346327;95.68815942436672;2941038
2016-10-27;97.36436462402344;97.81515207848551;96.51992350855889;97.02785489017931;4423848
2016-10-28;96.89447784423828;98.05636663098707;96.62146600182446;97.80874982502658;3822607
2016-10-31;97.58018493652344;97.98652578955127;96.98971486758668;96.98971486758668;3716647
2016-11-01;97.00881958007812;97.71993173891087;96.34216396494165;97.45961724279277;3338727
2016-11-02;96.4754409790039;97.36432816425439;96.2976655686928;96.81195058683615;3215822
2016-11-03;96.74210357666016;97.61193936521248;96.3801989502031;96.83098620983729;3011225
2016-11-04;96.78019714355469;97.54844265422619;96.42464633974758;96.76114579797077;2584038
2016-11-07;98.86909484863281;99.11671174571343;97.67545676022566;97.7706932488184;3979925
2016-11-08;99.41365051269531;99.90056425618835;98.06182244940322;99.02283722411013;4102307
2016-11-09;99.18299102783203;99.66350347852268;96.7420213183809;97.99774879746656;5652270
2016-11-10;102.64905548095703;103.25129383546862;100.9640765174386;101.00892612135893;8070727
2016-11-11;103.32177734375;103.36661672572295;102.07886239747168;102.4888998838419;4651144
2016-11-14;101.36134338378906;103.69980229502438;100.9577172320164;103.30899908595347;5435539
2016-11-15;101.65599060058594;101.9635160936199;100.9384379339244;101.49582661184513;3636942
2016-11-16;102.0532455444336;102.21982105040769;101.24599344230843;101.52148212901487;2356429
2016-11-17;102.37999725341797;102.46328501630289;101.77135748243289;102.00840805569234;2365215
2016-11-18;102.75801086425781;102.96943603335612;102.00201965819247;102.38001014840908;3118754
2016-11-21;104.28280639648438;104.43015772657708;102.74517839467745;102.95019205304168;4850407
2016-11-22;104.21869659423828;104.4301216496506;103.75740835305504;104.4301216496506;2898257
2016-11-23;103.77665710449219;104.03292159319089;103.37943231984714;103.75103167818523;2356324
2016-11-25;104.51983642578125;104.5518733218031;103.68055769041898;103.68055769041898;1679144
2016-11-28;105.40398406982422;105.49367307052556;104.23795548129664;104.55829379220432;4654072
2016-11-29;104.76970672607422;105.33350705099276;104.44937864680844;105.07083107256656;3293017
2016-11-30;103.9304428100586;104.94270872621549;103.92403133925329;104.65440727823302;4600099
2016-12-01;102.392822265625;103.91763783709696;101.41899442484521;103.75746353697332;4848942
2016-12-02;102.52092742919922;102.6939143918718;101.48943757368872;101.86743816848417;2866981
2016-12-05;102.40560150146484;103.24489042721902;102.24543747933821;103.05268951041559;3605667
2016-12-06;102.73236083984375;103.0142609978315;101.82259679616948;102.59141076084987;2990514
2016-12-07;105.57695007324219;105.82681331676241;102.7579793597606;102.89252818555308;4639115
2016-12-08;105.94212341308594;106.35216085225764;105.21175796524837;105.62819664726705;3416654
2016-12-09;106.68533325195312;106.81346039093441;105.45523091269591;105.82682006700085;3291657
2016-12-12;106.0318374633789;106.85830347465445;105.75633856732475;106.81345386593597;3548346
2016-12-13;107.8193359375;108.88286287934002;106.14716923348028;106.14716923348028;6205186
2016-12-14;107.96027374267578;108.84440211968602;107.28115901132118;107.87057452078484;4313913
2016-12-15;107.64637756347656;108.81880767212535;107.49261472905226;107.6399660919607;3544476
2016-12-16;106.81983947753906;108.344643999828;106.39058812800819;108.25495502973092;7448148
2016-12-19;106.787841796875;107.15944120058953;106.35218904520042;106.88394227007558;3091871
2016-12-20;107.37727355957031;107.79371237518721;106.64049640689188;107.30679851187892;2274632
2016-12-21;107.2042465209961;107.59505975977657;105.87164280876205;106.51231924358642;3740182
2016-12-22;107.03128051757812;107.78087018066869;106.72375498005974;107.22348142212012;2931520
2016-12-23;106.80706787109375;107.30679443082863;106.64049235118213;106.99286757623766;1779455
2016-12-27;107.08253479003906;107.62069938509399;106.89673512270454;106.98002286571167;1461785
2016-12-28;106.47393035888672;107.46698235986756;106.35220443863139;107.17867067290528;1838345
2016-12-29;106.73658752441406;106.98645079187065;106.35218564390546;106.36499835821375;1740021
2016-12-30;106.34576416015625;106.8006410393431;106.03183735071835;106.63406554339055;3088629
2017-01-03;107.11457824707031;107.55024117012118;106.35857704469977;106.99285235959238;3069278
2017-01-04;108.44075775146484;108.83157101893586;107.22347857131138;107.48615449728524;3536944
2017-01-05;108.08199310302734;108.52405726481155;107.15942664052749;108.43436827397143;2805686
2017-01-06;108.61373138427734;108.86359456804024;107.32597733541317;108.07556688670185;3080993
2017-01-09;107.40929412841797;108.78674774576525;107.39006994537777;108.57532263484019;3336635
2017-01-10;106.04466247558594;107.69119344535895;105.9293378185427;107.6207184022359;4308160
2017-01-11;107.47334289550781;107.47975436418137;106.09588946785188;106.38419081997674;3765077
2017-01-12;107.60149383544922;107.63993197546422;106.07027744804147;107.48616918977507;3062165
2017-01-13;107.21070098876953;107.94106669105031;106.91598807444772;107.61432710008107;3007668
2017-01-17;107.56304931640625;107.74883876160841;106.4290475609971;106.79423543355502;3468222
2017-01-18;106.86470031738281;108.01150445083817;106.79422529207943;107.28113900070845;4192159
2017-01-19;106.87113189697266;107.28116945382556;106.22405399982681;106.96723237227887;7283716
2017-01-20;109.26722717285156;109.32488948426202;106.35215651753379;107.51177331144767;13273740
2017-01-23;109.5748062133789;109.71575632665618;108.9213167408593;108.96616636338064;5730197
2017-01-24;112.69483184814453;112.75890562487488;109.65803546455015;109.78617279238418;7272210
2017-01-25;114.2260513305664;114.84110234233967;112.84219677970358;112.92548451148008;6194935
2017-01-26;114.4631576538086;114.60410776490185;113.72638041900797;114.07875569674113;3204839
2017-01-27;113.59185028076172;114.80913005300202;113.5918502807617;114.34144028852432;3642486
2017-01-30;112.63079833984375;113.44446189684133;111.84917167975678;113.38679957265401;4283161
2017-01-31;111.81072998046875;112.48984468420663;111.22771573877486;112.15029244515223;4329394
2017-02-01;111.66340637207031;112.56675911993234;110.76645486959737;112.11828336869587;2924302
2017-02-02;111.84915161132812;112.09901482088877;111.18926118764988;111.62491382444637;2741043
2017-02-03;112.64361572265625;112.9767667423218;112.04778872407205;112.11826376481898;3461528
2017-02-06;112.66922760009766;112.74611410149697;111.72103573744909;112.31686266437228;2772737
2017-02-07;114.33499908447266;114.43750079120274;112.69485929487064;112.7589330872061;4051681
2017-02-08;113.76025390625;114.61909286233784;113.57298516951515;114.61909286233784;3047103
2017-02-09;114.43186950683594;114.81285898771031;113.5924063997316;113.76029902115246;3232872
2017-02-10;115.38111114501953;115.50380983932807;114.14129262911484;114.5351961484578;3065512
2017-02-13;115.82019805908203;116.16889727600008;115.4844128645326;115.74271392487016;3235696
2017-02-14;116.31741333007812;116.31741333007814;115.16799329926046;115.31004753229335;2904219
2017-02-15;117.31828308105469;117.473261610609;116.1107450443337;116.36258386654956;3048358
2017-02-16;117.15689086914062;118.03509595177798;116.79526731136508;117.16980489193803;3401069
2017-02-17;116.66613006591797;117.24729202610669;116.23348452493758;117.0406573495829;3715915
2017-02-21;116.40135192871094;116.74358892721393;115.66520123741797;116.62090058082535;4686394
2017-02-22;116.97608947753906;117.09877785284544;116.29159470623544;116.29159470623544;3159443
2017-02-23;117.29893493652344;117.84780657574278;116.82753711407271;117.52493544924153;2387495
2017-02-24;117.10523223876953;117.19564071083066;116.16245697961317;116.36909166456;3451905
2017-02-27;115.84603118896484;117.04065560912083;115.76854705135175;117.00191354031429;3861100
2017-02-28;116.11725616455078;116.64029990415438;115.81375083353248;115.83312702282596;3423976
2017-03-01;117.49269104003906;117.88013238627566;116.25286224170752;116.54344325138497;3143858
2017-03-02;116.57569885253906;117.44745192921796;116.51112874949952;117.44745192921796;3052437
2017-03-03;116.26575469970703;117.08585178533227;116.07849622678692;116.57571184179514;1905812
2017-03-06;116.53695678710938;116.87274193586646;115.95578463384778;116.05264494164456;3351802
2017-03-07;116.47883605957031;117.06646005737596;116.36259957009821;116.6919328547756;3117603
2017-03-08;115.8782958984375;116.84690924433698;115.78143559449559;116.71775873692094;3721040
2017-03-09;114.4124755859375;115.74916449127716;113.57301260893072;115.68459438015441;5694529
2017-03-10;114.83222961425781;115.90415541198334;114.5674663642432;115.07760636914699;3242914
2017-03-13;113.94754791259766;114.98073150896039;113.9217198686609;114.84512912505137;3642381
2017-03-14;113.46968078613281;114.17999311143552;113.14034751021873;113.76672385883481;3292285
2017-03-15;113.52780151367188;113.83129644976945;112.84330690688729;113.46322110583448;3991013
2017-03-16;114.45121002197266;115.58771594499203;114.1799949847983;115.2390167866139;4510143
2017-03-17;113.42449951171875;114.16064002593971;113.42449951171875;113.83777915441733;6193366
2017-03-20;113.4567642211914;113.7667213069295;113.09515105665704;113.42447401870363;2590001
2017-03-21;112.28152465820312;113.79900969111357;112.25568631039751;113.65694515734712;4108374
2017-03-22;112.86266326904297;113.04346982756833;111.5840930348833;112.38481368348351;3609223
2017-03-23;112.8885269165039;113.43740892746963;112.07489199323369;112.63668802627656;3912040
2017-03-24;112.24925231933594;113.32764020840611;111.96512320657993;113.08225316380339;3369898
2017-03-27;112.21053314208984;112.46237209618519;111.12568286711041;111.51312424064642;3408914
2017-03-28;112.68839263916016;113.00480174708285;111.71331664950706;112.32031711892424;3685999
2017-03-29;112.32028198242188;112.67543305861544;112.01032483144694;112.55274469241189;3227538
2017-03-30;112.26861572265625;112.74001361414106;112.15884137873644;112.26861572265625;3314042
2017-03-31;112.44940185546875;112.97244538696707;112.1588106641035;112.34607939781893;3047730
2017-04-03;112.68189239501953;112.92081726346284;111.95866593188417;112.24278472441185;4483679
2017-04-04;112.6948013305664;112.97893041675187;111.88116644302197;112.0490590291349;3251909
2017-04-05;111.63581085205078;113.86361912160035;111.59060661497087;112.81105917722675;6525889
2017-04-06;111.35809326171875;112.01674947087544;111.22895306892714;112.01674947087544;3593428
2017-04-07;111.15794372558594;111.66807335847902;110.60259955617471;111.11919135327952;3753362
2017-04-10;110.55094909667969;111.42915416582007;110.42179856420779;111.40978828516292;3964235
2017-04-11;110.1506118774414;110.57034344706193;109.11741775442731;110.19580581072037;5116927
2017-04-12;110.20226287841797;110.55096214270402;109.78898318703361;110.447639643237;3427637
2017-04-13;109.4725570678711;110.65426738949897;109.4725570678711;109.72439595872797;3352953
2017-04-17;110.48635864257812;110.61549884479211;109.53065930731076;109.61460559199017;3891329
2017-04-18;109.8083267211914;110.86733822323916;109.6662621916034;110.28617639108533;6637393
2017-04-19;104.40995025634766;105.02341274068787;103.06035752635852;104.4551544910225;20171378
2017-04-20;104.80384826660156;104.86842868605002;103.64151408783702;104.17101993360528;6785193
2017-04-21;103.56405639648438;104.68118662818127;103.56405639648438;104.64244455050924;5865759
2017-04-24;103.80293273925781;104.33243847233985;103.58983595209642;104.15163188803086;5565348
2017-04-25;103.57050323486328;104.63597731134097;103.56405137547331;104.46808467641684;5083978
2017-04-26;103.35736083984375;104.02893108378173;103.24758652019699;103.66086606610965;4526879
2017-04-27;103.5252685546875;103.62859103290987;103.07970904785147;103.50590267572692;4312240
2017-04-28;103.50591278076172;103.69963342816973;103.12492334406858;103.6415151726508;4345189
2017-05-01;102.569580078125;103.58984961936498;102.47917162080218;103.3509247609909;5162324
2017-05-02;102.73748016357422;102.98931906187882;102.44043703330874;102.95702885240928;3355777
2017-05-03;102.4339828491211;102.96349903844828;102.36295056664366;102.50501513159853;4176992
2017-05-04;102.7052001953125;102.76331845555994;102.2596406087267;102.60187769859665;4477508
2017-05-05;100.12222290039062;100.5936208050689;98.79845826536334;99.13424347097833;13097280
2017-05-08;99.78316497802734;100.07006971961589;99.24197155187792;99.63319772156004;7836632
2017-05-09;99.18326568603516;99.82879081819357;98.82463483085631;99.5027656063483;7168238
2017-05-10;98.62249755859375;99.35279945273813;98.54425650234451;98.8833218937518;5229895
2017-05-11;98.23127746582031;98.5573027011091;97.6705186402759;98.49210181691704;5886783
2017-05-12;98.0487060546875;98.62903035778267;97.80744716880908;98.00306023148575;3886204
2017-05-15;98.7920150756836;99.00067867461598;98.10084422302043;98.21169090592461;4440793
2017-05-16;100.20697784423828;100.40911618368517;98.88983680635856;98.88983680635856;5767330
2017-05-17;98.41384887695312;100.50692731776942;98.38776852366632;99.9592086772545;5430309
2017-05-18;98.31604766845703;98.6746785634663;97.87917570935373;98.36820837785304;3424813
2017-05-19;99.09849548339844;99.41148050716542;98.387759092226;98.4660001445862;5902578
2017-05-22;99.52882385253906;99.659235989745;98.85069322766165;99.17671836709589;3453997
2017-05-23;99.131103515625;100.20698577102884;99.05937733812046;99.48321951819162;2682467
2017-05-24;99.44408416748047;99.6071019844539;98.60946083577595;99.24847111284353;3904090
2017-05-25;99.89400482177734;100.2395955464592;99.73099739802055;99.92661046939466;2701504
2017-05-26;99.4310302734375;99.7635807461727;99.15065090666155;99.66577423234766;2555692
2017-05-30;98.93547821044922;99.54840808587464;98.84419698220648;99.07893054770814;3834636
2017-05-31;99.52233123779297;99.6331779367136;98.88332098895008;99.13109473863577;3706396
2017-06-01;99.54842376708984;99.67883594942849;98.87029290752663;99.63319012453525;3052333
2017-06-02;99.14415740966797;99.89400404169145;98.9811395800193;99.80923768428028;3750642
2017-06-05;99.3788833618164;99.71794876535961;98.90289090135428;98.99417213691223;4157955
2017-06-06;99.35279083251953;99.69185619450825;99.11153198593813;99.11153198593813;3971871
2017-06-07;98.44646453857422;100.54605807775322;98.32909252967755;99.79620101222532;5089522
2017-06-08;99.1767349243164;99.64621245233874;98.40732295995696;98.4594836606829;3879614
2017-06-09;100.48086547851562;100.5851973180505;99.03331193990378;99.11156342134645;4562129
2017-06-12;101.18505096435547;102.50219196935049;100.42867914396034;100.53952584115933;6769189
2017-06-13;100.57864379882812;101.38066141733464;100.5134429218954;101.35458106656155;3685581
2017-06-14;100.29175567626953;101.02857253943377;99.72447152827;100.39608750374198;3189359
2017-06-15;100.55908203125;100.86554174313521;99.9526670839943;99.9526670839943;4868398
2017-06-16;101.31551361083984;101.34159397527418;99.74407278556964;100.5656563010941;7052132
2017-06-19;100.96337127685547;101.62846195750626;100.7677582073402;101.40024324068351;4842457
2017-06-20;101.03511047363281;101.32201522970686;100.57867298118155;100.72864024522056;4687858
2017-06-21;100.27872467041016;101.58282580084945;100.01791068862178;101.58282580084945;4141846
2017-06-22;100.67645263671875;101.06116383739077;100.21350038192531;100.7742591579522;2485819
2017-06-23;100.4874038696289;100.85906463163596;100.28526545731756;100.63737115178957;3433181
2017-06-26;101.21764373779297;101.5567090777206;100.82641770161864;100.87857839786533;2252561
2017-06-27;100.90470886230469;101.2894202061037;100.74170140199188;101.06772672978475;2496279
2017-06-28;101.27633666992188;101.42630388549651;100.92423113178607;101.16548997921502;2323166
2017-06-29;100.50041961669922;101.55021115093318;100.16786907061199;101.29591207746377;3412261
2017-06-30;100.30480194091797;100.74168434004571;99.8548897706259;100.59823197125235;3735789
2017-07-03;101.44589233398438;101.73931194771102;100.10267075191526;100.14179128564578;2952335
2017-07-05;100.20044708251953;101.64800005864318;100.17436673456159;101.56974860760737;3728362
2017-07-06;99.34626007080078;100.3047701133079;99.26149373497142;99.99831040905163;2884345
2017-07-07;99.7244873046875;100.08311826164243;99.20284889913175;99.5158340238985;2573265
2017-07-10;100.0374526977539;100.34392287585406;99.5223396871846;99.70491257275954;3353685
2017-07-11;99.88746643066406;100.18741125953053;99.144134852933;99.9331122451538;3606085
2017-07-12;100.21998596191406;100.572101823992;99.79615435810948;100.07654407130046;3240403
2017-07-13;100.17438507080078;100.53953082337338;99.8874803764235;100.22002048449944;2590001
2017-07-14;100.57215881347656;100.81993262664388;100.02442965575666;100.42218114120027;3406194
2017-07-17;99.77011108398438;100.3373951963375;99.26803826239068;100.14830743032924;4981680
2017-07-18;100.41563415527344;100.60472189772747;99.11153338850424;99.34626694737103;7914873
2017-07-19;96.1968994140625;97.97046780160687;95.66222086204053;97.82050054190124;14951106
2017-07-20;96.28162384033203;97.0445207996736;95.87083236936647;96.1968575115163;7543961
2017-07-21;95.90348052978516;96.418593614059;95.53180941335813;96.23602070236076;6808937
2017-07-24;95.1927490234375;95.8773948770198;95.06885170657833;95.85131451783886;4055970
2017-07-25;95.32313537597656;96.1707988553129;95.21880356037991;95.57090912816857;4402509
2017-07-26;94.78191375732422;95.49916493359534;94.20158960736222;95.37527808087938;4113290
2017-07-27;94.59283447265625;94.8080129905503;93.66040463561247;94.54718865240652;6726617
2017-07-28;94.08424377441406;94.57328684507976;93.7908241763134;94.42330919635206;3195321
2017-07-31;94.33203887939453;94.50157160999525;94.00601359691888;94.14294067712228;4556062
2017-08-01;94.7428207397461;94.98406922483339;94.36462437427123;94.547197264737;3367597
2017-08-02;94.1885757446289;94.73629441002817;94.03859809566981;94.62544769994119;3703781
2017-08-03;94.50807189941406;94.76889624797772;94.1755317825178;94.1755317825178;3175028
2017-08-04;94.65149688720703;94.80146407961976;94.15593909393031;94.54716509651045;2666672
2017-08-07;93.549560546875;94.60587729081209;93.08008296940383;94.54719129273268;4830742
2017-08-08;93.6418228149414;94.07013264646726;93.56933880367372;93.56933880367372;3450440
2017-08-09;93.41777038574219;93.58909430705663;93.03558868060742;93.40459243157356;3060387
2017-08-10;93.46390533447266;93.84608706762002;93.061951410062;93.33211526600435;4733568
2017-08-11;93.46390533447266;93.95810494482501;93.25304753519718;93.86585925888332;3142184
2017-08-14;93.78018188476562;94.07011788433759;93.52977974410221;93.56932412013205;2352036
2017-08-15;93.61547088623047;94.45232900489394;92.63365523970461;93.93176289036118;4896849
2017-08-16;93.8988265991211;94.16899050453324;93.31237067831792;93.43097229624586;3439039
2017-08-17;92.71269989013672;94.15578574347408;92.71269989013672;93.91197782256232;4625517
2017-08-18;92.05375671386719;93.00921606362165;91.97467848593918;92.82471422128343;4343724
2017-08-21;92.46891784667969;92.52821339005119;91.67818790194981;91.98130192385656;3337472
2017-08-22;92.91697692871094;93.00923312536382;92.5018450780175;92.67316899998234;2661442
2017-08-23;93.66158294677734;94.26121670104044;92.69952914214319;92.71270709696371;4234522
2017-08-24;94.188720703125;94.67633652079118;93.73405502687778;93.8987952168511;3757441
2017-08-25;94.71588134765625;95.01241162052007;94.39300568257666;94.425955827811;3005053
2017-08-28;93.90541076660156;95.2562408172212;93.82634302093967;94.95971047817665;5319956
2017-08-29;94.32051086425781;94.51160696074581;93.50342518279116;93.63521523150283;3147937
2017-08-30;93.9383316040039;94.41276948129313;93.83949169420887;94.39959152779524;2861856
2017-08-31;94.24803161621094;94.6631634544587;93.98446202261734;94.24144789786014;3824594
2017-09-01;94.93994140625;95.21668901163805;94.21510120850948;94.21510120850948;3505878
2017-09-05;94.25465393066406;95.12445172774787;94.0306076146746;94.55776799314974;3239985
2017-09-06;94.76858520507812;95.1968949411204;94.55772745436207;94.80811906137727;3423872
2017-09-07;94.1623764038086;95.30893208845593;93.83950073631631;94.95310627548308;4380857
2017-09-08;93.8658447265625;94.32710463622774;93.33210081631785;94.32710463622774;3521045
2017-09-11;95.4538803100586;95.63178792108407;94.23484086846702;94.58408289018155;4825616
2017-09-12;96.04693603515625;96.44888993335839;95.2232665659002;95.61862622840353;5479053
2017-09-13;96.19851684570312;96.39619671509547;95.77020695631161;95.77679067615837;4289646
2017-09-14;95.90196990966797;96.45548606862019;95.88220823642702;96.11283821647002;3929717
2017-09-15;95.42756652832031;95.65819656640572;94.9399505364469;95.42756652832031;7737471
2017-09-18;95.2496337890625;95.86244554558691;95.06513189016933;95.420957732115;3158397
2017-09-19;95.14417266845703;95.53294854841613;95.0321548169869;95.40775274483897;3623762
2017-09-20;96.12602233886719;96.12602233886719;95.1639684933612;95.50003264836856;5698085
2017-09-21;95.71744537353516;96.13257713592982;95.61202176220957;95.97443120182137;2673158
2017-09-22;95.6318130493164;95.93492705999635;95.27598721664805;95.93492705999635;2920746
2017-09-25;96.1194076538086;96.22484179154428;95.48683437875742;95.62520813937472;5452903
2017-09-26;96.57411193847656;97.14080619443236;96.16557421094464;96.44233235999864;4695076
2017-09-27;95.98101806640625;96.79810357704184;95.56588633588653;96.65313560548013;3663824
2017-09-28;95.98101806640625;96.1128080875641;95.0255588179705;95.98101806640625;2902441
2017-09-29;95.598876953125;96.00083090345383;95.49344278812733;95.84268491451915;2776816
2017-10-02;96.6399917602539;96.77836554688751;95.68453217462734;95.77677786000875;3109967
2017-10-03;96.71905517578125;96.99581325382475;96.42912966039364;96.65974912212032;2408624
2017-10-04;96.52135467529297;96.87718040394955;96.27754679417937;96.8640024523045;2347642
2017-10-05;96.67951202392578;97.21983965651188;96.52136606839795;96.65315611752472;2810079
2017-10-06;96.52135467529297;96.76516255640658;96.41593106213264;96.62678880557354;2743867
2017-10-09;97.12100982666016;97.38458995226394;96.4357141206374;96.53455403845818;2806000
2017-10-10;97.85243225097656;98.14895200025332;97.29233237981666;97.3318662429624;4218100
2017-10-11;97.27257537841797;97.83266475935432;97.0485291089205;97.78654717536396;3872501
2017-10-12;96.88379669189453;97.45048029298562;96.71247276439047;97.2330282656637;3414458
2017-10-13;96.92991638183594;97.42411593094175;96.82448223670323;97.18030801548376;2621904
2017-10-16;96.75200653076172;97.30551217664993;96.5411487395361;97.00899242175866;3192497
2017-10-17;96.56092071533203;96.94311299178894;96.32370698953441;96.62022677606237;6665530
2017-10-18;105.12055206298828;106.24074150637809;103.420490445356;103.53250833798252;31892749
2017-10-19;106.02327728271484;106.06281114510587;104.83059355550233;105.29843721993498;10370253
2017-10-20;106.79421997070312;107.06438376822415;105.278660803856;106.13528028797649;8230765
2017-10-23;105.13372039794922;107.0841840533473;105.12712616151613;106.78107003701875;6045252
2017-10-24;102.71540069580078;105.23254769746572;102.24755703026476;105.19959755350105;8571656
2017-10-25;101.14714050292969;103.03828756066433;100.85720444558424;102.80107384282385;7239471
2017-10-26;101.21300506591797;102.21459254438481;101.17347120898077;101.68084866581002;4498323
2017-10-27;101.2657241821289;101.89172428918111;100.75834668868917;101.83241824093564;5120379
2017-10-30;101.71382141113281;101.86537315496827;100.62657174243284;101.31846171965032;4404078
2017-10-31;101.51612854003906;102.0894063294063;100.77152683739527;101.69403617152994;4527402
2017-11-01;101.4963607788086;102.06963859318438;101.36457072043396;101.54248887680805;3389249
2017-11-02;101.04830932617188;101.7994949286406;100.75837324372375;101.59522082354084;3553890
2017-11-03;99.88194274902344;101.12733805865261;99.82263670802392;101.09438792095949;4635663
2017-11-06;99.39434051513672;100.04010230251961;99.02533678438127;100.00715216034163;4705326
2017-11-07;99.73040771484375;99.83583134568929;99.17030786604991;99.74358566869944;3871351
2017-11-08;99.87535858154297;100.02031604907474;99.02532285958202;99.89512025037357;4847582
2017-11-09;100.02845001220703;101.0267392298078;99.73561595903864;99.78220512608726;4996219
2017-11-10;99.2697525024414;100.42110822969805;99.25644282980943;100.2613815358696;4505436
2017-11-13;98.76394653320312;99.1632579302;98.44449316670803;99.08339989969824;5342445
2017-11-14;99.09004211425781;99.1432807973314;98.15831204925385;98.46444509917022;3930868
2017-11-15;97.89875793457031;98.97024485812739;97.30644040511329;98.497724988317;4992872
2017-11-16;99.24308776855469;99.59582052534616;98.16494092958767;98.31801804459722;5697039
2017-11-17;99.1432876586914;99.9286113995925;99.05011995686482;99.38953251831335;5142659
2017-11-20;100.16822052001953;101.12658084864982;99.7622595012038;100.25473871820505;5937619
2017-11-21;101.12657165527344;101.4593347428315;100.62743233505915;100.69398070367252;3928985
2017-11-22;101.00676727294922;101.41939899773216;100.71394384821846;101.15984444397962;3361426
2017-11-24;101.0533447265625;101.2929400544071;100.71393217510752;101.12655322982127;1247878
2017-11-27;101.14653015136719;101.48594272665898;100.9069348066959;101.19976884029663;3529204
2017-11-28;101.47264099121094;101.77878472098936;100.96019201457236;101.3927829515706;4156490
2017-11-29;102.19140625;102.23134589222683;101.27298567919782;101.69891647015831;5333240
2017-11-30;102.47090911865234;102.76374311485493;101.87859160210242;102.25794376788822;6799837
2017-12-01;102.99668884277344;103.16972519968125;101.76546452545082;102.75709350413545;5824023
2017-12-04;104.12805938720703;104.354345020698;103.20297890393725;103.79529639418388;4878858
2017-12-05;103.38932800292969;104.3144085139151;102.94342749092306;104.12141298285958;5301128
2017-12-06;102.55743408203125;103.96834422989188;102.550784557446;102.55743408203125;3567592
2017-12-07;102.20469665527344;102.79036466023813;101.99839144647294;102.2180169483347;3944571
2017-12-08;103.02993774414062;103.17635472887834;102.19137546590973;103.14307524446284;3682234
2017-12-11;103.42927551269531;103.74872886967533;102.87022682685844;103.46254437995812;4291424
2017-12-12;104.3144302368164;105.05316489463239;103.26290232750203;104.6871329506862;6612603
2017-12-13;102.43099975585938;104.30778050563802;102.41769008277367;104.22126231945848;5922034
2017-12-14;102.49088287353516;103.22960679432701;102.29121656338886;102.89019424934085;4850720
2017-12-15;101.49263000488281;102.35781204248848;101.17982606819268;102.23136481135701;11798775
2017-12-18;102.04497528076172;102.61066281661701;101.96510663777804;102.21801161460985;5327069
2017-12-19;101.97843933105469;102.60403645706765;101.88527161915623;102.52416779605244;4305754
2017-12-20;101.79207611083984;102.41767313130323;101.67893859721465;102.25794645846669;3959842
2017-12-21;100.82706451416016;102.13149721228612;100.82040436773156;101.93849105501711;4344979
2017-12-22;101.49263000488281;101.82539314413478;100.82710372637888;101.0400691612709;3128168
2017-12-26;101.71221160888672;102.39769679355175;101.492586119941;101.49923564383731;2593034
2017-12-27;101.911865234375;101.94513409767349;101.56579257592517;101.79206758422161;2248168
2017-12-28;102.51749420166016;102.57073288167423;101.9584455725418;101.9584455725418;2811230
2017-12-29;102.10486602783203;102.97004771861766;102.10486602783203;102.6040158477425;3480147
